time,hour,temperature,cloudcover,humidity,precipitation,solar_irradiance,smoke_aqi_proxy
2026-01-01 00:00:00,0,31.28,100,67,0.0,0.0,86.8
2026-01-01 01:00:00,1,32.36,96,68,0.0,0.0,84.8
2026-01-01 02:00:00,2,32.72,97,68,0.0,0.0,85.4
2026-01-01 03:00:00,3,33.44,88,69,0.0,0.0,80.4
2026-01-01 04:00:00,4,33.26,98,71,0.0,0.0,87.2
2026-01-01 05:00:00,5,34.16,48,70,0.0,0.0,56.8
2026-01-01 06:00:00,6,33.8,74,71,0.1,0.0,72.8
2026-01-01 07:00:00,7,32.9,100,72,0.8,0.0,88.8
2026-01-01 08:00:00,8,28.76,100,67,0.2,0.0,86.8
2026-01-01 09:00:00,9,26.6,0,48,0.0,8.0,19.200000000000003
2026-01-01 10:00:00,10,25.880000000000003,0,38,0.0,142.0,15.200000000000001
2026-01-01 11:00:00,11,25.880000000000003,0,33,0.0,293.0,13.200000000000001
2026-01-01 12:00:00,12,26.240000000000002,0,32,0.0,409.0,12.8
2026-01-01 13:00:00,13,26.78,1,32,0.0,472.0,13.4
2026-01-01 14:00:00,14,28.22,86,36,0.0,480.0,66.0
2026-01-01 15:00:00,15,28.22,100,39,0.0,344.0,75.6
2026-01-01 16:00:00,16,27.68,75,40,0.0,199.0,61.0
2026-01-01 17:00:00,17,26.78,7,39,0.0,131.0,19.8
2026-01-01 18:00:00,18,25.34,1,42,0.0,24.0,17.400000000000002
2026-01-01 19:00:00,19,24.439999999999998,0,43,0.0,0.0,17.2
2026-01-01 20:00:00,20,23.54,7,41,0.0,0.0,20.6
2026-01-01 21:00:00,21,23.18,19,41,0.0,0.0,27.800000000000004
2026-01-01 22:00:00,22,22.82,100,42,0.0,0.0,76.8
2026-01-01 23:00:00,23,23.54,100,39,0.0,0.0,75.6
2026-01-02 00:00:00,0,23.9,100,39,0.0,0.0,75.6
2026-01-02 01:00:00,1,23.54,100,43,0.1,0.0,77.2
2026-01-02 02:00:00,2,23.0,100,55,0.2,0.0,82.0
2026-01-02 03:00:00,3,22.82,100,58,0.2,0.0,83.2
2026-01-02 04:00:00,4,23.0,100,59,0.1,0.0,83.6
2026-01-02 05:00:00,5,23.0,100,61,0.1,0.0,84.4
2026-01-02 06:00:00,6,23.0,100,63,0.1,0.0,85.2
2026-01-02 07:00:00,7,23.18,100,64,0.1,0.0,85.6
2026-01-02 08:00:00,8,23.54,98,64,0.0,0.0,84.4
2026-01-02 09:00:00,9,24.26,100,62,0.0,8.0,84.8
2026-01-02 10:00:00,10,25.52,100,58,0.0,45.0,83.2
2026-01-02 11:00:00,11,27.5,100,53,0.0,114.0,81.2
2026-01-02 12:00:00,12,29.48,66,48,0.0,215.0,58.800000000000004
2026-01-02 13:00:00,13,31.46,98,43,0.0,322.0,76.0
2026-01-02 14:00:00,14,30.38,100,47,0.0,299.0,78.8
2026-01-02 15:00:00,15,31.64,92,44,0.0,241.0,72.8
2026-01-02 16:00:00,16,31.64,65,42,0.0,184.0,55.8
2026-01-02 17:00:00,17,31.46,20,43,0.0,154.0,29.2
2026-01-02 18:00:00,18,29.66,6,47,0.0,25.0,22.4
2026-01-02 19:00:00,19,28.04,5,50,0.0,0.0,23.0
2026-01-02 20:00:00,20,26.240000000000002,0,54,0.0,0.0,21.6
2026-01-02 21:00:00,21,26.240000000000002,0,55,0.0,0.0,22.0
2026-01-02 22:00:00,22,26.42,0,54,0.0,0.0,21.6
2026-01-02 23:00:00,23,25.880000000000003,0,55,0.0,0.0,22.0
2026-01-03 00:00:00,0,24.98,0,58,0.0,0.0,23.200000000000003
2026-01-03 01:00:00,1,23.72,9,62,0.0,0.0,30.2
2026-01-03 02:00:00,2,22.82,70,64,0.0,0.0,67.6
2026-01-03 03:00:00,3,22.46,98,64,0.0,0.0,84.4
2026-01-03 04:00:00,4,21.74,97,63,0.0,0.0,83.4
2026-01-03 05:00:00,5,21.74,98,60,0.0,0.0,82.8
2026-01-03 06:00:00,6,22.1,100,57,0.0,0.0,82.8
2026-01-03 07:00:00,7,22.46,100,56,0.0,0.0,82.4
2026-01-03 08:00:00,8,22.82,100,58,0.0,0.0,83.2
2026-01-03 09:00:00,9,23.54,100,58,0.0,10.0,83.2
2026-01-03 10:00:00,10,25.52,100,53,0.0,92.0,81.2
2026-01-03 11:00:00,11,27.68,99,46,0.0,180.0,77.8
2026-01-03 12:00:00,12,29.66,99,42,0.0,305.0,76.2
2026-01-03 13:00:00,13,30.74,100,42,0.0,333.0,76.8
2026-01-03 14:00:00,14,31.1,100,43,0.0,374.0,77.2
2026-01-03 15:00:00,15,32.18,100,42,0.0,302.0,76.8
2026-01-03 16:00:00,16,32.18,100,44,0.0,181.0,77.6
2026-01-03 17:00:00,17,31.64,100,45,0.0,90.0,78.0
2026-01-03 18:00:00,18,29.84,100,50,0.0,14.0,80.0
2026-01-03 19:00:00,19,30.02,100,50,0.0,0.0,80.0
2026-01-03 20:00:00,20,29.66,100,52,0.0,0.0,80.8
2026-01-03 21:00:00,21,29.48,100,52,0.0,0.0,80.8
2026-01-03 22:00:00,22,29.12,100,53,0.0,0.0,81.2
2026-01-03 23:00:00,23,29.12,100,54,0.0,0.0,81.6
2026-01-04 00:00:00,0,27.86,32,56,0.0,0.0,41.6
2026-01-04 01:00:00,1,26.96,100,58,0.0,0.0,83.2
2026-01-04 02:00:00,2,27.86,100,58,0.0,0.0,83.2
2026-01-04 03:00:00,3,28.22,100,59,0.0,0.0,83.6
2026-01-04 04:00:00,4,28.22,100,61,0.0,0.0,84.4
2026-01-04 05:00:00,5,28.22,100,62,0.0,0.0,84.8
2026-01-04 06:00:00,6,28.22,100,62,0.0,0.0,84.8
2026-01-04 07:00:00,7,27.14,98,65,0.0,0.0,84.8
2026-01-04 08:00:00,8,28.04,88,63,0.0,0.0,78.0
2026-01-04 09:00:00,9,27.14,17,66,0.0,11.0,36.6
2026-01-04 10:00:00,10,28.94,10,63,0.0,124.0,31.200000000000003
2026-01-04 11:00:00,11,31.28,0,58,0.0,275.0,23.200000000000003
2026-01-04 12:00:00,12,33.08,0,51,0.0,394.0,20.400000000000002
2026-01-04 13:00:00,13,35.24,56,46,0.0,458.0,52.0
2026-01-04 14:00:00,14,34.88,79,49,0.0,459.0,67.0
2026-01-04 15:00:00,15,35.24,77,50,0.0,350.0,66.19999999999999
2026-01-04 16:00:00,16,34.88,20,52,0.0,252.0,32.8
2026-01-04 17:00:00,17,33.62,0,55,0.0,158.0,22.0
2026-01-04 18:00:00,18,30.92,0,59,0.0,29.0,23.6
2026-01-04 19:00:00,19,29.48,0,62,0.0,0.0,24.8
2026-01-04 20:00:00,20,28.580000000000002,100,64,0.0,0.0,85.6
2026-01-04 21:00:00,21,28.04,41,65,0.0,0.0,50.599999999999994
2026-01-04 22:00:00,22,27.86,41,65,0.0,0.0,50.599999999999994
2026-01-04 23:00:00,23,27.68,65,64,0.0,0.0,64.6
2026-01-05 00:00:00,0,27.68,64,64,0.0,0.0,64.0
2026-01-05 01:00:00,1,27.32,28,66,0.0,0.0,43.2
2026-01-05 02:00:00,2,26.42,99,69,0.0,0.0,87.0
2026-01-05 03:00:00,3,26.240000000000002,56,74,0.0,0.0,63.2
2026-01-05 04:00:00,4,26.060000000000002,100,76,0.0,0.0,90.4
2026-01-05 05:00:00,5,26.240000000000002,100,75,0.0,0.0,90.0
2026-01-05 06:00:00,6,26.42,100,75,0.0,0.0,90.0
2026-01-05 07:00:00,7,26.96,100,73,0.0,0.0,89.2
2026-01-05 08:00:00,8,25.52,100,80,0.0,0.0,92.0
2026-01-05 09:00:00,9,26.060000000000002,100,78,0.0,4.0,91.2
2026-01-05 10:00:00,10,27.14,98,74,0.0,29.0,88.4
2026-01-05 11:00:00,11,29.3,99,66,0.0,97.0,85.8
2026-01-05 12:00:00,12,31.46,80,59,0.0,156.0,71.6
2026-01-05 13:00:00,13,35.24,63,50,0.1,369.0,57.8
2026-01-05 14:00:00,14,35.6,86,52,0.0,435.0,72.4
2026-01-05 15:00:00,15,36.5,99,51,0.0,224.0,79.8
2026-01-05 16:00:00,16,36.5,99,52,0.0,147.0,80.2
2026-01-05 17:00:00,17,35.96,100,55,0.0,83.0,82.0
2026-01-05 18:00:00,18,34.88,100,62,0.0,16.0,84.8
2026-01-05 19:00:00,19,34.88,100,66,0.0,0.0,86.4
2026-01-05 20:00:00,20,34.7,100,73,0.0,0.0,89.2
2026-01-05 21:00:00,21,34.7,100,80,0.0,0.0,92.0
2026-01-05 22:00:00,22,34.7,91,82,0.0,0.0,87.4
2026-01-05 23:00:00,23,34.16,93,83,0.0,0.0,89.0
2026-01-06 00:00:00,0,33.62,100,84,0.0,0.0,93.6
2026-01-06 01:00:00,1,33.44,94,86,0.0,0.0,90.8
2026-01-06 02:00:00,2,32.54,98,84,0.0,0.0,92.4
2026-01-06 03:00:00,3,31.64,98,86,0.0,0.0,93.19999999999999
2026-01-06 04:00:00,4,31.28,100,87,0.0,0.0,94.80000000000001
2026-01-06 05:00:00,5,31.82,100,88,0.0,0.0,95.2
2026-01-06 06:00:00,6,32.0,100,88,0.0,0.0,95.2
2026-01-06 07:00:00,7,32.18,100,88,0.0,0.0,95.2
2026-01-06 08:00:00,8,30.56,100,92,0.0,0.0,96.80000000000001
2026-01-06 09:00:00,9,31.46,100,93,0.0,8.0,97.2
2026-01-06 10:00:00,10,33.98,100,89,0.0,69.0,95.6
2026-01-06 11:00:00,11,36.86,100,85,0.0,159.0,94.0
2026-01-06 12:00:00,12,38.839999999999996,100,81,0.0,232.0,92.4
2026-01-06 13:00:00,13,39.92,100,79,0.0,223.0,91.6
2026-01-06 14:00:00,14,39.74,99,81,0.0,190.0,91.8
2026-01-06 15:00:00,15,42.620000000000005,100,77,0.0,334.0,90.8
2026-01-06 16:00:00,16,43.519999999999996,100,75,0.0,240.0,90.0
2026-01-06 17:00:00,17,42.8,100,78,0.0,126.0,91.2
2026-01-06 18:00:00,18,40.46,100,83,0.0,25.0,93.2
2026-01-06 19:00:00,19,39.02,100,88,0.0,0.0,95.2
2026-01-06 20:00:00,20,38.660000000000004,100,90,0.0,0.0,96.0
2026-01-06 21:00:00,21,38.839999999999996,100,93,0.0,0.0,97.2
2026-01-06 22:00:00,22,38.839999999999996,98,96,0.0,0.0,97.2
2026-01-06 23:00:00,23,38.3,100,98,0.0,0.0,99.2
2026-01-07 00:00:00,0,38.660000000000004,93,98,0.0,0.0,95.0
2026-01-07 01:00:00,1,37.76,18,99,0.0,0.0,50.4
2026-01-07 02:00:00,2,36.68,55,100,0.0,0.0,73.0
2026-01-07 03:00:00,3,34.88,100,100,0.0,0.0,100.0
2026-01-07 04:00:00,4,33.44,100,100,0.0,0.0,100.0
2026-01-07 05:00:00,5,34.88,84,99,0.0,0.0,90.0
2026-01-07 06:00:00,6,36.86,52,96,0.0,0.0,69.60000000000001
2026-01-07 07:00:00,7,40.64,5,91,0.0,0.0,39.4
2026-01-07 08:00:00,8,41.18,13,90,0.0,0.0,43.8
2026-01-07 09:00:00,9,41.0,10,91,0.0,13.0,42.4
2026-01-07 10:00:00,10,43.519999999999996,6,85,0.0,106.0,37.6
2026-01-07 11:00:00,11,46.94,23,83,0.0,263.0,47.0
2026-01-07 12:00:00,12,50.0,100,72,0.0,357.0,88.8
2026-01-07 13:00:00,13,49.82,100,70,0.0,215.0,88.0
2026-01-07 14:00:00,14,51.44,5,64,0.0,336.0,28.6
2026-01-07 15:00:00,15,53.24,72,64,0.0,380.0,68.8
2026-01-07 16:00:00,16,52.34,2,67,0.0,146.0,28.0
2026-01-07 17:00:00,17,51.620000000000005,6,68,0.0,158.0,30.800000000000004
2026-01-07 18:00:00,18,48.56,6,72,0.0,30.0,32.4
2026-01-07 19:00:00,19,46.22,20,77,0.0,0.0,42.8
2026-01-07 20:00:00,20,44.96,100,79,0.0,0.0,91.6
2026-01-07 21:00:00,21,45.86,100,76,0.0,0.0,90.4
2026-01-07 22:00:00,22,45.32,82,76,0.0,0.0,79.6
2026-01-07 23:00:00,23,43.34,55,80,0.0,0.0,65.0
2026-01-08 00:00:00,0,41.54,3,83,0.0,0.0,35.0
2026-01-08 01:00:00,1,40.1,5,85,0.0,0.0,37.0
2026-01-08 02:00:00,2,39.2,2,86,0.0,0.0,35.6
2026-01-08 03:00:00,3,38.839999999999996,4,86,0.0,0.0,36.8
2026-01-08 04:00:00,4,38.12,4,87,0.0,0.0,37.2
2026-01-08 05:00:00,5,36.5,4,89,0.0,0.0,38.0
2026-01-08 06:00:00,6,36.68,1,89,0.0,0.0,36.2
2026-01-08 07:00:00,7,36.5,1,89,0.0,0.0,36.2
2026-01-08 08:00:00,8,35.06,3,89,0.0,0.0,37.4
2026-01-08 09:00:00,9,36.68,0,89,0.0,14.0,35.6
2026-01-08 10:00:00,10,39.92,2,86,0.0,128.0,35.6
2026-01-08 11:00:00,11,43.879999999999995,0,79,0.0,277.0,31.6
2026-01-08 12:00:00,12,47.120000000000005,26,69,0.0,390.0,43.2
2026-01-08 13:00:00,13,48.56,28,61,0.0,451.0,41.2
2026-01-08 14:00:00,14,50.36,100,53,0.0,458.0,81.2
2026-01-08 15:00:00,15,50.9,20,53,0.0,396.0,33.2
2026-01-08 16:00:00,16,50.9,4,53,0.0,309.0,23.6
2026-01-08 17:00:00,17,50.0,11,64,0.0,170.0,32.2
2026-01-08 18:00:00,18,45.86,98,66,0.0,34.0,85.2
2026-01-08 19:00:00,19,43.519999999999996,61,71,0.0,0.0,65.0
2026-01-08 20:00:00,20,41.9,8,74,0.0,0.0,34.4
2026-01-08 21:00:00,21,41.0,73,75,0.0,0.0,73.8
2026-01-08 22:00:00,22,39.02,80,79,0.0,0.0,79.6
2026-01-08 23:00:00,23,37.76,100,82,0.0,0.0,92.80000000000001
2026-01-09 00:00:00,0,37.4,33,82,0.0,0.0,52.60000000000001
2026-01-09 01:00:00,1,36.32,16,83,0.0,0.0,42.800000000000004
2026-01-09 02:00:00,2,35.6,9,80,0.0,0.0,37.4
2026-01-09 03:00:00,3,35.24,40,79,0.0,0.0,55.6
2026-01-09 04:00:00,4,34.7,55,78,0.0,0.0,64.2
2026-01-09 05:00:00,5,35.42,78,81,0.0,0.0,79.19999999999999
2026-01-09 06:00:00,6,35.6,35,81,0.0,0.0,53.4
2026-01-09 07:00:00,7,35.24,16,84,0.0,0.0,43.2
2026-01-09 08:00:00,8,34.34,9,88,0.0,0.0,40.6
2026-01-09 09:00:00,9,35.06,22,92,0.0,14.0,50.0
2026-01-09 10:00:00,10,38.48,6,88,0.0,130.0,38.800000000000004
2026-01-09 11:00:00,11,42.8,99,82,0.0,271.0,92.2
2026-01-09 12:00:00,12,46.4,100,79,0.0,362.0,91.6
2026-01-09 13:00:00,13,48.56,100,77,0.0,312.0,90.8
2026-01-09 14:00:00,14,50.0,100,79,0.0,221.0,91.6
2026-01-09 15:00:00,15,51.620000000000005,100,73,0.0,225.0,89.2
2026-01-09 16:00:00,16,51.620000000000005,100,73,0.0,109.0,89.2
2026-01-09 17:00:00,17,50.54,100,81,0.1,29.0,92.4
2026-01-09 18:00:00,18,49.64,100,90,2.0,11.0,96.0
2026-01-09 19:00:00,19,49.1,100,93,0.1,0.0,97.2
2026-01-09 20:00:00,20,51.620000000000005,100,93,0.2,0.0,97.2
2026-01-09 21:00:00,21,52.7,100,94,0.1,0.0,97.6
2026-01-09 22:00:00,22,53.06,100,94,0.0,0.0,97.6
2026-01-09 23:00:00,23,51.8,100,96,0.0,0.0,98.4
2026-01-10 00:00:00,0,50.18,100,97,0.0,0.0,98.80000000000001
2026-01-10 01:00:00,1,49.28,100,97,0.0,0.0,98.80000000000001
2026-01-10 02:00:00,2,49.1,100,98,0.0,0.0,99.2
2026-01-10 03:00:00,3,49.28,100,97,0.0,0.0,98.80000000000001
2026-01-10 04:00:00,4,47.84,100,98,0.0,0.0,99.2
2026-01-10 05:00:00,5,46.4,100,95,0.0,0.0,98.0
2026-01-10 06:00:00,6,44.96,100,91,0.0,0.0,96.4
2026-01-10 07:00:00,7,43.16,100,87,0.0,0.0,94.80000000000001
2026-01-10 08:00:00,8,43.16,100,86,0.0,0.0,94.4
2026-01-10 09:00:00,9,42.8,100,83,0.0,3.0,93.2
2026-01-10 10:00:00,10,42.260000000000005,100,82,0.0,12.0,92.80000000000001
2026-01-10 11:00:00,11,42.44,100,82,0.1,35.0,92.80000000000001
2026-01-10 12:00:00,12,42.620000000000005,100,84,0.3,47.0,93.6
2026-01-10 13:00:00,13,42.44,100,87,0.8,40.0,94.80000000000001
2026-01-10 14:00:00,14,42.260000000000005,100,94,1.2,33.0,97.6
2026-01-10 15:00:00,15,42.620000000000005,100,96,0.9,52.0,98.4
2026-01-10 16:00:00,16,41.72,100,96,2.1,17.0,98.4
2026-01-10 17:00:00,17,41.54,100,96,3.5,13.0,98.4
2026-01-10 18:00:00,18,41.18,100,96,2.8,4.0,98.4
2026-01-10 19:00:00,19,41.72,100,97,1.4,0.0,98.80000000000001
2026-01-10 20:00:00,20,42.08,100,97,1.3,0.0,98.80000000000001
2026-01-10 21:00:00,21,43.16,100,97,0.8,0.0,98.80000000000001
2026-01-10 22:00:00,22,43.34,100,98,0.3,0.0,99.2
2026-01-10 23:00:00,23,43.34,100,99,0.5,0.0,99.6
2026-01-11 00:00:00,0,43.879999999999995,100,99,0.2,0.0,99.6
2026-01-11 01:00:00,1,45.32,100,98,0.0,0.0,99.2
2026-01-11 02:00:00,2,44.06,100,97,0.0,0.0,98.80000000000001
2026-01-11 03:00:00,3,43.7,100,96,0.0,0.0,98.4
2026-01-11 04:00:00,4,43.519999999999996,100,95,0.0,0.0,98.0
2026-01-11 05:00:00,5,43.7,100,93,0.1,0.0,97.2
2026-01-11 06:00:00,6,44.06,100,90,0.1,0.0,96.0
2026-01-11 07:00:00,7,43.7,100,90,0.2,0.0,96.0
2026-01-11 08:00:00,8,43.519999999999996,100,86,0.0,0.0,94.4
2026-01-11 09:00:00,9,43.16,98,82,0.0,3.0,91.6
2026-01-11 10:00:00,10,42.8,98,72,0.0,49.0,87.6
2026-01-11 11:00:00,11,42.260000000000005,86,66,0.0,94.0,78.0
2026-01-11 12:00:00,12,42.8,6,59,0.0,190.0,27.200000000000003
2026-01-11 13:00:00,13,44.96,0,48,0.0,454.0,19.200000000000003
2026-01-11 14:00:00,14,46.76,92,43,0.0,481.0,72.39999999999999
2026-01-11 15:00:00,15,43.879999999999995,81,54,0.1,299.0,70.2
2026-01-11 16:00:00,16,43.7,16,47,0.1,265.0,28.4
2026-01-11 17:00:00,17,42.08,2,43,0.0,174.0,18.4
2026-01-11 18:00:00,18,39.56,0,45,0.0,40.0,18.0
2026-01-11 19:00:00,19,37.4,2,46,0.0,0.0,19.6
2026-01-11 20:00:00,20,36.32,21,51,0.0,0.0,33.0
2026-01-11 21:00:00,21,35.06,9,55,0.0,0.0,27.4
2026-01-11 22:00:00,22,33.62,82,60,0.0,0.0,73.19999999999999
2026-01-11 23:00:00,23,33.08,73,62,0.0,0.0,68.6
2026-01-12 00:00:00,0,32.54,61,62,0.0,0.0,61.400000000000006
2026-01-12 01:00:00,1,31.82,6,63,0.0,0.0,28.800000000000004
2026-01-12 02:00:00,2,32.0,3,61,0.0,0.0,26.200000000000003
2026-01-12 03:00:00,3,31.46,9,63,0.0,0.0,30.6
2026-01-12 04:00:00,4,31.46,0,62,0.0,0.0,24.8
2026-01-12 05:00:00,5,30.56,0,63,0.0,0.0,25.200000000000003
2026-01-12 06:00:00,6,30.2,1,63,0.0,0.0,25.800000000000004
2026-01-12 07:00:00,7,29.66,25,64,0.0,0.0,40.6
2026-01-12 08:00:00,8,29.66,43,64,0.0,0.0,51.400000000000006
2026-01-12 09:00:00,9,29.84,86,65,0.0,16.0,77.6
2026-01-12 10:00:00,10,32.18,98,64,0.0,111.0,84.4
2026-01-12 11:00:00,11,33.98,6,60,0.0,170.0,27.6
2026-01-12 12:00:00,12,36.68,45,56,0.0,413.0,49.400000000000006
2026-01-12 13:00:00,13,38.48,52,55,0.0,471.0,53.2
2026-01-12 14:00:00,14,40.28,80,50,0.0,478.0,68.0
2026-01-12 15:00:00,15,41.72,91,50,0.0,428.0,74.6
2026-01-12 16:00:00,16,42.260000000000005,95,49,0.0,321.0,76.6
2026-01-12 17:00:00,17,41.72,98,52,0.0,177.0,79.6
2026-01-12 18:00:00,18,39.56,100,58,0.0,35.0,83.2
2026-01-12 19:00:00,19,37.22,78,66,0.0,0.0,73.2
2026-01-12 20:00:00,20,36.14,30,66,0.0,0.0,44.400000000000006
2026-01-12 21:00:00,21,35.6,0,66,0.0,0.0,26.400000000000002
2026-01-12 22:00:00,22,34.52,0,68,0.0,0.0,27.200000000000003
2026-01-12 23:00:00,23,33.44,0,72,0.0,0.0,28.8
2026-01-13 00:00:00,0,32.72,0,72,0.0,0.0,28.8
2026-01-13 01:00:00,1,32.36,0,71,0.0,0.0,28.400000000000002
2026-01-13 02:00:00,2,31.46,2,70,0.0,0.0,29.2
2026-01-13 03:00:00,3,31.1,2,70,0.0,0.0,29.2
2026-01-13 04:00:00,4,31.1,14,70,0.0,0.0,36.4
2026-01-13 05:00:00,5,31.28,5,69,0.0,0.0,30.6
2026-01-13 06:00:00,6,31.64,6,67,0.0,0.0,30.4
2026-01-13 07:00:00,7,31.64,0,67,0.0,0.0,26.8
2026-01-13 08:00:00,8,31.1,0,67,0.0,0.0,26.8
2026-01-13 09:00:00,9,31.28,0,64,0.0,16.0,25.6
2026-01-13 10:00:00,10,34.7,0,55,0.0,140.0,22.0
2026-01-13 11:00:00,11,38.12,0,51,0.0,289.0,20.400000000000002
2026-01-13 12:00:00,12,41.54,2,50,0.0,406.0,21.2
2026-01-13 13:00:00,13,44.239999999999995,27,50,0.0,473.0,36.2
2026-01-13 14:00:00,14,47.3,19,45,0.0,482.0,29.4
2026-01-13 15:00:00,15,48.56,100,41,0.0,432.0,76.4
2026-01-13 16:00:00,16,47.3,95,45,0.0,287.0,75.0
2026-01-13 17:00:00,17,44.6,100,49,0.0,163.0,79.6
2026-01-13 18:00:00,18,41.36,88,55,0.0,29.0,74.8
2026-01-13 19:00:00,19,39.2,100,59,0.0,0.0,83.6
2026-01-13 20:00:00,20,39.38,100,64,0.0,0.0,85.6
2026-01-13 21:00:00,21,40.28,100,65,0.0,0.0,86.0
2026-01-13 22:00:00,22,41.9,100,59,0.0,0.0,83.6
2026-01-13 23:00:00,23,42.980000000000004,100,58,0.0,0.0,83.2
2026-01-14 00:00:00,0,44.06,100,58,0.0,0.0,83.2
2026-01-14 01:00:00,1,45.14,100,54,0.0,0.0,81.6
2026-01-14 02:00:00,2,45.68,98,53,0.0,0.0,80.0
2026-01-14 03:00:00,3,45.14,100,54,0.0,0.0,81.6
2026-01-14 04:00:00,4,44.06,100,57,0.0,0.0,82.8
2026-01-14 05:00:00,5,42.980000000000004,100,60,0.0,0.0,84.0
2026-01-14 06:00:00,6,42.08,96,62,0.0,0.0,82.39999999999999
2026-01-14 07:00:00,7,41.18,85,64,0.0,0.0,76.6
2026-01-14 08:00:00,8,41.36,99,63,0.0,0.0,84.6
2026-01-14 09:00:00,9,41.54,100,64,0.0,12.0,85.6
2026-01-14 10:00:00,10,43.519999999999996,100,61,0.0,43.0,84.4
2026-01-14 11:00:00,11,45.68,100,59,0.0,104.0,83.6
2026-01-14 12:00:00,12,46.22,100,60,0.0,118.0,84.0
2026-01-14 13:00:00,13,46.76,100,62,0.0,124.0,84.8
2026-01-14 14:00:00,14,51.08,100,49,0.0,294.0,79.6
2026-01-14 15:00:00,15,52.34,100,49,0.0,211.0,79.6
2026-01-14 16:00:00,16,51.44,100,57,0.0,81.0,82.8
2026-01-14 17:00:00,17,50.0,100,58,0.0,32.0,83.2
2026-01-14 18:00:00,18,47.66,100,61,0.1,6.0,84.4
2026-01-14 19:00:00,19,45.68,100,69,0.1,0.0,87.6
2026-01-14 20:00:00,20,45.5,98,67,0.0,0.0,85.6
2026-01-14 21:00:00,21,44.06,100,71,0.0,0.0,88.4
2026-01-14 22:00:00,22,44.06,58,73,0.0,0.0,64.0
2026-01-14 23:00:00,23,42.260000000000005,100,80,0.0,0.0,92.0
2026-01-15 00:00:00,0,41.0,100,84,0.0,0.0,93.6
2026-01-15 01:00:00,1,40.28,100,87,0.0,0.0,94.80000000000001
2026-01-15 02:00:00,2,40.64,100,85,0.0,0.0,94.0
2026-01-15 03:00:00,3,41.18,100,84,0.1,0.0,93.6
2026-01-15 04:00:00,4,41.0,100,88,0.6,0.0,95.2
2026-01-15 05:00:00,5,40.82,100,94,0.7,0.0,97.6
2026-01-15 06:00:00,6,41.54,100,90,0.2,0.0,96.0
2026-01-15 07:00:00,7,39.74,100,85,0.1,0.0,94.0
2026-01-15 08:00:00,8,39.56,100,74,0.0,0.0,89.6
2026-01-15 09:00:00,9,37.58,99,58,0.0,6.0,82.6
2026-01-15 10:00:00,10,33.62,63,51,0.0,78.0,58.2
2026-01-15 11:00:00,11,33.08,0,51,0.0,248.0,20.400000000000002
2026-01-15 12:00:00,12,33.62,0,43,0.0,427.0,17.2
2026-01-15 13:00:00,13,33.62,0,41,0.0,495.0,16.400000000000002
2026-01-15 14:00:00,14,33.62,19,42,0.0,506.0,28.200000000000003
2026-01-15 15:00:00,15,33.26,61,44,0.0,438.0,54.2
2026-01-15 16:00:00,16,31.64,100,46,0.0,311.0,78.4
2026-01-15 17:00:00,17,30.02,99,47,0.0,148.0,78.2
2026-01-15 18:00:00,18,28.580000000000002,99,46,0.0,35.0,77.8
2026-01-15 19:00:00,19,27.14,11,44,0.0,0.0,24.200000000000003
2026-01-15 20:00:00,20,24.98,4,45,0.0,0.0,20.4
2026-01-15 21:00:00,21,23.72,4,46,0.0,0.0,20.8
2026-01-15 22:00:00,22,23.0,1,48,0.0,0.0,19.800000000000004
2026-01-15 23:00:00,23,23.0,28,50,0.0,0.0,36.8
2026-01-16 00:00:00,0,22.82,87,49,0.0,0.0,71.8
2026-01-16 01:00:00,1,23.36,94,51,0.0,0.0,76.8
2026-01-16 02:00:00,2,24.98,99,54,0.0,0.0,81.0
2026-01-16 03:00:00,3,24.8,98,57,0.0,0.0,81.6
2026-01-16 04:00:00,4,25.34,49,57,0.0,0.0,52.2
2026-01-16 05:00:00,5,24.8,39,55,0.0,0.0,45.4
2026-01-16 06:00:00,6,23.72,1,53,0.0,0.0,21.800000000000004
2026-01-16 07:00:00,7,22.46,0,48,0.0,0.0,19.200000000000003
2026-01-16 08:00:00,8,21.92,0,47,0.0,0.0,18.8
2026-01-16 09:00:00,9,21.92,1,46,0.0,19.0,19.000000000000004
2026-01-16 10:00:00,10,24.26,0,45,0.0,152.0,18.0
2026-01-16 11:00:00,11,26.96,6,40,0.0,306.0,19.6
2026-01-16 12:00:00,12,29.66,88,38,0.0,424.0,68.0
2026-01-16 13:00:00,13,30.92,98,37,0.0,387.0,73.6
2026-01-16 14:00:00,14,30.38,49,37,0.0,299.0,44.2
2026-01-16 15:00:00,15,33.08,78,31,0.0,439.0,59.199999999999996
2026-01-16 16:00:00,16,33.62,29,33,0.0,335.0,30.6
2026-01-16 17:00:00,17,32.54,69,39,0.0,192.0,57.0
2026-01-16 18:00:00,18,30.38,44,44,0.0,49.0,44.0
2026-01-16 19:00:00,19,29.3,11,47,0.0,0.0,25.4
2026-01-16 20:00:00,20,28.76,5,55,0.0,0.0,25.0
2026-01-16 21:00:00,21,28.4,7,58,0.0,0.0,27.400000000000002
2026-01-16 22:00:00,22,28.94,26,58,0.0,0.0,38.800000000000004
2026-01-16 23:00:00,23,29.84,70,59,0.0,0.0,65.6
2026-01-17 00:00:00,0,30.56,88,59,0.0,0.0,76.4
2026-01-17 01:00:00,1,32.54,100,56,0.0,0.0,82.4
2026-01-17 02:00:00,2,34.88,100,52,0.0,0.0,80.8
2026-01-17 03:00:00,3,34.88,100,54,0.0,0.0,81.6
2026-01-17 04:00:00,4,34.52,98,56,0.0,0.0,81.2
2026-01-17 05:00:00,5,33.98,98,56,0.0,0.0,81.2
2026-01-17 06:00:00,6,33.62,100,58,0.0,0.0,83.2
2026-01-17 07:00:00,7,33.8,100,58,0.0,0.0,83.2
2026-01-17 08:00:00,8,34.34,100,62,0.0,0.0,84.8
2026-01-17 09:00:00,9,35.06,100,61,0.0,4.0,84.4
2026-01-17 10:00:00,10,35.24,100,64,0.2,19.0,85.6
2026-01-17 11:00:00,11,36.14,100,63,0.1,51.0,85.2
2026-01-17 12:00:00,12,37.4,100,64,0.1,90.0,85.6
2026-01-17 13:00:00,13,35.06,100,76,1.1,50.0,90.4
2026-01-17 14:00:00,14,33.62,100,91,2.0,45.0,96.4
2026-01-17 15:00:00,15,34.16,100,90,0.4,87.0,96.0
2026-01-17 16:00:00,16,34.7,100,89,0.0,94.0,95.6
2026-01-17 17:00:00,17,34.88,6,89,0.0,85.0,39.2
2026-01-17 18:00:00,18,30.74,0,91,0.0,51.0,36.4
2026-01-17 19:00:00,19,30.56,0,91,0.0,0.0,36.4
2026-01-17 20:00:00,20,30.2,2,94,0.0,0.0,38.800000000000004
2026-01-17 21:00:00,21,29.84,10,94,0.0,0.0,43.6
2026-01-17 22:00:00,22,29.66,59,94,0.0,0.0,73.0
2026-01-17 23:00:00,23,29.66,0,94,0.0,0.0,37.6
2026-01-18 00:00:00,0,28.76,82,95,0.0,0.0,87.19999999999999
2026-01-18 01:00:00,1,30.02,99,94,0.0,0.0,97.0
2026-01-18 02:00:00,2,29.84,100,97,0.0,0.0,98.80000000000001
2026-01-18 03:00:00,3,30.02,100,96,0.0,0.0,98.4
2026-01-18 04:00:00,4,30.56,100,95,0.0,0.0,98.0
2026-01-18 05:00:00,5,30.92,100,95,0.0,0.0,98.0
2026-01-18 06:00:00,6,31.28,100,94,0.0,0.0,97.6
2026-01-18 07:00:00,7,32.0,100,93,0.2,0.0,97.2
2026-01-18 08:00:00,8,31.64,100,96,0.6,0.0,98.4
2026-01-18 09:00:00,9,32.0,100,97,0.6,4.0,98.80000000000001
2026-01-18 10:00:00,10,32.54,100,97,0.5,26.0,98.80000000000001
2026-01-18 11:00:00,11,32.54,100,96,0.6,43.0,98.4
2026-01-18 12:00:00,12,33.26,100,93,0.2,85.0,97.2
2026-01-18 13:00:00,13,33.62,100,93,0.4,97.0,97.2
2026-01-18 14:00:00,14,33.62,100,93,0.4,98.0,97.2
2026-01-18 15:00:00,15,33.8,100,93,0.4,97.0,97.2
2026-01-18 16:00:00,16,33.62,100,94,0.4,67.0,97.6
2026-01-18 17:00:00,17,33.26,100,95,0.6,46.0,98.0
2026-01-18 18:00:00,18,33.08,100,93,0.7,10.0,97.2
2026-01-18 19:00:00,19,32.72,100,93,1.1,0.0,97.2
2026-01-18 20:00:00,20,31.82,100,93,1.3,0.0,97.2
2026-01-18 21:00:00,21,30.02,63,87,0.6,0.0,72.6
2026-01-18 22:00:00,22,27.86,60,82,0.0,0.0,68.80000000000001
2026-01-18 23:00:00,23,26.78,100,82,0.0,0.0,92.80000000000001
2026-01-19 00:00:00,0,26.78,100,75,0.0,0.0,90.0
2026-01-19 01:00:00,1,25.7,84,70,0.0,0.0,78.4
2026-01-19 02:00:00,2,22.28,53,70,0.0,0.0,59.8
2026-01-19 03:00:00,3,20.3,1,69,0.0,0.0,28.200000000000003
2026-01-19 04:00:00,4,19.76,0,68,0.0,0.0,27.200000000000003
2026-01-19 05:00:00,5,19.939999999999998,0,67,0.0,0.0,26.8
2026-01-19 06:00:00,6,19.939999999999998,5,68,0.0,0.0,30.200000000000003
2026-01-19 07:00:00,7,18.5,3,72,0.0,0.0,30.6
2026-01-19 08:00:00,8,19.4,0,74,0.0,0.0,29.6
2026-01-19 09:00:00,9,19.04,0,76,0.0,20.0,30.400000000000002
2026-01-19 10:00:00,10,21.38,2,72,0.0,155.0,30.0
2026-01-19 11:00:00,11,24.8,0,67,0.0,316.0,26.8
2026-01-19 12:00:00,12,27.86,0,65,0.0,441.0,26.0
2026-01-19 13:00:00,13,30.74,2,62,0.0,514.0,26.0
2026-01-19 14:00:00,14,33.26,57,58,0.0,526.0,57.4
2026-01-19 15:00:00,15,32.36,70,59,0.0,397.0,65.6
2026-01-19 16:00:00,16,32.18,77,60,0.0,258.0,70.19999999999999
2026-01-19 17:00:00,17,31.64,23,61,0.0,195.0,38.2
2026-01-19 18:00:00,18,30.56,73,64,0.0,51.0,69.4
2026-01-19 19:00:00,19,26.060000000000002,7,70,0.0,0.0,32.2
2026-01-19 20:00:00,20,28.04,1,65,0.0,0.0,26.6
2026-01-19 21:00:00,21,27.68,9,65,0.0,0.0,31.4
2026-01-19 22:00:00,22,28.76,26,55,0.0,0.0,37.6
2026-01-19 23:00:00,23,26.240000000000002,6,55,0.0,0.0,25.6
2026-01-20 00:00:00,0,24.439999999999998,68,55,0.0,0.0,62.8
2026-01-20 01:00:00,1,23.72,0,56,0.0,0.0,22.400000000000002
2026-01-20 02:00:00,2,24.08,0,54,0.0,0.0,21.6
2026-01-20 03:00:00,3,21.74,0,55,0.0,0.0,22.0
2026-01-20 04:00:00,4,19.22,0,53,0.0,0.0,21.200000000000003
2026-01-20 05:00:00,5,17.240000000000002,0,56,0.0,0.0,22.400000000000002
2026-01-20 06:00:00,6,15.440000000000001,0,59,0.0,0.0,23.6
2026-01-20 07:00:00,7,13.82,0,62,0.0,0.0,24.8
2026-01-20 08:00:00,8,14.0,47,58,0.0,0.0,51.400000000000006
2026-01-20 09:00:00,9,13.64,10,58,0.0,21.0,29.200000000000003
2026-01-20 10:00:00,10,15.079999999999998,0,54,0.0,163.0,21.6
2026-01-20 11:00:00,11,16.7,0,51,0.0,327.0,20.400000000000002
2026-01-20 12:00:00,12,18.14,0,49,0.0,454.0,19.6
2026-01-20 13:00:00,13,19.04,0,47,0.0,529.0,18.8
2026-01-20 14:00:00,14,21.74,0,42,0.0,542.0,16.8
2026-01-20 15:00:00,15,21.38,0,39,0.0,493.0,15.600000000000001
2026-01-20 16:00:00,16,21.2,0,39,0.0,385.0,15.600000000000001
2026-01-20 17:00:00,17,20.84,0,42,0.0,230.0,16.8
2026-01-20 18:00:00,18,20.3,0,44,0.0,66.0,17.6
2026-01-20 19:00:00,19,18.86,0,49,0.0,0.0,19.6
2026-01-20 20:00:00,20,18.68,0,50,0.0,0.0,20.0
2026-01-20 21:00:00,21,16.520000000000003,2,54,0.0,0.0,22.8
2026-01-20 22:00:00,22,16.520000000000003,0,51,0.0,0.0,20.400000000000002
2026-01-20 23:00:00,23,15.259999999999998,0,52,0.0,0.0,20.8
2026-01-21 00:00:00,0,13.82,0,53,0.0,0.0,21.200000000000003
2026-01-21 01:00:00,1,11.84,0,53,0.0,0.0,21.200000000000003
2026-01-21 02:00:00,2,12.020000000000003,0,57,0.0,0.0,22.8
2026-01-21 03:00:00,3,10.04,0,55,0.0,0.0,22.0
2026-01-21 04:00:00,4,8.600000000000001,0,61,0.0,0.0,24.400000000000002
2026-01-21 05:00:00,5,8.600000000000001,0,60,0.0,0.0,24.0
2026-01-21 06:00:00,6,8.779999999999998,0,60,0.0,0.0,24.0
2026-01-21 07:00:00,7,9.68,0,58,0.0,0.0,23.200000000000003
2026-01-21 08:00:00,8,8.96,1,68,0.0,0.0,27.800000000000004
2026-01-21 09:00:00,9,8.420000000000002,1,68,0.0,22.0,27.800000000000004
2026-01-21 10:00:00,10,14.18,33,55,0.0,160.0,41.8
2026-01-21 11:00:00,11,19.22,84,49,0.0,318.0,70.0
2026-01-21 12:00:00,12,24.439999999999998,92,44,0.0,397.0,72.8
2026-01-21 13:00:00,13,28.580000000000002,100,41,0.0,437.0,76.4
2026-01-21 14:00:00,14,33.26,100,46,0.0,463.0,78.4
2026-01-21 15:00:00,15,33.8,3,54,0.0,455.0,23.400000000000002
2026-01-21 16:00:00,16,35.06,23,57,0.0,370.0,36.6
2026-01-21 17:00:00,17,35.24,69,58,0.0,222.0,64.6
2026-01-21 18:00:00,18,35.06,98,58,0.0,46.0,82.0
2026-01-21 19:00:00,19,34.7,68,54,0.0,0.0,62.4
2026-01-21 20:00:00,20,35.06,84,51,0.0,0.0,70.8
2026-01-21 21:00:00,21,34.88,74,55,0.0,0.0,66.4
2026-01-21 22:00:00,22,34.52,100,56,0.0,0.0,82.4
2026-01-21 23:00:00,23,34.34,100,57,0.0,0.0,82.8
2026-01-22 00:00:00,0,34.88,100,58,0.0,0.0,83.2
2026-01-22 01:00:00,1,35.78,58,59,0.0,0.0,58.4
2026-01-22 02:00:00,2,37.58,100,55,0.0,0.0,82.0
2026-01-22 03:00:00,3,37.58,21,56,0.0,0.0,35.0
2026-01-22 04:00:00,4,37.4,88,57,0.0,0.0,75.6
2026-01-22 05:00:00,5,37.4,88,59,0.0,0.0,76.4
2026-01-22 06:00:00,6,37.04,100,61,0.0,0.0,84.4
2026-01-22 07:00:00,7,37.58,100,62,0.0,0.0,84.8
2026-01-22 08:00:00,8,37.76,100,59,0.0,0.0,83.6
2026-01-22 09:00:00,9,37.58,55,62,0.0,6.0,57.8
2026-01-22 10:00:00,10,38.3,54,63,0.0,125.0,57.6
2026-01-22 11:00:00,11,41.9,78,57,0.0,315.0,69.6
2026-01-22 12:00:00,12,46.04,30,49,0.0,436.0,37.6
2026-01-22 13:00:00,13,46.58,43,46,0.0,511.0,44.2
2026-01-22 14:00:00,14,48.2,9,40,0.0,507.0,21.4
2026-01-22 15:00:00,15,48.56,59,41,0.0,473.0,51.8
2026-01-22 16:00:00,16,48.02,100,42,0.0,354.0,76.8
2026-01-22 17:00:00,17,46.22,93,45,0.0,179.0,73.8
2026-01-22 18:00:00,18,43.879999999999995,92,46,0.0,56.0,73.6
2026-01-22 19:00:00,19,40.46,59,52,0.0,0.0,56.2
2026-01-22 20:00:00,20,38.12,70,55,0.0,0.0,64.0
2026-01-22 21:00:00,21,35.96,89,55,0.0,0.0,75.4
2026-01-22 22:00:00,22,35.24,96,53,0.0,0.0,78.8
2026-01-22 23:00:00,23,35.06,85,50,0.0,0.0,71.0
2026-01-23 00:00:00,0,34.88,59,46,0.0,0.0,53.8
2026-01-23 01:00:00,1,34.34,17,41,0.0,0.0,26.6
2026-01-23 02:00:00,2,34.88,52,39,0.0,0.0,46.8
2026-01-23 03:00:00,3,32.9,68,45,0.0,0.0,58.8
2026-01-23 04:00:00,4,31.64,62,47,0.0,0.0,56.0
2026-01-23 05:00:00,5,30.56,93,49,0.0,0.0,75.4
2026-01-23 06:00:00,6,30.38,98,47,0.0,0.0,77.6
2026-01-23 07:00:00,7,30.56,98,45,0.0,0.0,76.8
2026-01-23 08:00:00,8,30.56,100,41,0.0,0.0,76.4
2026-01-23 09:00:00,9,31.46,100,40,0.0,16.0,76.0
2026-01-23 10:00:00,10,33.62,100,38,0.0,98.0,75.2
2026-01-23 11:00:00,11,36.32,100,37,0.0,223.0,74.8
2026-01-23 12:00:00,12,37.76,99,32,0.0,328.0,72.2
2026-01-23 13:00:00,13,37.76,99,32,0.0,423.0,72.2
2026-01-23 14:00:00,14,37.76,100,32,0.0,412.0,72.8
2026-01-23 15:00:00,15,38.12,98,33,0.0,338.0,72.0
2026-01-23 16:00:00,16,37.94,100,36,0.0,267.0,74.4
2026-01-23 17:00:00,17,37.22,88,38,0.0,169.0,68.0
2026-01-23 18:00:00,18,35.24,62,41,0.0,58.0,53.599999999999994
2026-01-23 19:00:00,19,30.92,63,40,0.0,0.0,53.8
2026-01-23 20:00:00,20,30.38,13,32,0.0,0.0,20.6
2026-01-23 21:00:00,21,27.68,16,36,0.0,0.0,24.0
2026-01-23 22:00:00,22,22.82,99,36,0.0,0.0,73.8
2026-01-23 23:00:00,23,18.86,84,34,0.0,0.0,64.0
2026-01-24 00:00:00,0,14.720000000000002,7,33,0.0,0.0,17.400000000000002
2026-01-24 01:00:00,1,12.920000000000002,0,37,0.0,0.0,14.8
2026-01-24 02:00:00,2,12.2,0,30,0.0,0.0,12.0
2026-01-24 03:00:00,3,10.759999999999998,0,33,0.0,0.0,13.200000000000001
2026-01-24 04:00:00,4,10.04,14,35,0.0,0.0,22.4
2026-01-24 05:00:00,5,9.32,93,39,0.0,0.0,71.4
2026-01-24 06:00:00,6,8.779999999999998,100,42,0.0,0.0,76.8
2026-01-24 07:00:00,7,8.600000000000001,99,44,0.0,0.0,77.0
2026-01-24 08:00:00,8,9.32,100,42,0.0,0.0,76.8
2026-01-24 09:00:00,9,9.86,100,42,0.0,16.0,76.8
2026-01-24 10:00:00,10,11.120000000000001,100,40,0.0,89.0,76.0
2026-01-24 11:00:00,11,12.379999999999999,100,39,0.0,205.0,75.6
2026-01-24 12:00:00,12,14.18,100,36,0.0,328.0,74.4
2026-01-24 13:00:00,13,15.979999999999997,100,32,0.0,475.0,72.8
2026-01-24 14:00:00,14,16.88,52,31,0.0,524.0,43.6
2026-01-24 15:00:00,15,17.96,100,30,0.0,486.0,72.0
2026-01-24 16:00:00,16,18.14,100,31,0.0,323.0,72.4
2026-01-24 17:00:00,17,18.14,100,31,0.0,170.0,72.4
2026-01-24 18:00:00,18,17.779999999999998,100,32,0.0,50.0,72.8
2026-01-24 19:00:00,19,17.779999999999998,99,31,0.0,0.0,71.8
2026-01-24 20:00:00,20,17.6,100,32,0.0,0.0,72.8
2026-01-24 21:00:00,21,18.14,100,28,0.0,0.0,71.2
2026-01-24 22:00:00,22,17.96,100,28,0.0,0.0,71.2
2026-01-24 23:00:00,23,18.14,100,29,0.0,0.0,71.6
2026-01-25 00:00:00,0,18.14,100,31,0.0,0.0,72.4
2026-01-25 01:00:00,1,18.32,100,32,0.0,0.0,72.8
2026-01-25 02:00:00,2,17.6,100,36,0.0,0.0,74.4
2026-01-25 03:00:00,3,17.240000000000002,100,39,0.1,0.0,75.6
2026-01-25 04:00:00,4,16.7,100,43,0.2,0.0,77.2
2026-01-25 05:00:00,5,15.979999999999997,100,48,0.2,0.0,79.2
2026-01-25 06:00:00,6,14.899999999999999,100,61,0.5,0.0,84.4
2026-01-25 07:00:00,7,14.54,100,70,0.9,0.0,88.0
2026-01-25 08:00:00,8,13.100000000000001,100,80,1.5,0.0,92.0
2026-01-25 09:00:00,9,12.2,100,82,2.2,5.0,92.80000000000001
2026-01-25 10:00:00,10,11.84,100,83,2.7,21.0,93.2
2026-01-25 11:00:00,11,13.46,100,82,3.0,62.0,92.80000000000001
2026-01-25 12:00:00,12,13.82,100,84,2.8,70.0,93.6
2026-01-25 13:00:00,13,14.0,100,85,2.2,96.0,94.0
2026-01-25 14:00:00,14,15.440000000000001,100,84,3.2,82.0,93.6
2026-01-25 15:00:00,15,15.620000000000001,100,85,2.8,101.0,94.0
2026-01-25 16:00:00,16,17.96,100,86,2.2,82.0,94.4
2026-01-25 17:00:00,17,18.86,100,85,1.9,63.0,94.0
2026-01-25 18:00:00,18,17.96,100,88,1.9,18.0,95.2
2026-01-25 19:00:00,19,18.86,100,92,2.9,0.0,96.80000000000001
2026-01-25 20:00:00,20,19.58,100,87,1.4,0.0,94.80000000000001
2026-01-25 21:00:00,21,20.48,100,88,1.4,0.0,95.2
2026-01-25 22:00:00,22,21.74,100,88,0.4,0.0,95.2
2026-01-25 23:00:00,23,23.0,100,88,0.2,0.0,95.2
2026-01-26 00:00:00,0,23.54,100,88,0.2,0.0,95.2
2026-01-26 01:00:00,1,22.82,100,88,0.0,0.0,95.2
2026-01-26 02:00:00,2,21.560000000000002,100,85,0.0,0.0,94.0
2026-01-26 03:00:00,3,22.28,100,85,0.0,0.0,94.0
2026-01-26 04:00:00,4,22.1,100,86,0.0,0.0,94.4
2026-01-26 05:00:00,5,21.92,100,86,0.0,0.0,94.4
2026-01-26 06:00:00,6,21.38,98,86,0.0,0.0,93.19999999999999
2026-01-26 07:00:00,7,20.84,100,86,0.0,0.0,94.4
2026-01-26 08:00:00,8,20.84,100,86,0.0,0.0,94.4
2026-01-26 09:00:00,9,20.66,100,86,0.0,16.0,94.4
2026-01-26 10:00:00,10,21.02,100,84,0.0,73.0,93.6
2026-01-26 11:00:00,11,22.1,100,82,0.0,163.0,92.80000000000001
2026-01-26 12:00:00,12,23.0,98,78,0.0,316.0,90.0
2026-01-26 13:00:00,13,23.0,99,74,0.0,412.0,89.0
2026-01-26 14:00:00,14,24.62,34,71,0.0,403.0,48.8
2026-01-26 15:00:00,15,24.62,41,70,0.0,505.0,52.599999999999994
2026-01-26 16:00:00,16,24.439999999999998,15,68,0.0,412.0,36.2
2026-01-26 17:00:00,17,23.36,100,70,0.0,245.0,88.0
2026-01-26 18:00:00,18,22.46,99,70,0.0,57.0,87.4
2026-01-26 19:00:00,19,21.02,41,68,0.0,1.0,51.8
2026-01-26 20:00:00,20,19.76,2,63,0.0,0.0,26.400000000000002
2026-01-26 21:00:00,21,18.5,68,63,0.0,0.0,66.0
2026-01-26 22:00:00,22,17.96,2,62,0.0,0.0,26.0
2026-01-26 23:00:00,23,17.240000000000002,2,62,0.0,0.0,26.0
2026-01-27 00:00:00,0,15.8,0,65,0.0,0.0,26.0
2026-01-27 01:00:00,1,14.0,0,68,0.0,0.0,27.200000000000003
2026-01-27 02:00:00,2,14.720000000000002,0,63,0.0,0.0,25.200000000000003
2026-01-27 03:00:00,3,14.54,0,64,0.0,0.0,25.6
2026-01-27 04:00:00,4,14.18,0,64,0.0,0.0,25.6
2026-01-27 05:00:00,5,13.279999999999998,0,66,0.0,0.0,26.400000000000002
2026-01-27 06:00:00,6,12.020000000000003,0,70,0.0,0.0,28.0
2026-01-27 07:00:00,7,10.940000000000001,0,72,0.0,0.0,28.8
2026-01-27 08:00:00,8,10.399999999999999,3,71,0.0,0.0,30.200000000000003
2026-01-27 09:00:00,9,10.399999999999999,0,71,0.0,30.0,28.400000000000002
2026-01-27 10:00:00,10,11.3,0,71,0.0,189.0,28.400000000000002
2026-01-27 11:00:00,11,13.100000000000001,2,70,0.0,362.0,29.2
2026-01-27 12:00:00,12,14.899999999999999,15,67,0.0,498.0,35.8
2026-01-27 13:00:00,13,16.16,17,62,0.0,577.0,35.0
2026-01-27 14:00:00,14,19.22,98,49,0.0,588.0,78.4
2026-01-27 15:00:00,15,19.76,96,53,0.0,499.0,78.8
2026-01-27 16:00:00,16,20.3,95,62,0.0,402.0,81.8
2026-01-27 17:00:00,17,20.66,31,66,0.1,202.0,45.0
2026-01-27 18:00:00,18,18.86,31,67,0.0,84.0,45.4
2026-01-27 19:00:00,19,15.979999999999997,6,71,0.0,1.0,32.0
2026-01-27 20:00:00,20,16.16,98,68,0.0,0.0,86.0
2026-01-27 21:00:00,21,18.5,12,65,0.0,0.0,33.2
2026-01-27 22:00:00,22,18.14,2,66,0.0,0.0,27.6
2026-01-27 23:00:00,23,17.6,0,63,0.0,0.0,25.200000000000003
2026-01-28 00:00:00,0,16.16,2,65,0.0,0.0,27.2
2026-01-28 01:00:00,1,15.259999999999998,2,68,0.0,0.0,28.400000000000002
2026-01-28 02:00:00,2,15.620000000000001,0,64,0.0,0.0,25.6
2026-01-28 03:00:00,3,15.440000000000001,5,64,0.0,0.0,28.6
2026-01-28 04:00:00,4,14.36,0,66,0.0,0.0,26.400000000000002
2026-01-28 05:00:00,5,13.100000000000001,0,68,0.0,0.0,27.200000000000003
2026-01-28 06:00:00,6,12.2,0,69,0.0,0.0,27.6
2026-01-28 07:00:00,7,11.120000000000001,0,70,0.0,0.0,28.0
2026-01-28 08:00:00,8,10.579999999999998,0,68,0.0,0.0,27.200000000000003
2026-01-28 09:00:00,9,10.940000000000001,0,68,0.0,32.0,27.200000000000003
2026-01-28 10:00:00,10,12.379999999999999,0,67,0.0,194.0,26.8
2026-01-28 11:00:00,11,14.54,0,64,0.0,369.0,25.6
2026-01-28 12:00:00,12,15.979999999999997,0,64,0.0,504.0,25.6
2026-01-28 13:00:00,13,16.88,100,62,0.0,583.0,84.8
2026-01-28 14:00:00,14,19.939999999999998,99,50,0.0,557.0,79.4
2026-01-28 15:00:00,15,19.58,100,52,0.0,468.0,80.8
2026-01-28 16:00:00,16,18.86,100,57,0.0,353.0,82.8
2026-01-28 17:00:00,17,17.06,94,60,0.0,214.0,80.4
2026-01-28 18:00:00,18,15.620000000000001,1,63,0.0,73.0,25.800000000000004
2026-01-28 19:00:00,19,12.379999999999999,3,68,0.0,1.0,29.000000000000004
2026-01-28 20:00:00,20,11.66,2,68,0.0,0.0,28.400000000000002
2026-01-28 21:00:00,21,10.579999999999998,1,70,0.0,0.0,28.6
2026-01-28 22:00:00,22,9.32,3,70,0.0,0.0,29.8
2026-01-28 23:00:00,23,8.420000000000002,1,70,0.0,0.0,28.6
2026-01-29 00:00:00,0,9.5,0,67,0.0,0.0,26.8
2026-01-29 01:00:00,1,9.86,0,65,0.0,0.0,26.0
2026-01-29 02:00:00,2,10.399999999999999,0,63,0.0,0.0,25.200000000000003
2026-01-29 03:00:00,3,9.5,2,65,0.0,0.0,27.2
2026-01-29 04:00:00,4,8.059999999999999,23,69,0.0,0.0,41.4
2026-01-29 05:00:00,5,7.520000000000003,55,70,0.0,0.0,61.0
2026-01-29 06:00:00,6,7.699999999999999,45,72,0.0,0.0,55.8
2026-01-29 07:00:00,7,7.699999999999999,4,73,0.0,0.0,31.6
2026-01-29 08:00:00,8,9.32,0,69,0.0,0.0,27.6
2026-01-29 09:00:00,9,9.5,0,70,0.0,32.0,28.0
2026-01-29 10:00:00,10,10.579999999999998,0,70,0.0,193.0,28.0
2026-01-29 11:00:00,11,12.379999999999999,0,71,0.0,369.0,28.400000000000002
2026-01-29 12:00:00,12,13.82,0,69,0.0,504.0,27.6
2026-01-29 13:00:00,13,15.079999999999998,0,68,0.0,585.0,27.200000000000003
2026-01-29 14:00:00,14,15.259999999999998,0,67,0.0,601.0,26.8
2026-01-29 15:00:00,15,15.979999999999997,0,64,0.0,551.0,25.6
2026-01-29 16:00:00,16,16.16,0,67,0.0,438.0,26.8
2026-01-29 17:00:00,17,15.8,6,68,0.0,278.0,30.800000000000004
2026-01-29 18:00:00,18,14.720000000000002,13,69,0.0,99.0,35.4
2026-01-29 19:00:00,19,13.82,1,69,0.0,2.0,28.200000000000003
2026-01-29 20:00:00,20,14.0,0,65,0.0,0.0,26.0
2026-01-29 21:00:00,21,14.0,0,65,0.0,0.0,26.0
2026-01-29 22:00:00,22,14.0,0,64,0.0,0.0,25.6
2026-01-29 23:00:00,23,13.279999999999998,0,65,0.0,0.0,26.0
2026-01-30 00:00:00,0,12.020000000000003,0,67,0.0,0.0,26.8
2026-01-30 01:00:00,1,11.3,0,68,0.0,0.0,27.200000000000003
2026-01-30 02:00:00,2,11.479999999999997,0,63,0.0,0.0,25.200000000000003
2026-01-30 03:00:00,3,10.759999999999998,0,63,0.0,0.0,25.200000000000003
2026-01-30 04:00:00,4,9.32,0,65,0.0,0.0,26.0
2026-01-30 05:00:00,5,7.879999999999999,0,68,0.0,0.0,27.200000000000003
2026-01-30 06:00:00,6,7.16,0,68,0.0,0.0,27.200000000000003
2026-01-30 07:00:00,7,6.080000000000002,0,69,0.0,0.0,27.6
2026-01-30 08:00:00,8,6.259999999999998,0,67,0.0,0.0,26.8
2026-01-30 09:00:00,9,6.440000000000001,0,68,0.0,35.0,27.200000000000003
2026-01-30 10:00:00,10,8.420000000000002,1,64,0.0,202.0,26.200000000000003
2026-01-30 11:00:00,11,10.579999999999998,0,61,0.0,379.0,24.400000000000002
2026-01-30 12:00:00,12,11.3,0,59,0.0,518.0,23.6
2026-01-30 13:00:00,13,11.66,0,59,0.0,600.0,23.6
2026-01-30 14:00:00,14,14.720000000000002,0,52,0.0,616.0,20.8
2026-01-30 15:00:00,15,15.259999999999998,0,53,0.0,565.0,21.200000000000003
2026-01-30 16:00:00,16,15.079999999999998,2,55,0.0,453.0,23.2
2026-01-30 17:00:00,17,14.54,0,57,0.0,291.0,22.8
2026-01-30 18:00:00,18,12.740000000000002,2,61,0.0,107.0,25.6
2026-01-30 19:00:00,19,10.399999999999999,0,65,0.0,2.0,26.0
2026-01-30 20:00:00,20,9.68,4,63,0.0,0.0,27.6
2026-01-30 21:00:00,21,8.96,5,65,0.0,0.0,29.0
2026-01-30 22:00:00,22,7.879999999999999,3,67,0.0,0.0,28.6
2026-01-30 23:00:00,23,6.620000000000001,1,68,0.0,0.0,27.800000000000004
2026-01-31 00:00:00,0,5.359999999999996,1,69,0.0,0.0,28.200000000000003
2026-01-31 01:00:00,1,4.82,14,68,0.0,0.0,35.6
2026-01-31 02:00:00,2,5.719999999999999,85,62,0.0,0.0,75.8
2026-01-31 03:00:00,3,6.259999999999998,96,65,0.0,0.0,83.6
2026-01-31 04:00:00,4,5.899999999999999,57,67,0.0,0.0,61.0
2026-01-31 05:00:00,5,5.359999999999996,80,69,0.0,0.0,75.6
2026-01-31 06:00:00,6,5.18,87,70,0.0,0.0,80.19999999999999
2026-01-31 07:00:00,7,4.82,100,71,0.0,0.0,88.4
2026-01-31 08:00:00,8,5.540000000000003,100,69,0.0,0.0,87.6
2026-01-31 09:00:00,9,6.259999999999998,97,71,0.0,31.0,86.6
2026-01-31 10:00:00,10,8.420000000000002,87,71,0.0,171.0,80.6
2026-01-31 11:00:00,11,10.940000000000001,67,72,0.0,357.0,69.0
2026-01-31 12:00:00,12,13.279999999999998,96,70,0.0,506.0,85.6
2026-01-31 13:00:00,13,15.259999999999998,72,68,0.0,564.0,70.4
2026-01-31 14:00:00,14,18.5,98,59,0.0,585.0,82.4
2026-01-31 15:00:00,15,19.04,97,60,0.0,540.0,82.19999999999999
2026-01-31 16:00:00,16,19.22,100,61,0.0,416.0,84.4
2026-01-31 17:00:00,17,18.14,100,69,0.0,231.0,87.6
2026-01-31 18:00:00,18,15.979999999999997,100,70,0.0,82.0,88.0
2026-01-31 19:00:00,19,15.979999999999997,100,71,0.0,2.0,88.4
2026-01-31 20:00:00,20,15.8,100,68,0.0,0.0,87.2
2026-01-31 21:00:00,21,16.88,100,70,0.0,0.0,88.0
2026-01-31 22:00:00,22,15.620000000000001,100,71,0.0,0.0,88.4
2026-01-31 23:00:00,23,15.259999999999998,100,71,0.0,0.0,88.4
2026-02-01 00:00:00,0,14.36,100,72,0.0,0.0,88.8
2026-02-01 01:00:00,1,13.100000000000001,100,73,0.0,0.0,89.2
2026-02-01 02:00:00,2,13.64,100,68,0.0,0.0,87.2
2026-02-01 03:00:00,3,12.379999999999999,72,69,0.0,0.0,70.8
2026-02-01 04:00:00,4,11.3,100,70,0.0,0.0,88.0
2026-02-01 05:00:00,5,10.759999999999998,100,72,0.0,0.0,88.8
2026-02-01 06:00:00,6,10.04,100,73,0.0,0.0,89.2
2026-02-01 07:00:00,7,10.04,100,72,0.0,0.0,88.8
2026-02-01 08:00:00,8,10.04,100,66,0.0,0.0,86.4
2026-02-01 09:00:00,9,10.399999999999999,100,68,0.0,28.0,87.2
2026-02-01 10:00:00,10,10.940000000000001,100,68,0.0,149.0,87.2
2026-02-01 11:00:00,11,11.66,100,69,0.0,296.0,87.6
2026-02-01 12:00:00,12,13.100000000000001,100,69,0.0,479.0,87.6
2026-02-01 13:00:00,13,15.079999999999998,100,68,0.0,573.0,87.2
2026-02-01 14:00:00,14,18.14,94,60,0.0,590.0,80.4
2026-02-01 15:00:00,15,19.939999999999998,100,62,0.0,552.0,84.8
2026-02-01 16:00:00,16,20.66,100,65,0.0,439.0,86.0
2026-02-01 17:00:00,17,20.84,100,67,0.0,269.0,86.8
2026-02-01 18:00:00,18,19.76,100,68,0.0,96.0,87.2
2026-02-01 19:00:00,19,17.96,100,70,0.0,3.0,88.0
2026-02-01 20:00:00,20,19.76,100,62,0.0,0.0,84.8
2026-02-01 21:00:00,21,18.68,100,65,0.0,0.0,86.0
2026-02-01 22:00:00,22,17.240000000000002,91,66,0.0,0.0,81.0
2026-02-01 23:00:00,23,15.8,95,67,0.0,0.0,83.8
2026-02-02 00:00:00,0,14.720000000000002,0,67,0.0,0.0,26.8
2026-02-02 01:00:00,1,13.82,2,69,0.0,0.0,28.8
2026-02-02 02:00:00,2,16.16,0,62,0.0,0.0,24.8
2026-02-02 03:00:00,3,15.979999999999997,0,65,0.0,0.0,26.0
2026-02-02 04:00:00,4,15.8,0,67,0.0,0.0,26.8
2026-02-02 05:00:00,5,15.8,0,67,0.0,0.0,26.8
2026-02-02 06:00:00,6,15.620000000000001,0,66,0.0,0.0,26.400000000000002
2026-02-02 07:00:00,7,15.259999999999998,0,65,0.0,0.0,26.0
2026-02-02 08:00:00,8,16.34,0,62,0.0,0.0,24.8
2026-02-02 09:00:00,9,16.520000000000003,0,64,0.0,40.0,25.6
2026-02-02 10:00:00,10,17.779999999999998,0,65,0.0,209.0,26.0
2026-02-02 11:00:00,11,19.58,0,67,0.0,384.0,26.8
2026-02-02 12:00:00,12,21.560000000000002,0,68,0.0,521.0,27.200000000000003
2026-02-02 13:00:00,13,23.54,0,69,0.0,604.0,27.6
2026-02-02 14:00:00,14,27.68,0,58,0.0,621.0,23.200000000000003
2026-02-02 15:00:00,15,28.76,0,61,0.0,572.0,24.400000000000002
2026-02-02 16:00:00,16,28.4,0,64,0.0,458.0,25.6
2026-02-02 17:00:00,17,27.32,0,65,0.0,296.0,26.0
2026-02-02 18:00:00,18,25.52,0,67,0.0,114.0,26.8
2026-02-02 19:00:00,19,23.18,0,70,0.0,4.0,28.0
2026-02-02 20:00:00,20,22.64,0,69,0.0,0.0,27.6
2026-02-02 21:00:00,21,22.82,0,69,0.0,0.0,27.6
2026-02-02 22:00:00,22,21.74,23,71,0.0,0.0,42.2
2026-02-02 23:00:00,23,20.48,0,71,0.0,0.0,28.400000000000002
2026-02-03 00:00:00,0,19.76,0,71,0.0,0.0,28.400000000000002
2026-02-03 01:00:00,1,19.22,0,71,0.0,0.0,28.400000000000002
2026-02-03 02:00:00,2,18.68,0,68,0.0,0.0,27.200000000000003
2026-02-03 03:00:00,3,18.68,0,68,0.0,0.0,27.200000000000003
2026-02-03 04:00:00,4,17.96,31,68,0.0,0.0,45.8
2026-02-03 05:00:00,5,18.68,5,69,0.0,0.0,30.6
2026-02-03 06:00:00,6,18.68,3,70,0.0,0.0,29.8
2026-02-03 07:00:00,7,17.779999999999998,30,72,0.0,0.0,46.8
2026-02-03 08:00:00,8,19.4,95,71,0.0,0.0,85.4
2026-02-03 09:00:00,9,20.84,96,75,0.0,32.0,87.6
2026-02-03 10:00:00,10,23.9,100,76,0.0,122.0,90.4
2026-02-03 11:00:00,11,26.6,95,76,0.0,217.0,87.4
2026-02-03 12:00:00,12,29.66,88,73,0.0,375.0,82.0
2026-02-03 13:00:00,13,30.92,59,67,0.0,447.0,62.2
2026-02-03 14:00:00,14,32.72,12,58,0.0,579.0,30.400000000000002
2026-02-03 15:00:00,15,32.72,65,58,0.0,568.0,62.2
2026-02-03 16:00:00,16,32.54,75,60,0.0,455.0,69.0
2026-02-03 17:00:00,17,31.28,100,64,0.0,275.0,85.6
2026-02-03 18:00:00,18,28.4,100,69,0.0,93.0,87.6
2026-02-03 19:00:00,19,27.32,100,70,0.0,4.0,88.0
2026-02-03 20:00:00,20,28.04,97,72,0.0,0.0,87.0
2026-02-03 21:00:00,21,25.16,85,78,0.0,0.0,82.2
2026-02-03 22:00:00,22,22.82,100,84,0.0,0.0,93.6
2026-02-03 23:00:00,23,23.72,100,82,0.0,0.0,92.80000000000001
2026-02-04 00:00:00,0,24.8,100,84,0.0,0.0,93.6
2026-02-04 01:00:00,1,24.98,100,83,0.0,0.0,93.2
2026-02-04 02:00:00,2,26.060000000000002,100,81,0.0,0.0,92.4
2026-02-04 03:00:00,3,26.96,100,83,0.1,0.0,93.2
2026-02-04 04:00:00,4,26.96,100,81,0.0,0.0,92.4
2026-02-04 05:00:00,5,26.96,100,81,0.0,0.0,92.4
2026-02-04 06:00:00,6,26.96,100,80,0.0,0.0,92.0
2026-02-04 07:00:00,7,27.14,100,82,0.0,0.0,92.80000000000001
2026-02-04 08:00:00,8,28.76,100,69,0.0,0.0,87.6
2026-02-04 09:00:00,9,28.76,21,74,0.0,24.0,42.2
2026-02-04 10:00:00,10,28.4,0,73,0.0,192.0,29.200000000000003
2026-02-04 11:00:00,11,28.94,0,71,0.0,388.0,28.400000000000002
2026-02-04 12:00:00,12,28.22,0,71,0.0,526.0,28.400000000000002
2026-02-04 13:00:00,13,28.04,0,68,0.0,604.0,27.200000000000003
2026-02-04 14:00:00,14,31.46,0,56,0.0,620.0,22.400000000000002
2026-02-04 15:00:00,15,30.92,0,56,0.0,573.0,22.400000000000002
2026-02-04 16:00:00,16,30.38,93,60,0.0,464.0,79.8
2026-02-04 17:00:00,17,28.4,98,65,0.0,302.0,84.8
2026-02-04 18:00:00,18,26.060000000000002,99,65,0.0,108.0,85.4
2026-02-04 19:00:00,19,24.439999999999998,100,68,0.0,5.0,87.2
2026-02-04 20:00:00,20,24.439999999999998,100,66,0.0,0.0,86.4
2026-02-04 21:00:00,21,23.0,95,67,0.0,0.0,83.8
2026-02-04 22:00:00,22,22.82,96,68,0.0,0.0,84.8
2026-02-04 23:00:00,23,22.46,98,68,0.0,0.0,86.0
2026-02-05 00:00:00,0,21.38,98,69,0.0,0.0,86.4
2026-02-05 01:00:00,1,20.12,41,70,0.0,0.0,52.599999999999994
2026-02-05 02:00:00,2,19.76,4,66,0.0,0.0,28.8
2026-02-05 03:00:00,3,19.04,2,69,0.0,0.0,28.8
2026-02-05 04:00:00,4,17.6,0,70,0.0,0.0,28.0
2026-02-05 05:00:00,5,16.16,0,71,0.0,0.0,28.400000000000002
2026-02-05 06:00:00,6,14.720000000000002,0,73,0.0,0.0,29.200000000000003
2026-02-05 07:00:00,7,13.279999999999998,0,74,0.0,0.0,29.6
2026-02-05 08:00:00,8,14.36,0,69,0.0,0.0,27.6
2026-02-05 09:00:00,9,14.36,0,71,0.0,47.0,28.400000000000002
2026-02-05 10:00:00,10,16.34,0,70,0.0,220.0,28.0
2026-02-05 11:00:00,11,17.96,0,70,0.0,397.0,28.0
2026-02-05 12:00:00,12,19.4,0,71,0.0,534.0,28.400000000000002
2026-02-05 13:00:00,13,21.02,0,71,0.0,614.0,28.400000000000002
2026-02-05 14:00:00,14,27.32,0,55,0.0,629.0,22.0
2026-02-05 15:00:00,15,27.86,0,55,0.0,579.0,22.0
2026-02-05 16:00:00,16,27.86,0,57,0.0,467.0,22.8
2026-02-05 17:00:00,17,26.42,0,66,0.0,308.0,26.400000000000002
2026-02-05 18:00:00,18,23.18,0,64,0.0,125.0,25.6
2026-02-05 19:00:00,19,19.4,0,70,0.0,6.0,28.0
2026-02-05 20:00:00,20,18.5,0,75,0.0,0.0,30.0
2026-02-05 21:00:00,21,18.32,0,75,0.0,0.0,30.0
2026-02-05 22:00:00,22,17.240000000000002,0,77,0.0,0.0,30.8
2026-02-05 23:00:00,23,17.96,1,77,0.0,0.0,31.400000000000002
2026-02-06 00:00:00,0,15.979999999999997,0,79,0.0,0.0,31.6
2026-02-06 01:00:00,1,13.64,0,81,0.0,0.0,32.4
2026-02-06 02:00:00,2,15.259999999999998,23,78,0.0,0.0,45.0
2026-02-06 03:00:00,3,15.8,100,79,0.0,0.0,91.6
2026-02-06 04:00:00,4,15.979999999999997,95,79,0.0,0.0,88.6
2026-02-06 05:00:00,5,15.8,100,79,0.0,0.0,91.6
2026-02-06 06:00:00,6,15.079999999999998,99,79,0.0,0.0,91.0
2026-02-06 07:00:00,7,14.18,71,80,0.0,0.0,74.6
2026-02-06 08:00:00,8,13.82,36,78,0.0,0.0,52.8
2026-02-06 09:00:00,9,13.64,42,80,0.0,46.0,57.2
2026-02-06 10:00:00,10,16.16,2,79,0.0,211.0,32.800000000000004
2026-02-06 11:00:00,11,19.4,20,76,0.0,398.0,42.400000000000006
2026-02-06 12:00:00,12,22.64,87,72,0.0,533.0,81.0
2026-02-06 13:00:00,13,25.34,100,67,0.0,594.0,86.8
2026-02-06 14:00:00,14,28.22,100,58,0.0,594.0,83.2
2026-02-06 15:00:00,15,29.3,100,58,0.0,388.0,83.2
2026-02-06 16:00:00,16,29.48,100,61,0.0,212.0,84.4
2026-02-06 17:00:00,17,28.94,100,65,0.0,153.0,86.0
2026-02-06 18:00:00,18,27.86,100,73,0.0,69.0,89.2
2026-02-06 19:00:00,19,26.78,100,79,0.1,3.0,91.6
2026-02-06 20:00:00,20,26.6,100,84,0.1,0.0,93.6
2026-02-06 21:00:00,21,26.42,100,86,0.2,0.0,94.4
2026-02-06 22:00:00,22,26.060000000000002,99,88,0.1,0.0,94.6
2026-02-06 23:00:00,23,25.16,99,90,0.0,0.0,95.4
2026-02-07 00:00:00,0,24.62,93,90,0.0,0.0,91.8
2026-02-07 01:00:00,1,24.08,19,90,0.0,0.0,47.4
2026-02-07 02:00:00,2,24.62,85,89,0.0,0.0,86.6
2026-02-07 03:00:00,3,25.7,100,85,0.0,0.0,94.0
2026-02-07 04:00:00,4,27.14,98,83,0.0,0.0,92.0
2026-02-07 05:00:00,5,27.68,35,79,0.0,0.0,52.6
2026-02-07 06:00:00,6,24.98,100,75,0.0,0.0,90.0
2026-02-07 07:00:00,7,19.22,9,68,0.0,0.0,32.6
2026-02-07 08:00:00,8,21.2,1,57,0.0,0.0,23.400000000000002
2026-02-07 09:00:00,9,17.240000000000002,0,55,0.0,52.0,22.0
2026-02-07 10:00:00,10,14.0,2,60,0.0,233.0,25.2
2026-02-07 11:00:00,11,9.14,18,62,0.0,412.0,35.6
2026-02-07 12:00:00,12,6.979999999999997,9,60,0.0,536.0,29.4
2026-02-07 13:00:00,13,6.620000000000001,9,60,0.0,634.0,29.4
2026-02-07 14:00:00,14,10.579999999999998,74,50,0.0,645.0,64.4
2026-02-07 15:00:00,15,9.86,48,58,0.0,592.0,52.0
2026-02-07 16:00:00,16,10.220000000000002,47,58,0.0,489.0,51.400000000000006
2026-02-07 17:00:00,17,9.68,15,57,0.0,325.0,31.8
2026-02-07 18:00:00,18,8.059999999999999,0,56,0.0,135.0,22.400000000000002
2026-02-07 19:00:00,19,6.080000000000002,17,58,0.0,8.0,33.400000000000006
2026-02-07 20:00:00,20,8.240000000000002,0,52,0.0,0.0,20.8
2026-02-07 21:00:00,21,7.16,0,53,0.0,0.0,21.200000000000003
2026-02-07 22:00:00,22,6.259999999999998,0,56,0.0,0.0,22.400000000000002
2026-02-07 23:00:00,23,5.359999999999996,3,60,0.0,0.0,25.8
2026-02-08 00:00:00,0,4.82,4,62,0.0,0.0,27.2
2026-02-08 01:00:00,1,4.280000000000001,3,63,0.0,0.0,27.000000000000004
2026-02-08 02:00:00,2,6.259999999999998,0,57,0.0,0.0,22.8
2026-02-08 03:00:00,3,5.899999999999999,0,59,0.0,0.0,23.6
2026-02-08 04:00:00,4,5.18,2,60,0.0,0.0,25.2
2026-02-08 05:00:00,5,4.280000000000001,0,62,0.0,0.0,24.8
2026-02-08 06:00:00,6,3.559999999999995,5,63,0.0,0.0,28.200000000000003
2026-02-08 07:00:00,7,2.8400000000000034,1,64,0.0,0.0,26.200000000000003
2026-02-08 08:00:00,8,4.82,0,58,0.0,0.0,23.200000000000003
2026-02-08 09:00:00,9,5.0,0,60,0.0,55.0,24.0
2026-02-08 10:00:00,10,6.440000000000001,0,61,0.0,236.0,24.400000000000002
2026-02-08 11:00:00,11,7.879999999999999,0,59,0.0,417.0,23.6
2026-02-08 12:00:00,12,9.14,0,59,0.0,556.0,23.6
2026-02-08 13:00:00,13,10.579999999999998,22,57,0.0,637.0,36.0
2026-02-08 14:00:00,14,14.0,0,50,0.0,654.0,20.0
2026-02-08 15:00:00,15,14.36,0,54,0.0,604.0,21.6
2026-02-08 16:00:00,16,15.079999999999998,0,55,0.0,490.0,22.0
2026-02-08 17:00:00,17,14.720000000000002,0,59,0.0,326.0,23.6
2026-02-08 18:00:00,18,13.82,0,61,0.0,138.0,24.400000000000002
2026-02-08 19:00:00,19,12.379999999999999,0,63,0.0,9.0,25.200000000000003
2026-02-08 20:00:00,20,12.740000000000002,0,57,0.0,0.0,22.8
2026-02-08 21:00:00,21,12.559999999999999,0,58,0.0,0.0,23.200000000000003
2026-02-08 22:00:00,22,11.84,0,60,0.0,0.0,24.0
2026-02-08 23:00:00,23,10.759999999999998,0,62,0.0,0.0,24.8
2026-02-09 00:00:00,0,9.5,0,64,0.0,0.0,25.6
2026-02-09 01:00:00,1,8.420000000000002,0,66,0.0,0.0,26.400000000000002
2026-02-09 02:00:00,2,10.04,0,60,0.0,0.0,24.0
2026-02-09 03:00:00,3,9.14,0,63,0.0,0.0,25.200000000000003
2026-02-09 04:00:00,4,8.240000000000002,0,66,0.0,0.0,26.400000000000002
2026-02-09 05:00:00,5,7.520000000000003,0,68,0.0,0.0,27.200000000000003
2026-02-09 06:00:00,6,6.800000000000001,0,70,0.0,0.0,28.0
2026-02-09 07:00:00,7,6.440000000000001,0,71,0.0,0.0,28.400000000000002
2026-02-09 08:00:00,8,7.34,0,69,0.0,0.0,27.6
2026-02-09 09:00:00,9,8.779999999999998,0,70,0.0,57.0,28.0
2026-02-09 10:00:00,10,11.3,0,69,0.0,237.0,27.6
2026-02-09 11:00:00,11,13.64,11,67,0.0,415.0,33.4
2026-02-09 12:00:00,12,16.16,1,65,0.0,552.0,26.6
2026-02-09 13:00:00,13,18.5,29,64,0.0,633.0,43.0
2026-02-09 14:00:00,14,22.82,7,52,0.0,646.0,25.0
2026-02-09 15:00:00,15,24.439999999999998,65,51,0.0,600.0,59.400000000000006
2026-02-09 16:00:00,16,25.34,9,53,0.0,487.0,26.6
2026-02-09 17:00:00,17,25.16,57,60,0.0,325.0,58.199999999999996
2026-02-09 18:00:00,18,21.74,100,61,0.0,137.0,84.4
2026-02-09 19:00:00,19,21.92,100,68,0.0,8.0,87.2
2026-02-09 20:00:00,20,22.46,100,66,0.0,0.0,86.4
2026-02-09 21:00:00,21,22.82,100,72,0.0,0.0,88.8
2026-02-09 22:00:00,22,21.92,97,74,0.0,0.0,87.8
2026-02-09 23:00:00,23,19.04,100,76,0.0,0.0,90.4
2026-02-10 00:00:00,0,16.16,100,78,0.0,0.0,91.2
2026-02-10 01:00:00,1,14.18,100,78,0.0,0.0,91.2
2026-02-10 02:00:00,2,14.36,100,77,0.0,0.0,90.8
2026-02-10 03:00:00,3,15.079999999999998,100,77,0.0,0.0,90.8
2026-02-10 04:00:00,4,15.079999999999998,100,75,0.0,0.0,90.0
2026-02-10 05:00:00,5,16.16,100,76,0.0,0.0,90.4
2026-02-10 06:00:00,6,15.8,100,78,0.0,0.0,91.2
2026-02-10 07:00:00,7,16.16,100,79,0.0,0.0,91.6
2026-02-10 08:00:00,8,17.96,100,73,0.0,0.0,89.2
2026-02-10 09:00:00,9,19.939999999999998,100,74,0.0,27.0,89.6
2026-02-10 10:00:00,10,21.74,100,75,0.0,131.0,90.0
2026-02-10 11:00:00,11,24.26,94,71,0.0,210.0,84.8
2026-02-10 12:00:00,12,28.04,98,63,0.0,515.0,84.0
2026-02-10 13:00:00,13,30.92,100,55,0.0,570.0,82.0
2026-02-10 14:00:00,14,32.54,100,48,0.0,381.0,79.2
2026-02-10 15:00:00,15,34.16,100,52,0.0,395.0,80.8
2026-02-10 16:00:00,16,35.06,100,52,0.0,288.0,80.8
2026-02-10 17:00:00,17,36.14,100,51,0.0,184.0,80.4
2026-02-10 18:00:00,18,34.88,100,61,0.0,105.0,84.4
2026-02-10 19:00:00,19,32.72,100,71,0.0,9.0,88.4
2026-02-10 20:00:00,20,32.36,100,71,0.0,0.0,88.4
2026-02-10 21:00:00,21,32.36,100,76,0.0,0.0,90.4
2026-02-10 22:00:00,22,33.44,99,75,0.0,0.0,89.4
2026-02-10 23:00:00,23,33.44,99,73,0.0,0.0,88.6
2026-02-11 00:00:00,0,32.18,98,76,0.0,0.0,89.2
2026-02-11 01:00:00,1,33.8,100,79,0.6,0.0,91.6
2026-02-11 02:00:00,2,34.34,94,72,0.0,0.0,85.2
2026-02-11 03:00:00,3,34.52,94,73,0.0,0.0,85.6
2026-02-11 04:00:00,4,35.96,77,72,0.0,0.0,75.0
2026-02-11 05:00:00,5,36.32,52,71,0.0,0.0,59.6
2026-02-11 06:00:00,6,34.88,9,74,0.0,0.0,35.0
2026-02-11 07:00:00,7,33.8,27,77,0.0,0.0,47.0
2026-02-11 08:00:00,8,33.8,58,75,0.0,0.0,64.8
2026-02-11 09:00:00,9,35.6,37,73,0.0,58.0,51.400000000000006
2026-02-11 10:00:00,10,37.4,3,72,0.0,232.0,30.6
2026-02-11 11:00:00,11,38.48,82,71,0.0,404.0,77.6
2026-02-11 12:00:00,12,39.38,90,71,0.0,509.0,82.4
2026-02-11 13:00:00,13,39.56,95,70,0.0,590.0,85.0
2026-02-11 14:00:00,14,41.72,76,58,0.0,509.0,68.80000000000001
2026-02-11 15:00:00,15,39.92,100,60,0.0,488.0,84.0
2026-02-11 16:00:00,16,39.02,95,64,0.0,317.0,82.6
2026-02-11 17:00:00,17,37.76,100,65,0.0,191.0,86.0
2026-02-11 18:00:00,18,35.96,100,66,0.0,95.0,86.4
2026-02-11 19:00:00,19,34.16,36,68,0.0,8.0,48.8
2026-02-11 20:00:00,20,34.16,2,65,0.0,0.0,27.2
2026-02-11 21:00:00,21,32.0,3,67,0.0,0.0,28.6
2026-02-11 22:00:00,22,31.1,32,67,0.0,0.0,46.0
2026-02-11 23:00:00,23,31.1,13,66,0.0,0.0,34.2
2026-02-12 00:00:00,0,30.38,29,69,0.0,0.0,45.0
2026-02-12 01:00:00,1,29.66,30,71,0.0,0.0,46.400000000000006
2026-02-12 02:00:00,2,30.38,39,64,0.0,0.0,49.0
2026-02-12 03:00:00,3,30.2,25,65,0.0,0.0,41.0
2026-02-12 04:00:00,4,29.48,19,66,0.0,0.0,37.800000000000004
2026-02-12 05:00:00,5,28.76,37,66,0.0,0.0,48.6
2026-02-12 06:00:00,6,27.5,40,68,0.0,0.0,51.2
2026-02-12 07:00:00,7,26.96,81,69,0.0,0.0,76.2
2026-02-12 08:00:00,8,29.84,71,66,0.0,0.0,69.0
2026-02-12 09:00:00,9,29.48,100,66,0.0,40.0,86.4
2026-02-12 10:00:00,10,30.56,100,67,0.0,97.0,86.8
2026-02-12 11:00:00,11,32.0,100,66,0.0,254.0,86.4
2026-02-12 12:00:00,12,32.36,100,64,0.0,323.0,85.6
2026-02-12 13:00:00,13,32.54,100,64,0.0,328.0,85.6
2026-02-12 14:00:00,14,34.16,98,62,0.0,310.0,83.6
2026-02-12 15:00:00,15,33.98,98,61,0.0,374.0,83.2
2026-02-12 16:00:00,16,33.98,99,64,0.0,297.0,85.0
2026-02-12 17:00:00,17,33.44,97,66,0.0,187.0,84.6
2026-02-12 18:00:00,18,31.82,95,68,0.0,100.0,84.2
2026-02-12 19:00:00,19,30.56,100,71,0.0,8.0,88.4
2026-02-12 20:00:00,20,27.86,84,70,0.0,0.0,78.4
2026-02-12 21:00:00,21,28.22,96,71,0.0,0.0,86.0
2026-02-12 22:00:00,22,26.78,100,74,0.0,0.0,89.6
2026-02-12 23:00:00,23,26.6,100,75,0.0,0.0,90.0
2026-02-13 00:00:00,0,25.7,29,74,0.0,0.0,47.0
2026-02-13 01:00:00,1,24.62,51,75,0.0,0.0,60.599999999999994
2026-02-13 02:00:00,2,24.8,5,70,0.0,0.0,31.0
2026-02-13 03:00:00,3,23.72,1,72,0.0,0.0,29.400000000000002
2026-02-13 04:00:00,4,22.82,0,72,0.0,0.0,28.8
2026-02-13 05:00:00,5,21.560000000000002,0,73,0.0,0.0,29.200000000000003
2026-02-13 06:00:00,6,20.48,0,76,0.0,0.0,30.400000000000002
2026-02-13 07:00:00,7,19.58,0,77,0.0,0.0,30.8
2026-02-13 08:00:00,8,19.939999999999998,0,75,0.0,0.0,30.0
2026-02-13 09:00:00,9,21.38,0,74,0.0,66.0,29.6
2026-02-13 10:00:00,10,23.9,0,72,0.0,244.0,28.8
2026-02-13 11:00:00,11,25.880000000000003,0,68,0.0,420.0,27.200000000000003
2026-02-13 12:00:00,12,27.86,0,66,0.0,556.0,26.400000000000002
2026-02-13 13:00:00,13,29.66,0,64,0.0,636.0,25.6
2026-02-13 14:00:00,14,32.54,0,55,0.0,653.0,22.0
2026-02-13 15:00:00,15,33.26,0,52,0.0,607.0,20.8
2026-02-13 16:00:00,16,33.62,0,52,0.0,498.0,20.8
2026-02-13 17:00:00,17,33.08,0,57,0.0,339.0,22.8
2026-02-13 18:00:00,18,30.38,5,64,0.0,153.0,28.6
2026-02-13 19:00:00,19,27.14,88,73,0.0,14.0,82.0
2026-02-13 20:00:00,20,27.14,35,73,0.0,0.0,50.2
2026-02-13 21:00:00,21,26.060000000000002,0,74,0.0,0.0,29.6
2026-02-13 22:00:00,22,25.52,20,74,0.0,0.0,41.6
2026-02-13 23:00:00,23,24.439999999999998,34,74,0.0,0.0,50.0
2026-02-14 00:00:00,0,23.72,57,74,0.0,0.0,63.8
2026-02-14 01:00:00,1,23.36,48,74,0.0,0.0,58.4
2026-02-14 02:00:00,2,23.54,17,74,0.0,0.0,39.8
2026-02-14 03:00:00,3,20.66,76,76,0.0,0.0,76.0
2026-02-14 04:00:00,4,22.28,40,75,0.3,0.0,54.0
2026-02-14 05:00:00,5,22.46,38,76,0.0,0.0,53.2
2026-02-14 06:00:00,6,22.82,93,76,0.0,0.0,86.2
2026-02-14 07:00:00,7,25.16,100,75,0.0,0.0,90.0
2026-02-14 08:00:00,8,27.32,91,73,0.0,0.0,83.80000000000001
2026-02-14 09:00:00,9,28.04,85,74,0.0,45.0,80.6
2026-02-14 10:00:00,10,30.56,10,73,0.0,157.0,35.2
2026-02-14 11:00:00,11,33.62,13,70,0.0,418.0,35.8
2026-02-14 12:00:00,12,36.5,13,66,0.0,540.0,34.2
2026-02-14 13:00:00,13,39.02,5,63,0.0,624.0,28.200000000000003
2026-02-14 14:00:00,14,42.980000000000004,0,57,0.0,638.0,22.8
2026-02-14 15:00:00,15,42.980000000000004,0,57,0.0,595.0,22.8
2026-02-14 16:00:00,16,42.980000000000004,0,60,0.0,488.0,24.0
2026-02-14 17:00:00,17,41.54,2,65,0.0,332.0,27.2
2026-02-14 18:00:00,18,39.74,2,65,0.0,150.0,27.2
2026-02-14 19:00:00,19,36.5,9,67,0.0,14.0,32.2
2026-02-14 20:00:00,20,36.32,23,70,0.0,0.0,41.8
2026-02-14 21:00:00,21,33.62,47,72,0.0,0.0,57.0
2026-02-14 22:00:00,22,32.72,30,79,0.0,0.0,49.6
2026-02-14 23:00:00,23,31.28,87,80,0.0,0.0,84.19999999999999
2026-02-15 00:00:00,0,30.02,100,82,0.0,0.0,92.80000000000001
2026-02-15 01:00:00,1,29.12,100,83,0.0,0.0,93.2
2026-02-15 02:00:00,2,30.38,100,82,0.0,0.0,92.80000000000001
2026-02-15 03:00:00,3,29.3,100,82,0.0,0.0,92.80000000000001
2026-02-15 04:00:00,4,28.76,100,84,0.0,0.0,93.6
2026-02-15 05:00:00,5,28.4,95,86,0.0,0.0,91.4
2026-02-15 06:00:00,6,27.14,90,88,0.0,0.0,89.2
2026-02-15 07:00:00,7,26.96,100,88,0.0,0.0,95.2
2026-02-15 08:00:00,8,27.32,100,87,0.0,0.0,94.80000000000001
2026-02-15 09:00:00,9,29.84,100,85,0.0,55.0,94.0
2026-02-15 10:00:00,10,33.8,100,81,0.0,148.0,92.4
2026-02-15 11:00:00,11,35.78,100,78,0.0,230.0,91.2
2026-02-15 12:00:00,12,37.94,100,75,0.0,342.0,90.0
2026-02-15 13:00:00,13,38.48,100,75,0.0,299.0,90.0
2026-02-15 14:00:00,14,42.44,100,66,0.0,303.0,86.4
2026-02-15 15:00:00,15,40.1,100,71,0.0,229.0,88.4
2026-02-15 16:00:00,16,40.1,100,75,0.1,190.0,90.0
2026-02-15 17:00:00,17,39.92,100,77,0.2,110.0,90.8
2026-02-15 18:00:00,18,39.74,100,79,0.3,46.0,91.6
2026-02-15 19:00:00,19,36.32,100,87,0.3,5.0,94.80000000000001
2026-02-15 20:00:00,20,35.24,100,89,0.5,0.0,95.6
2026-02-15 21:00:00,21,34.16,100,92,0.3,0.0,96.80000000000001
2026-02-15 22:00:00,22,33.44,100,96,0.6,0.0,98.4
2026-02-15 23:00:00,23,33.26,100,97,0.9,0.0,98.80000000000001
2026-02-16 00:00:00,0,33.26,100,98,0.9,0.0,99.2
2026-02-16 01:00:00,1,33.26,100,98,1.1,0.0,99.2
2026-02-16 02:00:00,2,33.26,100,98,1.3,0.0,99.2
2026-02-16 03:00:00,3,33.26,100,97,0.9,0.0,98.80000000000001
2026-02-16 04:00:00,4,33.08,100,96,0.5,0.0,98.4
2026-02-16 05:00:00,5,32.9,100,95,0.2,0.0,98.0
2026-02-16 06:00:00,6,32.54,37,93,0.0,0.0,59.400000000000006
2026-02-16 07:00:00,7,31.46,100,93,0.0,0.0,97.2
2026-02-16 08:00:00,8,31.64,16,92,0.0,0.0,46.400000000000006
2026-02-16 09:00:00,9,30.74,67,91,0.0,60.0,76.6
2026-02-16 10:00:00,10,31.82,99,89,0.0,205.0,95.0
2026-02-16 11:00:00,11,33.08,96,86,0.0,292.0,92.0
2026-02-16 12:00:00,12,33.98,7,83,0.0,462.0,37.400000000000006
2026-02-16 13:00:00,13,34.7,4,80,0.0,620.0,34.4
2026-02-16 14:00:00,14,36.32,13,78,0.0,650.0,39.0
2026-02-16 15:00:00,15,36.5,1,76,0.0,577.0,31.000000000000004
2026-02-16 16:00:00,16,36.86,1,75,0.0,498.0,30.6
2026-02-16 17:00:00,17,36.32,6,77,0.0,337.0,34.4
2026-02-16 18:00:00,18,34.52,5,75,0.0,154.0,33.0
2026-02-16 19:00:00,19,32.0,0,78,0.0,16.0,31.200000000000003
2026-02-16 20:00:00,20,35.78,100,82,0.0,0.0,92.80000000000001
2026-02-16 21:00:00,21,34.16,100,85,0.0,0.0,94.0
2026-02-16 22:00:00,22,33.62,100,88,0.0,0.0,95.2
2026-02-16 23:00:00,23,33.44,100,89,0.0,0.0,95.6
2026-02-17 00:00:00,0,33.26,88,88,0.0,0.0,88.0
2026-02-17 01:00:00,1,31.64,82,89,0.0,0.0,84.8
2026-02-17 02:00:00,2,33.8,100,89,0.0,0.0,95.6
2026-02-17 03:00:00,3,33.8,100,90,0.0,0.0,96.0
2026-02-17 04:00:00,4,33.98,100,91,0.0,0.0,96.4
2026-02-17 05:00:00,5,34.16,100,93,0.0,0.0,97.2
2026-02-17 06:00:00,6,34.34,100,93,0.0,0.0,97.2
2026-02-17 07:00:00,7,34.34,77,94,0.0,0.0,83.8
2026-02-17 08:00:00,8,32.54,98,96,0.0,0.0,97.2
2026-02-17 09:00:00,9,33.98,100,95,0.0,49.0,98.0
2026-02-17 10:00:00,10,35.24,100,93,0.0,98.0,97.2
2026-02-17 11:00:00,11,37.76,77,88,0.0,286.0,81.4
2026-02-17 12:00:00,12,40.1,57,84,0.0,484.0,67.8
2026-02-17 13:00:00,13,44.42,51,77,0.0,537.0,61.4
2026-02-17 14:00:00,14,43.34,100,76,0.0,543.0,90.4
2026-02-17 15:00:00,15,44.96,98,74,0.0,289.0,88.4
2026-02-17 16:00:00,16,46.76,3,71,0.0,366.0,30.200000000000003
2026-02-17 17:00:00,17,47.3,31,70,0.0,327.0,46.599999999999994
2026-02-17 18:00:00,18,45.32,20,76,0.0,149.0,42.400000000000006
2026-02-17 19:00:00,19,41.9,14,80,0.0,17.0,40.4
2026-02-17 20:00:00,20,39.38,87,89,0.0,0.0,87.8
2026-02-17 21:00:00,21,37.4,98,91,0.0,0.0,95.19999999999999
2026-02-17 22:00:00,22,36.32,83,92,0.0,0.0,86.6
2026-02-17 23:00:00,23,35.42,100,93,0.0,0.0,97.2
2026-02-18 00:00:00,0,34.52,100,94,0.0,0.0,97.6
2026-02-18 01:00:00,1,33.8,100,94,0.0,0.0,97.6
2026-02-18 02:00:00,2,32.9,100,95,0.0,0.0,98.0
2026-02-18 03:00:00,3,32.36,100,96,0.0,0.0,98.4
2026-02-18 04:00:00,4,32.9,100,97,0.0,0.0,98.80000000000001
2026-02-18 05:00:00,5,33.26,100,97,0.0,0.0,98.80000000000001
2026-02-18 06:00:00,6,33.08,100,97,0.0,0.0,98.80000000000001
2026-02-18 07:00:00,7,33.98,100,97,0.0,0.0,98.80000000000001
2026-02-18 08:00:00,8,33.98,100,97,0.0,0.0,98.80000000000001
2026-02-18 09:00:00,9,35.24,100,95,0.0,17.0,98.0
2026-02-18 10:00:00,10,37.04,100,94,0.0,101.0,97.6
2026-02-18 11:00:00,11,38.12,100,93,0.0,126.0,97.2
2026-02-18 12:00:00,12,41.36,100,89,0.0,306.0,95.6
2026-02-18 13:00:00,13,43.34,100,87,0.0,317.0,94.80000000000001
2026-02-18 14:00:00,14,43.519999999999996,100,86,0.0,503.0,94.4
2026-02-18 15:00:00,15,46.58,100,81,0.4,449.0,92.4
2026-02-18 16:00:00,16,45.68,100,83,0.0,129.0,93.2
2026-02-18 17:00:00,17,45.32,100,84,0.0,115.0,93.6
2026-02-18 18:00:00,18,44.42,100,87,0.0,66.0,94.80000000000001
2026-02-18 19:00:00,19,42.8,100,91,0.0,5.0,96.4
2026-02-18 20:00:00,20,42.980000000000004,100,94,0.0,0.0,97.6
2026-02-18 21:00:00,21,42.44,100,94,0.0,0.0,97.6
2026-02-18 22:00:00,22,41.54,98,95,0.0,0.0,96.8
2026-02-18 23:00:00,23,39.74,88,97,0.1,0.0,91.6
2026-02-19 00:00:00,0,37.58,94,98,0.0,0.0,95.6
2026-02-19 01:00:00,1,36.5,100,98,0.0,0.0,99.2
2026-02-19 02:00:00,2,37.94,89,98,0.0,0.0,92.6
2026-02-19 03:00:00,3,36.86,80,98,0.0,0.0,87.2
2026-02-19 04:00:00,4,35.96,95,97,0.0,0.0,95.80000000000001
2026-02-19 05:00:00,5,35.78,97,96,0.0,0.0,96.6
2026-02-19 06:00:00,6,35.6,100,97,0.0,0.0,98.80000000000001
2026-02-19 07:00:00,7,35.42,93,97,0.0,0.0,94.6
2026-02-19 08:00:00,8,35.96,100,96,0.0,0.0,98.4
2026-02-19 09:00:00,9,36.68,100,91,0.0,39.0,96.4
2026-02-19 10:00:00,10,37.04,100,89,0.0,88.0,95.6
2026-02-19 11:00:00,11,38.48,100,84,0.0,210.0,93.6
2026-02-19 12:00:00,12,40.82,100,78,0.0,341.0,91.2
2026-02-19 13:00:00,13,43.34,100,74,0.0,455.0,89.6
2026-02-19 14:00:00,14,40.82,100,78,0.0,431.0,91.2
2026-02-19 15:00:00,15,41.72,100,76,0.0,143.0,90.4
2026-02-19 16:00:00,16,41.9,100,75,0.0,83.0,90.0
2026-02-19 17:00:00,17,40.82,100,77,0.1,42.0,90.8
2026-02-19 18:00:00,18,38.48,100,82,0.4,31.0,92.80000000000001
2026-02-19 19:00:00,19,36.68,100,88,1.1,4.0,95.2
2026-02-19 20:00:00,20,37.04,100,90,0.4,0.0,96.0
2026-02-19 21:00:00,21,35.42,100,94,1.2,0.0,97.6
2026-02-19 22:00:00,22,34.88,100,96,0.3,0.0,98.4
2026-02-19 23:00:00,23,34.7,100,95,0.1,0.0,98.0
2026-02-20 00:00:00,0,35.06,100,94,0.0,0.0,97.6
2026-02-20 01:00:00,1,35.42,100,94,0.1,0.0,97.6
2026-02-20 02:00:00,2,36.14,100,93,0.1,0.0,97.2
2026-02-20 03:00:00,3,36.32,100,93,0.1,0.0,97.2
2026-02-20 04:00:00,4,36.14,100,93,0.0,0.0,97.2
2026-02-20 05:00:00,5,36.5,100,94,0.1,0.0,97.6
2026-02-20 06:00:00,6,36.68,100,95,0.4,0.0,98.0
2026-02-20 07:00:00,7,37.04,100,96,1.3,0.0,98.4
2026-02-20 08:00:00,8,37.22,100,96,3.4,0.0,98.4
2026-02-20 09:00:00,9,37.58,100,96,2.7,6.0,98.4
2026-02-20 10:00:00,10,38.48,100,96,3.0,17.0,98.4
2026-02-20 11:00:00,11,40.28,100,96,2.2,34.0,98.4
2026-02-20 12:00:00,12,43.519999999999996,100,95,0.3,109.0,98.0
2026-02-20 13:00:00,13,47.3,100,90,0.1,247.0,96.0
2026-02-20 14:00:00,14,45.14,100,94,0.0,244.0,97.6
2026-02-20 15:00:00,15,45.32,100,94,0.0,129.0,97.6
2026-02-20 16:00:00,16,45.68,100,94,0.0,120.0,97.6
2026-02-20 17:00:00,17,46.04,100,94,0.0,110.0,97.6
2026-02-20 18:00:00,18,45.32,89,95,0.0,62.0,91.4
2026-02-20 19:00:00,19,41.72,100,100,0.0,16.0,100.0
2026-02-20 20:00:00,20,42.260000000000005,100,99,0.0,0.0,99.6
2026-02-20 21:00:00,21,39.38,100,100,0.0,0.0,100.0
2026-02-20 22:00:00,22,38.48,100,99,0.0,0.0,99.6
2026-02-20 23:00:00,23,38.3,100,98,0.0,0.0,99.2
2026-02-21 00:00:00,0,37.94,100,97,0.0,0.0,98.80000000000001
2026-02-21 01:00:00,1,38.48,2,97,0.0,0.0,40.00000000000001
2026-02-21 02:00:00,2,39.92,93,100,0.0,0.0,95.8
2026-02-21 03:00:00,3,38.3,5,95,0.0,0.0,41.0
2026-02-21 04:00:00,4,36.68,43,90,0.0,0.0,61.8
2026-02-21 05:00:00,5,36.14,90,88,0.0,0.0,89.2
2026-02-21 06:00:00,6,35.42,2,88,0.0,0.0,36.400000000000006
2026-02-21 07:00:00,7,34.16,11,88,0.0,0.0,41.800000000000004
2026-02-21 08:00:00,8,36.86,5,81,0.0,1.0,35.4
2026-02-21 09:00:00,9,37.94,52,79,0.0,87.0,62.8
2026-02-21 10:00:00,10,41.36,23,72,0.0,259.0,42.6
2026-02-21 11:00:00,11,43.879999999999995,80,64,0.0,415.0,73.6
2026-02-21 12:00:00,12,45.86,87,58,0.0,508.0,75.4
2026-02-21 13:00:00,13,47.120000000000005,62,55,0.0,582.0,59.199999999999996
2026-02-21 14:00:00,14,46.58,92,57,0.0,587.0,78.0
2026-02-21 15:00:00,15,47.3,88,56,0.0,417.0,75.2
2026-02-21 16:00:00,16,47.84,91,54,0.0,406.0,76.2
2026-02-21 17:00:00,17,47.48,88,52,0.0,246.0,73.6
2026-02-21 18:00:00,18,46.58,72,60,0.0,117.0,67.19999999999999
2026-02-21 19:00:00,19,43.16,92,66,0.0,21.0,81.6
2026-02-21 20:00:00,20,42.260000000000005,100,70,0.0,0.0,88.0
2026-02-21 21:00:00,21,40.64,98,75,0.0,0.0,88.8
2026-02-21 22:00:00,22,38.48,82,77,0.0,0.0,80.0
2026-02-21 23:00:00,23,37.94,77,80,0.0,0.0,78.19999999999999
2026-02-22 00:00:00,0,36.14,55,83,0.0,0.0,66.2
2026-02-22 01:00:00,1,34.16,87,87,0.0,0.0,87.0
2026-02-22 02:00:00,2,34.16,60,89,0.0,0.0,71.6
2026-02-22 03:00:00,3,33.44,100,90,0.0,0.0,96.0
2026-02-22 04:00:00,4,33.8,100,89,0.0,0.0,95.6
2026-02-22 05:00:00,5,34.34,100,87,0.0,0.0,94.80000000000001
2026-02-22 06:00:00,6,34.34,100,87,0.1,0.0,94.80000000000001
2026-02-22 07:00:00,7,34.52,100,88,0.1,0.0,95.2
2026-02-22 08:00:00,8,33.98,91,92,0.1,0.0,91.4
2026-02-22 09:00:00,9,35.24,100,90,0.1,69.0,96.0
2026-02-22 10:00:00,10,36.5,100,92,0.0,89.0,96.80000000000001
2026-02-22 11:00:00,11,37.58,100,90,0.1,95.0,96.0
2026-02-22 12:00:00,12,38.48,100,90,0.4,130.0,96.0
2026-02-22 13:00:00,13,38.48,100,92,0.5,104.0,96.80000000000001
2026-02-22 14:00:00,14,37.04,100,98,0.5,74.0,99.2
2026-02-22 15:00:00,15,35.42,100,100,1.1,78.0,100.0
2026-02-22 16:00:00,16,34.52,100,98,1.3,77.0,99.2
2026-02-22 17:00:00,17,33.8,100,97,1.5,58.0,98.80000000000001
2026-02-22 18:00:00,18,32.54,100,94,1.4,28.0,97.6
2026-02-22 19:00:00,19,32.18,100,92,1.7,3.0,96.80000000000001
2026-02-22 20:00:00,20,32.36,100,92,1.2,0.0,96.80000000000001
2026-02-22 21:00:00,21,31.46,100,90,1.6,0.0,96.0
2026-02-22 22:00:00,22,31.1,100,90,1.6,0.0,96.0
2026-02-22 23:00:00,23,31.28,100,89,1.9,0.0,95.6
2026-02-23 00:00:00,0,30.92,100,88,1.3,0.0,95.2
2026-02-23 01:00:00,1,30.74,100,88,1.3,0.0,95.2
2026-02-23 02:00:00,2,31.46,100,87,1.2,0.0,94.80000000000001
2026-02-23 03:00:00,3,31.28,100,86,1.0,0.0,94.4
2026-02-23 04:00:00,4,31.28,100,85,1.0,0.0,94.0
2026-02-23 05:00:00,5,31.1,100,84,1.3,0.0,93.6
2026-02-23 06:00:00,6,31.28,100,84,1.0,0.0,93.6
2026-02-23 07:00:00,7,31.1,100,83,0.9,0.0,93.2
2026-02-23 08:00:00,8,31.82,100,85,0.7,1.0,94.0
2026-02-23 09:00:00,9,32.36,100,83,0.7,47.0,93.2
2026-02-23 10:00:00,10,32.18,100,81,0.7,135.0,92.4
2026-02-23 11:00:00,11,32.36,100,79,0.5,242.0,91.6
2026-02-23 12:00:00,12,32.9,100,77,0.5,351.0,90.8
2026-02-23 13:00:00,13,33.62,100,77,0.2,388.0,90.8
2026-02-23 14:00:00,14,35.24,100,74,0.1,438.0,89.6
2026-02-23 15:00:00,15,35.6,100,72,0.1,421.0,88.8
2026-02-23 16:00:00,16,35.6,100,71,0.1,336.0,88.4
2026-02-23 17:00:00,17,35.24,100,70,0.0,249.0,88.0
2026-02-23 18:00:00,18,34.34,100,71,0.0,122.0,88.4
2026-02-23 19:00:00,19,33.26,100,72,0.0,21.0,88.8
2026-02-23 20:00:00,20,33.44,100,70,0.0,0.0,88.0
2026-02-23 21:00:00,21,32.72,100,70,0.0,0.0,88.0
2026-02-23 22:00:00,22,31.28,95,72,0.0,0.0,85.8
2026-02-23 23:00:00,23,30.92,99,72,0.0,0.0,88.2
2026-02-24 00:00:00,0,30.74,100,74,0.0,0.0,89.6
2026-02-24 01:00:00,1,29.48,30,76,0.0,0.0,48.400000000000006
2026-02-24 02:00:00,2,30.56,100,71,0.0,0.0,88.4
2026-02-24 03:00:00,3,29.48,24,70,0.0,0.0,42.4
2026-02-24 04:00:00,4,27.68,48,71,0.0,0.0,57.2
2026-02-24 05:00:00,5,26.060000000000002,45,73,0.0,0.0,56.2
2026-02-24 06:00:00,6,24.8,24,75,0.0,0.0,44.4
2026-02-24 07:00:00,7,23.36,5,76,0.0,0.0,33.400000000000006
2026-02-24 08:00:00,8,23.36,0,71,0.0,3.0,28.400000000000002
2026-02-24 09:00:00,9,23.54,0,70,0.0,113.0,28.0
2026-02-24 10:00:00,10,23.9,0,70,0.0,315.0,28.0
2026-02-24 11:00:00,11,24.439999999999998,0,69,0.0,503.0,27.6
2026-02-24 12:00:00,12,24.8,1,69,0.0,647.0,28.200000000000003
2026-02-24 13:00:00,13,24.98,8,66,0.0,722.0,31.200000000000003
2026-02-24 14:00:00,14,27.14,0,59,0.0,754.0,23.6
2026-02-24 15:00:00,15,27.5,71,58,0.0,700.0,65.80000000000001
2026-02-24 16:00:00,16,27.68,79,61,0.0,555.0,71.8
2026-02-24 17:00:00,17,27.68,35,66,0.0,365.0,47.400000000000006
2026-02-24 18:00:00,18,26.240000000000002,80,68,0.0,193.0,75.2
2026-02-24 19:00:00,19,22.82,38,73,0.0,32.0,52.0
2026-02-24 20:00:00,20,24.439999999999998,1,74,0.0,0.0,30.200000000000003
2026-02-24 21:00:00,21,21.02,15,77,0.0,0.0,39.8
2026-02-24 22:00:00,22,18.68,54,78,0.0,0.0,63.6
2026-02-24 23:00:00,23,20.48,65,79,0.0,0.0,70.6
2026-02-25 00:00:00,0,20.66,100,75,0.0,0.0,90.0
2026-02-25 01:00:00,1,21.560000000000002,100,76,0.0,0.0,90.4
2026-02-25 02:00:00,2,24.26,100,74,0.0,0.0,89.6
2026-02-25 03:00:00,3,26.060000000000002,100,75,0.0,0.0,90.0
2026-02-25 04:00:00,4,28.94,100,75,0.0,0.0,90.0
2026-02-25 05:00:00,5,30.56,100,76,0.0,0.0,90.4
2026-02-25 06:00:00,6,31.1,100,76,0.1,0.0,90.4
2026-02-25 07:00:00,7,31.46,100,80,0.5,0.0,92.0
2026-02-25 08:00:00,8,31.1,100,84,0.4,1.0,93.6
2026-02-25 09:00:00,9,32.54,99,81,0.0,40.0,91.8
2026-02-25 10:00:00,10,33.62,100,79,0.1,112.0,91.6
2026-02-25 11:00:00,11,35.24,78,76,0.0,283.0,77.2
2026-02-25 12:00:00,12,36.68,99,72,0.0,600.0,88.2
2026-02-25 13:00:00,13,37.76,100,70,0.0,609.0,88.0
2026-02-25 14:00:00,14,38.3,62,69,0.0,524.0,64.8
2026-02-25 15:00:00,15,38.839999999999996,13,67,0.0,655.0,34.6
2026-02-25 16:00:00,16,38.839999999999996,2,68,0.0,557.0,28.400000000000002
2026-02-25 17:00:00,17,38.3,18,70,0.0,394.0,38.8
2026-02-25 18:00:00,18,37.4,100,73,0.0,202.0,89.2
2026-02-25 19:00:00,19,36.5,85,77,0.0,27.0,81.8
2026-02-25 20:00:00,20,38.48,12,73,0.0,0.0,36.400000000000006
2026-02-25 21:00:00,21,37.22,6,76,0.0,0.0,34.0
2026-02-25 22:00:00,22,36.14,2,79,0.0,0.0,32.800000000000004
2026-02-25 23:00:00,23,35.42,9,81,0.0,0.0,37.8
2026-02-26 00:00:00,0,34.7,5,83,0.0,0.0,36.2
2026-02-26 01:00:00,1,33.98,52,86,0.0,0.0,65.6
2026-02-26 02:00:00,2,35.96,91,79,0.0,0.0,86.2
2026-02-26 03:00:00,3,36.5,2,81,0.0,0.0,33.6
2026-02-26 04:00:00,4,34.88,70,81,0.0,0.0,74.4
2026-02-26 05:00:00,5,30.74,100,83,0.0,0.0,93.2
2026-02-26 06:00:00,6,28.76,100,84,0.0,0.0,93.6
2026-02-26 07:00:00,7,27.32,100,85,0.0,0.0,94.0
2026-02-26 08:00:00,8,30.38,100,77,0.0,4.0,90.8
2026-02-26 09:00:00,9,34.7,100,76,0.0,95.0,90.4
2026-02-26 10:00:00,10,37.04,100,70,0.0,235.0,88.0
2026-02-26 11:00:00,11,37.76,100,68,0.0,378.0,87.2
2026-02-26 12:00:00,12,39.2,98,61,0.0,526.0,83.2
2026-02-26 13:00:00,13,39.74,100,58,0.0,678.0,83.2
2026-02-26 14:00:00,14,42.08,63,50,0.0,464.0,57.8
2026-02-26 15:00:00,15,42.980000000000004,99,47,0.0,633.0,78.2
2026-02-26 16:00:00,16,42.980000000000004,100,47,0.0,423.0,78.8
2026-02-26 17:00:00,17,41.72,100,53,0.0,311.0,81.2
2026-02-26 18:00:00,18,39.2,100,65,0.1,83.0,86.0
2026-02-26 19:00:00,19,37.4,100,74,0.0,17.0,89.6
2026-02-26 20:00:00,20,36.68,100,77,0.0,0.0,90.8
2026-02-26 21:00:00,21,36.5,100,78,0.0,0.0,91.2
2026-02-26 22:00:00,22,36.14,100,78,0.0,0.0,91.2
2026-02-26 23:00:00,23,35.42,88,75,0.0,0.0,82.8
2026-02-27 00:00:00,0,33.26,77,77,0.0,0.0,77.0
2026-02-27 01:00:00,1,31.82,41,78,0.0,0.0,55.8
2026-02-27 02:00:00,2,32.18,0,77,0.0,0.0,30.8
2026-02-27 03:00:00,3,29.12,0,80,0.0,0.0,32.0
2026-02-27 04:00:00,4,27.86,0,81,0.0,0.0,32.4
2026-02-27 05:00:00,5,24.62,0,82,0.0,0.0,32.800000000000004
2026-02-27 06:00:00,6,22.64,0,83,0.0,0.0,33.2
2026-02-27 07:00:00,7,20.84,0,85,0.0,0.0,34.0
2026-02-27 08:00:00,8,22.28,0,90,0.0,5.0,36.0
2026-02-27 09:00:00,9,26.240000000000002,5,87,0.0,124.0,37.800000000000004
2026-02-27 10:00:00,10,29.3,100,83,0.0,320.0,93.2
2026-02-27 11:00:00,11,31.64,100,81,0.0,477.0,92.4
2026-02-27 12:00:00,12,33.8,40,79,0.0,619.0,55.6
2026-02-27 13:00:00,13,35.24,0,80,0.0,714.0,32.0
2026-02-27 14:00:00,14,39.74,0,64,0.0,731.0,25.6
2026-02-27 15:00:00,15,40.64,0,58,0.0,681.0,23.200000000000003
2026-02-27 16:00:00,16,41.36,0,55,0.0,569.0,22.0
2026-02-27 17:00:00,17,41.54,0,55,0.0,405.0,22.0
2026-02-27 18:00:00,18,39.56,0,56,0.0,211.0,22.400000000000002
2026-02-27 19:00:00,19,36.5,0,56,0.0,38.0,22.400000000000002
2026-02-27 20:00:00,20,34.52,0,65,0.0,0.0,26.0
2026-02-27 21:00:00,21,30.38,0,76,0.0,0.0,30.400000000000002
2026-02-27 22:00:00,22,28.04,0,82,0.0,0.0,32.800000000000004
2026-02-27 23:00:00,23,27.68,1,87,0.0,0.0,35.400000000000006
2026-02-28 00:00:00,0,27.5,13,90,0.0,0.0,43.8
2026-02-28 01:00:00,1,27.86,12,88,0.0,0.0,42.400000000000006
2026-02-28 02:00:00,2,28.580000000000002,40,88,0.0,0.0,59.2
2026-02-28 03:00:00,3,27.14,4,90,0.0,0.0,38.4
2026-02-28 04:00:00,4,26.240000000000002,0,90,0.0,0.0,36.0
2026-02-28 05:00:00,5,26.060000000000002,0,89,0.0,0.0,35.6
2026-02-28 06:00:00,6,26.060000000000002,0,89,0.0,0.0,35.6
2026-02-28 07:00:00,7,24.98,1,91,0.0,0.0,37.0
2026-02-28 08:00:00,8,24.62,0,93,0.0,6.0,37.2
2026-02-28 09:00:00,9,28.76,0,88,0.0,125.0,35.2
2026-02-28 10:00:00,10,34.16,0,81,0.0,312.0,32.4
2026-02-28 11:00:00,11,36.68,0,79,0.0,485.0,31.6
2026-02-28 12:00:00,12,39.38,24,78,0.0,620.0,45.6
2026-02-28 13:00:00,13,42.08,1,77,0.0,694.0,31.400000000000002
2026-02-28 14:00:00,14,49.82,0,61,0.0,700.0,24.400000000000002
2026-02-28 15:00:00,15,46.76,0,62,0.0,652.0,24.8
2026-02-28 16:00:00,16,54.14,0,50,0.0,541.0,20.0
2026-02-28 17:00:00,17,54.14,0,52,0.0,382.0,20.8
2026-02-28 18:00:00,18,51.44,0,63,0.0,198.0,25.200000000000003
2026-02-28 19:00:00,19,45.86,0,69,0.0,36.0,27.6
2026-02-28 20:00:00,20,42.620000000000005,0,73,0.0,0.0,29.200000000000003
2026-02-28 21:00:00,21,41.18,0,78,0.0,0.0,31.200000000000003
2026-02-28 22:00:00,22,38.660000000000004,0,84,0.0,0.0,33.6
2026-02-28 23:00:00,23,36.32,0,88,0.0,0.0,35.2
2026-03-01 00:00:00,0,35.06,0,90,0.0,0.0,36.0
2026-03-01 01:00:00,1,35.06,2,91,0.0,0.0,37.6
2026-03-01 02:00:00,2,34.7,10,92,0.0,0.0,42.800000000000004
2026-03-01 03:00:00,3,34.88,12,94,0.0,0.0,44.8
2026-03-01 04:00:00,4,33.98,15,94,0.0,0.0,46.6
2026-03-01 05:00:00,5,35.42,6,94,0.0,0.0,41.2
2026-03-01 06:00:00,6,33.44,9,93,0.0,0.0,42.6
2026-03-01 07:00:00,7,33.62,98,89,0.0,0.0,94.4
2026-03-01 08:00:00,8,35.42,97,76,0.0,5.0,88.6
2026-03-01 09:00:00,9,36.86,100,68,0.0,52.0,87.2
2026-03-01 10:00:00,10,36.14,24,69,0.0,94.0,42.0
2026-03-01 11:00:00,11,38.48,16,67,0.0,413.0,36.4
2026-03-01 12:00:00,12,41.18,14,60,0.0,593.0,32.4
2026-03-01 13:00:00,13,43.16,28,54,0.0,669.0,38.400000000000006
2026-03-01 14:00:00,14,44.6,29,49,0.0,664.0,37.0
2026-03-01 15:00:00,15,45.14,33,48,0.0,608.0,39.0
2026-03-01 16:00:00,16,44.96,7,46,0.0,513.0,22.6
2026-03-01 17:00:00,17,44.06,3,44,0.0,385.0,19.400000000000002
2026-03-01 18:00:00,18,42.08,0,47,0.0,206.0,18.8
2026-03-01 19:00:00,19,38.660000000000004,4,56,0.0,40.0,24.8
2026-03-01 20:00:00,20,37.4,0,54,0.0,0.0,21.6
2026-03-01 21:00:00,21,36.14,13,46,0.0,0.0,26.200000000000003
2026-03-01 22:00:00,22,33.98,20,42,0.0,0.0,28.8
2026-03-01 23:00:00,23,31.64,0,47,0.0,0.0,18.8
2026-03-02 00:00:00,0,29.66,8,51,0.0,0.0,25.200000000000003
2026-03-02 01:00:00,1,27.86,43,55,0.0,0.0,47.8
2026-03-02 02:00:00,2,28.94,13,53,0.0,0.0,29.000000000000004
2026-03-02 03:00:00,3,28.04,2,56,0.0,0.0,23.6
2026-03-02 04:00:00,4,26.78,14,58,0.0,0.0,31.6
2026-03-02 05:00:00,5,25.7,17,57,0.0,0.0,33.0
2026-03-02 06:00:00,6,24.8,68,57,0.0,0.0,63.599999999999994
2026-03-02 07:00:00,7,23.9,47,58,0.0,0.0,51.400000000000006
2026-03-02 08:00:00,8,24.26,100,59,0.0,8.0,83.6
2026-03-02 09:00:00,9,25.7,100,51,0.0,118.0,80.4
2026-03-02 10:00:00,10,27.5,100,48,0.0,281.0,79.2
2026-03-02 11:00:00,11,29.48,100,44,0.0,393.0,77.6
2026-03-02 12:00:00,12,31.1,100,43,0.0,427.0,77.2
2026-03-02 13:00:00,13,33.08,100,41,0.0,522.0,76.4
2026-03-02 14:00:00,14,32.9,100,40,0.0,582.0,76.0
2026-03-02 15:00:00,15,33.08,100,40,0.0,239.0,76.0
2026-03-02 16:00:00,16,33.26,100,41,0.0,207.0,76.4
2026-03-02 17:00:00,17,33.08,100,42,0.0,119.0,76.8
2026-03-02 18:00:00,18,33.08,100,45,0.0,61.0,78.0
2026-03-02 19:00:00,19,32.36,100,54,0.0,19.0,81.6
2026-03-02 20:00:00,20,32.36,100,60,0.0,0.0,84.0
2026-03-02 21:00:00,21,32.18,100,64,0.0,0.0,85.6
2026-03-02 22:00:00,22,31.1,100,73,0.0,0.0,89.2
2026-03-02 23:00:00,23,30.74,100,76,0.0,0.0,90.4
2026-03-03 00:00:00,0,30.56,100,77,0.0,0.0,90.8
2026-03-03 01:00:00,1,30.56,100,77,0.0,0.0,90.8
2026-03-03 02:00:00,2,31.1,100,76,0.0,0.0,90.4
2026-03-03 03:00:00,3,31.1,100,77,0.0,0.0,90.8
2026-03-03 04:00:00,4,31.1,100,79,0.0,0.0,91.6
2026-03-03 05:00:00,5,31.28,100,83,0.0,0.0,93.2
2026-03-03 06:00:00,6,31.46,100,85,0.1,0.0,94.0
2026-03-03 07:00:00,7,31.82,100,88,0.1,0.0,95.2
2026-03-03 08:00:00,8,32.36,100,87,0.1,2.0,94.80000000000001
2026-03-03 09:00:00,9,33.44,100,87,0.2,17.0,94.80000000000001
2026-03-03 10:00:00,10,35.06,100,87,0.2,62.0,94.80000000000001
2026-03-03 11:00:00,11,37.04,100,86,0.3,123.0,94.4
2026-03-03 12:00:00,12,37.22,100,89,0.3,75.0,95.6
2026-03-03 13:00:00,13,38.12,100,91,0.2,89.0,96.4
2026-03-03 14:00:00,14,36.86,100,97,0.3,104.0,98.80000000000001
2026-03-03 15:00:00,15,37.58,100,97,0.7,88.0,98.80000000000001
2026-03-03 16:00:00,16,38.12,100,98,0.4,64.0,99.2
2026-03-03 17:00:00,17,37.94,100,98,0.5,30.0,99.2
2026-03-03 18:00:00,18,38.3,100,99,0.2,32.0,99.6
2026-03-03 19:00:00,19,37.94,100,99,0.1,8.0,99.6
2026-03-03 20:00:00,20,38.3,100,98,0.3,0.0,99.2
2026-03-03 21:00:00,21,38.48,100,98,1.1,0.0,99.2
2026-03-03 22:00:00,22,38.48,100,98,0.8,0.0,99.2
2026-03-03 23:00:00,23,38.660000000000004,100,99,0.7,0.0,99.6
2026-03-04 00:00:00,0,38.12,100,99,0.0,0.0,99.6
2026-03-04 01:00:00,1,38.3,100,98,0.0,0.0,99.2
2026-03-04 02:00:00,2,39.38,100,98,0.0,0.0,99.2
2026-03-04 03:00:00,3,39.2,100,98,0.0,0.0,99.2
2026-03-04 04:00:00,4,38.660000000000004,100,98,0.0,0.0,99.2
2026-03-04 05:00:00,5,37.76,100,98,0.0,0.0,99.2
2026-03-04 06:00:00,6,36.86,100,98,0.0,0.0,99.2
2026-03-04 07:00:00,7,36.5,100,97,0.0,0.0,98.80000000000001
2026-03-04 08:00:00,8,38.3,100,98,0.0,5.0,99.2
2026-03-04 09:00:00,9,39.92,100,98,0.1,26.0,99.2
2026-03-04 10:00:00,10,43.7,99,92,0.7,183.0,96.2
2026-03-04 11:00:00,11,45.32,100,88,1.2,185.0,95.2
2026-03-04 12:00:00,12,47.3,100,82,0.2,241.0,92.80000000000001
2026-03-04 13:00:00,13,48.56,100,81,0.5,335.0,92.4
2026-03-04 14:00:00,14,47.84,100,83,0.0,402.0,93.2
2026-03-04 15:00:00,15,48.92,100,82,0.5,295.0,92.80000000000001
2026-03-04 16:00:00,16,48.02,100,85,0.1,110.0,94.0
2026-03-04 17:00:00,17,47.84,100,85,0.0,89.0,94.0
2026-03-04 18:00:00,18,46.76,97,89,0.0,31.0,93.8
2026-03-04 19:00:00,19,44.6,62,93,0.0,31.0,74.4
2026-03-04 20:00:00,20,44.96,100,96,0.0,0.0,98.4
2026-03-04 21:00:00,21,44.78,99,94,0.0,0.0,97.0
2026-03-04 22:00:00,22,43.7,100,96,0.0,0.0,98.4
2026-03-04 23:00:00,23,41.9,100,97,0.0,0.0,98.80000000000001
2026-03-05 00:00:00,0,41.0,100,97,0.0,0.0,98.80000000000001
2026-03-05 01:00:00,1,41.54,100,97,0.0,0.0,98.80000000000001
2026-03-05 02:00:00,2,42.8,100,98,0.0,0.0,99.2
2026-03-05 03:00:00,3,42.620000000000005,100,98,0.0,0.0,99.2
2026-03-05 04:00:00,4,42.620000000000005,100,97,0.1,0.0,98.80000000000001
2026-03-05 05:00:00,5,42.08,100,98,0.1,0.0,99.2
2026-03-05 06:00:00,6,41.9,100,97,0.1,0.0,98.80000000000001
2026-03-05 07:00:00,7,41.9,100,97,0.0,0.0,98.80000000000001
2026-03-05 08:00:00,8,41.0,100,98,0.1,4.0,99.2
2026-03-05 09:00:00,9,41.36,100,98,1.9,44.0,99.2
2026-03-05 10:00:00,10,42.8,99,94,1.2,66.0,97.0
2026-03-05 11:00:00,11,44.96,100,90,0.0,194.0,96.0
2026-03-05 12:00:00,12,46.76,100,90,0.0,266.0,96.0
2026-03-05 13:00:00,13,46.76,100,91,0.1,166.0,96.4
2026-03-05 14:00:00,14,45.32,100,91,0.0,157.0,96.4
2026-03-05 15:00:00,15,46.4,100,89,0.1,184.0,95.6
2026-03-05 16:00:00,16,47.66,100,87,0.0,251.0,94.80000000000001
2026-03-05 17:00:00,17,47.120000000000005,100,89,0.0,168.0,95.6
2026-03-05 18:00:00,18,46.22,100,91,0.0,81.0,96.4
2026-03-05 19:00:00,19,44.78,100,93,2.6,15.0,97.2
2026-03-05 20:00:00,20,45.32,100,92,0.0,0.0,96.80000000000001
2026-03-05 21:00:00,21,44.06,100,93,0.1,0.0,97.2
2026-03-05 22:00:00,22,42.620000000000005,100,94,0.4,0.0,97.6
2026-03-05 23:00:00,23,41.72,100,96,0.4,0.0,98.4
2026-03-06 00:00:00,0,41.0,100,97,2.5,0.0,98.80000000000001
2026-03-06 01:00:00,1,40.64,100,98,3.4,0.0,99.2
2026-03-06 02:00:00,2,40.64,100,97,1.3,0.0,98.80000000000001
2026-03-06 03:00:00,3,40.1,100,97,0.0,0.0,98.80000000000001
2026-03-06 04:00:00,4,40.1,100,96,0.0,0.0,98.4
2026-03-06 05:00:00,5,39.56,100,95,0.0,0.0,98.0
2026-03-06 06:00:00,6,39.2,100,94,0.0,0.0,97.6
2026-03-06 07:00:00,7,38.48,100,95,0.0,0.0,98.0
2026-03-06 08:00:00,8,37.76,100,93,0.0,3.0,97.2
2026-03-06 09:00:00,9,38.660000000000004,100,91,0.0,53.0,96.4
2026-03-06 10:00:00,10,40.1,100,87,0.0,148.0,94.80000000000001
2026-03-06 11:00:00,11,41.54,100,84,0.0,182.0,93.6
2026-03-06 12:00:00,12,43.879999999999995,100,81,0.0,288.0,92.4
2026-03-06 13:00:00,13,46.76,100,76,0.0,397.0,90.4
2026-03-06 14:00:00,14,43.879999999999995,100,79,0.0,414.0,91.6
2026-03-06 15:00:00,15,45.14,100,77,0.0,243.0,90.8
2026-03-06 16:00:00,16,45.68,100,76,0.0,169.0,90.4
2026-03-06 17:00:00,17,45.68,100,77,0.0,101.0,90.8
2026-03-06 18:00:00,18,45.14,100,77,0.0,65.0,90.8
2026-03-06 19:00:00,19,43.34,100,81,0.0,7.0,92.4
2026-03-06 20:00:00,20,41.9,100,86,0.0,0.0,94.4
2026-03-06 21:00:00,21,41.0,100,86,0.0,0.0,94.4
2026-03-06 22:00:00,22,40.46,100,85,0.0,0.0,94.0
2026-03-06 23:00:00,23,39.92,100,86,0.0,0.0,94.4
2026-03-07 00:00:00,0,39.38,100,87,0.0,0.0,94.80000000000001
2026-03-07 01:00:00,1,39.2,100,88,0.0,0.0,95.2
2026-03-07 02:00:00,2,39.38,100,88,0.0,0.0,95.2
2026-03-07 03:00:00,3,39.38,100,89,0.1,0.0,95.6
2026-03-07 04:00:00,4,39.2,100,90,0.0,0.0,96.0
2026-03-07 05:00:00,5,39.02,100,91,0.0,0.0,96.4
2026-03-07 06:00:00,6,38.839999999999996,100,92,0.0,0.0,96.80000000000001
2026-03-07 07:00:00,7,39.02,100,93,0.0,0.0,97.2
2026-03-07 08:00:00,8,38.12,100,94,0.0,4.0,97.6
2026-03-07 09:00:00,9,39.02,100,94,0.0,32.0,97.6
2026-03-07 10:00:00,10,40.64,100,92,0.0,88.0,96.80000000000001
2026-03-07 11:00:00,11,42.620000000000005,100,90,0.0,133.0,96.0
2026-03-07 12:00:00,12,45.5,100,87,0.0,223.0,94.80000000000001
2026-03-07 13:00:00,13,47.48,100,86,0.0,218.0,94.4
2026-03-07 14:00:00,14,47.3,100,86,0.0,284.0,94.4
2026-03-07 15:00:00,15,49.28,100,86,0.0,244.0,94.4
2026-03-07 16:00:00,16,50.9,100,84,0.0,218.0,93.6
2026-03-07 17:00:00,17,51.620000000000005,100,84,0.0,159.0,93.6
2026-03-07 18:00:00,18,51.08,100,87,0.0,102.0,94.80000000000001
2026-03-07 19:00:00,19,51.26,100,91,0.0,19.0,96.4
2026-03-07 20:00:00,20,50.18,28,94,0.0,0.0,54.400000000000006
2026-03-07 21:00:00,21,49.28,13,97,0.0,0.0,46.6
2026-03-07 22:00:00,22,48.379999999999995,63,97,0.0,0.0,76.6
2026-03-07 23:00:00,23,47.66,98,98,0.0,0.0,98.0
2026-03-08 00:00:00,0,48.02,85,100,0.0,0.0,91.0
2026-03-08 01:00:00,1,50.54,54,99,0.0,0.0,72.0
2026-03-08 02:00:00,2,49.28,93,97,0.0,0.0,94.6
2026-03-08 03:00:00,3,50.72,28,94,0.0,0.0,54.400000000000006
2026-03-08 04:00:00,4,50.54,95,95,0.0,0.0,95.0
2026-03-08 05:00:00,5,51.26,100,96,0.0,0.0,98.4
2026-03-08 06:00:00,6,51.44,100,96,0.0,0.0,98.4
2026-03-08 07:00:00,7,51.8,100,96,0.0,0.0,98.4
2026-03-08 08:00:00,8,53.6,100,92,0.0,8.0,96.80000000000001
2026-03-08 09:00:00,9,55.22,100,90,0.0,48.0,96.0
2026-03-08 10:00:00,10,55.22,100,91,0.1,47.0,96.4
2026-03-08 11:00:00,11,56.84,100,89,0.0,115.0,95.6
2026-03-08 12:00:00,12,61.519999999999996,100,85,0.1,311.0,94.0
2026-03-08 13:00:00,13,67.28,100,71,0.0,576.0,88.4
2026-03-08 14:00:00,14,70.88,100,58,0.0,581.0,83.2
2026-03-08 15:00:00,15,70.52,100,51,0.0,348.0,80.4
2026-03-08 16:00:00,16,69.44,100,51,0.0,279.0,80.4
2026-03-08 17:00:00,17,67.1,100,58,0.0,138.0,83.2
2026-03-08 18:00:00,18,65.48,100,64,0.0,98.0,85.6
2026-03-08 19:00:00,19,62.959999999999994,100,63,0.0,27.0,85.2
2026-03-08 20:00:00,20,60.440000000000005,100,72,0.0,0.0,88.8
2026-03-08 21:00:00,21,58.82,93,76,0.0,0.0,86.2
2026-03-08 22:00:00,22,57.56,0,77,0.0,0.0,30.8
2026-03-08 23:00:00,23,57.02,20,72,0.0,0.0,40.8
2026-03-09 00:00:00,0,55.4,0,65,0.0,0.0,26.0
2026-03-09 01:00:00,1,53.06,0,65,0.0,0.0,26.0
2026-03-09 02:00:00,2,50.54,0,71,0.0,0.0,28.400000000000002
2026-03-09 03:00:00,3,48.92,0,71,0.0,0.0,28.400000000000002
2026-03-09 04:00:00,4,45.86,0,76,0.0,0.0,30.400000000000002
2026-03-09 05:00:00,5,43.879999999999995,0,79,0.0,0.0,31.6
2026-03-09 06:00:00,6,42.260000000000005,0,82,0.0,0.0,32.800000000000004
2026-03-09 07:00:00,7,41.36,0,83,0.0,0.0,33.2
2026-03-09 08:00:00,8,42.8,0,83,0.0,18.0,33.2
2026-03-09 09:00:00,9,47.66,0,74,0.0,166.0,29.6
2026-03-09 10:00:00,10,53.6,0,68,0.0,359.0,27.200000000000003
2026-03-09 11:00:00,11,59.18,0,59,0.0,530.0,23.6
2026-03-09 12:00:00,12,63.5,0,50,0.0,657.0,20.0
2026-03-09 13:00:00,13,66.56,0,41,0.0,729.0,16.400000000000002
2026-03-09 14:00:00,14,69.44,0,37,0.0,739.0,14.8
2026-03-09 15:00:00,15,70.16,0,38,0.0,687.0,15.200000000000001
2026-03-09 16:00:00,16,70.52,0,38,0.0,578.0,15.200000000000001
2026-03-09 17:00:00,17,69.62,0,42,0.0,421.0,16.8
2026-03-09 18:00:00,18,67.1,0,49,0.0,235.0,19.6
2026-03-09 19:00:00,19,61.519999999999996,0,62,0.0,58.0,24.8
2026-03-09 20:00:00,20,58.28,0,65,0.0,0.0,26.0
2026-03-09 21:00:00,21,57.92,0,67,0.0,0.0,26.8
2026-03-09 22:00:00,22,55.58,1,64,0.0,0.0,26.200000000000003
2026-03-09 23:00:00,23,53.24,1,66,0.0,0.0,27.000000000000004
2026-03-10 00:00:00,0,51.44,7,77,0.0,0.0,35.0
2026-03-10 01:00:00,1,50.36,12,87,0.0,0.0,42.0
2026-03-10 02:00:00,2,48.56,14,89,0.0,0.0,44.0
2026-03-10 03:00:00,3,48.02,10,91,0.0,0.0,42.4
2026-03-10 04:00:00,4,47.120000000000005,12,92,0.0,0.0,44.0
2026-03-10 05:00:00,5,45.68,9,93,0.0,0.0,42.6
2026-03-10 06:00:00,6,45.14,13,95,0.0,0.0,45.8
2026-03-10 07:00:00,7,44.06,38,97,0.0,0.0,61.60000000000001
2026-03-10 08:00:00,8,44.42,5,97,0.0,18.0,41.800000000000004
2026-03-10 09:00:00,9,48.74,14,93,0.0,165.0,45.6
2026-03-10 10:00:00,10,53.6,30,88,0.0,346.0,53.2
2026-03-10 11:00:00,11,59.0,40,80,0.0,506.0,56.0
2026-03-10 12:00:00,12,64.4,16,72,0.0,643.0,38.4
2026-03-10 13:00:00,13,68.9,3,62,0.0,718.0,26.6
2026-03-10 14:00:00,14,75.92,0,44,0.0,731.0,17.6
2026-03-10 15:00:00,15,77.72,0,35,0.0,683.0,14.0
2026-03-10 16:00:00,16,77.54,0,39,0.0,572.0,15.600000000000001
2026-03-10 17:00:00,17,76.64,0,40,0.0,415.0,16.0
2026-03-10 18:00:00,18,73.04,0,50,0.0,231.0,20.0
2026-03-10 19:00:00,19,67.46,0,61,0.0,58.0,24.400000000000002
2026-03-10 20:00:00,20,65.12,3,60,0.0,0.0,25.8
2026-03-10 21:00:00,21,64.04,10,59,0.0,0.0,29.6
2026-03-10 22:00:00,22,62.24,1,56,0.0,0.0,23.000000000000004
2026-03-10 23:00:00,23,60.980000000000004,5,55,0.0,0.0,25.0
2026-03-11 00:00:00,0,59.9,2,57,0.0,0.0,24.0
2026-03-11 01:00:00,1,58.82,3,61,0.0,0.0,26.200000000000003
2026-03-11 02:00:00,2,58.82,9,63,0.0,0.0,30.6
2026-03-11 03:00:00,3,58.1,98,66,0.0,0.0,85.2
2026-03-11 04:00:00,4,57.379999999999995,77,69,0.0,0.0,73.8
2026-03-11 05:00:00,5,56.66,95,72,0.0,0.0,85.8
2026-03-11 06:00:00,6,56.120000000000005,66,74,0.0,0.0,69.2
2026-03-11 07:00:00,7,55.76,91,76,0.0,0.0,85.0
2026-03-11 08:00:00,8,57.02,38,74,0.0,18.0,52.400000000000006
2026-03-11 09:00:00,9,60.62,98,71,0.0,162.0,87.2
2026-03-11 10:00:00,10,64.75999999999999,99,69,0.0,330.0,87.0
2026-03-11 11:00:00,11,68.36,100,65,0.0,480.0,86.0
2026-03-11 12:00:00,12,70.7,100,63,0.0,462.0,85.2
2026-03-11 13:00:00,13,70.7,54,65,0.3,578.0,58.4
2026-03-11 14:00:00,14,69.62,100,75,0.0,648.0,90.0
2026-03-11 15:00:00,15,72.5,100,74,0.7,360.0,89.6
2026-03-11 16:00:00,16,75.2,49,63,0.0,467.0,54.6
2026-03-11 17:00:00,17,75.2,98,64,0.0,400.0,84.4
2026-03-11 18:00:00,18,73.58,95,68,0.0,217.0,84.2
2026-03-11 19:00:00,19,71.24000000000001,89,73,0.0,47.0,82.6
2026-03-11 20:00:00,20,73.22,100,69,0.0,0.0,87.6
2026-03-11 21:00:00,21,69.62,100,77,0.7,0.0,90.8
2026-03-11 22:00:00,22,66.56,93,88,1.7,0.0,91.0
2026-03-11 23:00:00,23,65.84,98,89,0.0,0.0,94.4
2026-03-12 00:00:00,0,65.3,47,90,0.1,0.0,64.2
2026-03-12 01:00:00,1,62.6,59,95,0.0,0.0,73.4
2026-03-12 02:00:00,2,66.02,92,80,0.0,0.0,87.19999999999999
2026-03-12 03:00:00,3,62.959999999999994,100,87,0.0,0.0,94.80000000000001
2026-03-12 04:00:00,4,62.059999999999995,77,89,0.0,0.0,81.8
2026-03-12 05:00:00,5,62.42,96,87,0.0,0.0,92.4
2026-03-12 06:00:00,6,61.88,98,88,0.0,0.0,94.0
2026-03-12 07:00:00,7,59.0,100,84,0.2,0.0,93.6
2026-03-12 08:00:00,8,52.34,100,74,0.1,5.0,89.6
2026-03-12 09:00:00,9,48.74,100,84,1.3,21.0,93.6
2026-03-12 10:00:00,10,45.86,100,79,1.1,85.0,91.6
2026-03-12 11:00:00,11,41.9,100,82,0.7,82.0,92.80000000000001
2026-03-12 12:00:00,12,40.46,100,84,0.6,119.0,93.6
2026-03-12 13:00:00,13,39.74,100,80,0.5,149.0,92.0
2026-03-12 14:00:00,14,39.02,100,81,0.5,104.0,92.4
2026-03-12 15:00:00,15,37.4,100,90,1.2,111.0,96.0
2026-03-12 16:00:00,16,36.68,100,91,1.6,69.0,96.4
2026-03-12 17:00:00,17,35.78,100,95,1.5,42.0,98.0
2026-03-12 18:00:00,18,36.14,100,97,0.9,43.0,98.80000000000001
2026-03-12 19:00:00,19,36.5,67,93,0.2,29.0,77.4
2026-03-12 20:00:00,20,35.78,44,91,0.1,0.0,62.8
2026-03-12 21:00:00,21,35.96,9,82,0.0,0.0,38.2
2026-03-12 22:00:00,22,34.7,5,78,0.0,0.0,34.2
2026-03-12 23:00:00,23,34.7,0,67,0.0,0.0,26.8
2026-03-13 00:00:00,0,34.52,0,56,0.0,0.0,22.400000000000002
2026-03-13 01:00:00,1,33.08,0,58,0.0,0.0,23.200000000000003
2026-03-13 02:00:00,2,33.44,8,55,0.0,0.0,26.8
2026-03-13 03:00:00,3,31.82,0,59,0.0,0.0,23.6
2026-03-13 04:00:00,4,30.74,0,65,0.0,0.0,26.0
2026-03-13 05:00:00,5,29.48,0,70,0.0,0.0,28.0
2026-03-13 06:00:00,6,28.4,0,75,0.0,0.0,30.0
2026-03-13 07:00:00,7,27.68,2,80,0.0,0.0,33.2
2026-03-13 08:00:00,8,30.02,44,79,0.0,27.0,58.0
2026-03-13 09:00:00,9,32.9,100,73,0.0,186.0,89.2
2026-03-13 10:00:00,10,36.68,99,61,0.0,329.0,83.8
2026-03-13 11:00:00,11,40.28,85,47,0.0,474.0,69.8
2026-03-13 12:00:00,12,43.519999999999996,100,43,0.0,672.0,77.2
2026-03-13 13:00:00,13,45.5,100,40,0.0,700.0,76.0
2026-03-13 14:00:00,14,45.32,98,42,0.0,568.0,75.6
2026-03-13 15:00:00,15,46.76,100,42,0.0,578.0,76.8
2026-03-13 16:00:00,16,44.6,98,47,0.0,230.0,77.6
2026-03-13 17:00:00,17,43.7,52,50,0.0,177.0,51.2
2026-03-13 18:00:00,18,43.16,34,57,0.0,244.0,43.2
2026-03-13 19:00:00,19,42.260000000000005,63,57,0.0,66.0,60.599999999999994
2026-03-13 20:00:00,20,40.82,10,63,0.0,0.0,31.200000000000003
2026-03-13 21:00:00,21,41.0,30,64,0.0,0.0,43.6
2026-03-13 22:00:00,22,42.620000000000005,55,64,0.0,0.0,58.6
2026-03-13 23:00:00,23,44.06,67,63,0.0,0.0,65.4
2026-03-14 00:00:00,0,44.239999999999995,100,64,0.0,0.0,85.6
2026-03-14 01:00:00,1,45.14,49,64,0.0,0.0,55.0
2026-03-14 02:00:00,2,41.36,0,74,0.0,0.0,29.6
2026-03-14 03:00:00,3,38.839999999999996,0,77,0.0,0.0,30.8
2026-03-14 04:00:00,4,38.3,0,78,0.0,0.0,31.200000000000003
2026-03-14 05:00:00,5,39.74,0,74,0.0,0.0,29.6
2026-03-14 06:00:00,6,40.1,0,62,0.0,0.0,24.8
2026-03-14 07:00:00,7,41.18,5,47,0.0,0.0,21.8
2026-03-14 08:00:00,8,41.0,0,53,0.0,29.0,21.200000000000003
2026-03-14 09:00:00,9,46.04,2,41,0.0,195.0,17.6
2026-03-14 10:00:00,10,48.2,2,37,0.0,398.0,16.0
2026-03-14 11:00:00,11,48.92,1,35,0.0,574.0,14.6
2026-03-14 12:00:00,12,49.64,2,35,0.0,703.0,15.2
2026-03-14 13:00:00,13,50.36,0,34,0.0,777.0,13.600000000000001
2026-03-14 14:00:00,14,52.7,28,29,0.0,789.0,28.400000000000002
2026-03-14 15:00:00,15,52.879999999999995,55,28,0.0,730.0,44.2
2026-03-14 16:00:00,16,52.7,19,26,0.0,612.0,21.8
2026-03-14 17:00:00,17,51.8,38,26,0.0,453.0,33.2
2026-03-14 18:00:00,18,50.18,56,32,0.0,261.0,46.400000000000006
2026-03-14 19:00:00,19,46.4,100,43,0.0,72.0,77.2
2026-03-14 20:00:00,20,44.239999999999995,100,49,0.0,0.0,79.6
2026-03-14 21:00:00,21,43.519999999999996,99,53,0.0,0.0,80.6
2026-03-14 22:00:00,22,42.44,100,51,0.0,0.0,80.4
2026-03-14 23:00:00,23,40.64,100,52,0.0,0.0,80.8
2026-03-15 00:00:00,0,40.82,95,52,0.0,0.0,77.8
2026-03-15 01:00:00,1,38.48,100,55,0.0,0.0,82.0
2026-03-15 02:00:00,2,39.38,100,55,0.0,0.0,82.0
2026-03-15 03:00:00,3,37.76,92,59,0.0,0.0,78.8
2026-03-15 04:00:00,4,37.04,95,62,0.0,0.0,81.8
2026-03-15 05:00:00,5,36.68,100,63,0.0,0.0,85.2
2026-03-15 06:00:00,6,36.32,100,63,0.0,0.0,85.2
2026-03-15 07:00:00,7,35.78,100,64,0.0,0.0,85.6
2026-03-15 08:00:00,8,35.96,98,64,0.0,24.0,84.4
2026-03-15 09:00:00,9,38.3,73,60,0.0,174.0,67.8
2026-03-15 10:00:00,10,41.54,48,55,0.0,371.0,50.8
2026-03-15 11:00:00,11,45.32,100,51,0.0,542.0,80.4
2026-03-15 12:00:00,12,48.379999999999995,100,44,0.0,549.0,77.6
2026-03-15 13:00:00,13,48.379999999999995,100,43,0.0,327.0,77.2
2026-03-15 14:00:00,14,46.94,100,46,0.0,334.0,78.4
2026-03-15 15:00:00,15,46.94,100,52,0.0,208.0,80.8
2026-03-15 16:00:00,16,47.120000000000005,100,59,0.0,195.0,83.6
2026-03-15 17:00:00,17,47.84,100,61,0.0,184.0,84.4
2026-03-15 18:00:00,18,47.120000000000005,100,65,0.0,120.0,86.0
2026-03-15 19:00:00,19,46.04,100,68,0.0,13.0,87.2
2026-03-15 20:00:00,20,46.04,100,72,0.0,0.0,88.8
2026-03-15 21:00:00,21,46.58,100,76,0.0,0.0,90.4
2026-03-15 22:00:00,22,47.84,100,79,0.0,0.0,91.6
2026-03-15 23:00:00,23,49.46,100,79,0.0,0.0,91.6
2026-03-16 00:00:00,0,50.9,100,78,0.0,0.0,91.2
2026-03-16 01:00:00,1,52.16,100,80,0.0,0.0,92.0
2026-03-16 02:00:00,2,52.16,100,85,0.6,0.0,94.0
2026-03-16 03:00:00,3,53.6,100,90,1.9,0.0,96.0
2026-03-16 04:00:00,4,55.76,100,92,0.1,0.0,96.80000000000001
2026-03-16 05:00:00,5,55.4,100,95,0.8,0.0,98.0
2026-03-16 06:00:00,6,55.22,100,98,0.0,0.0,99.2
2026-03-16 07:00:00,7,55.94,100,98,0.0,0.0,99.2
2026-03-16 08:00:00,8,59.72,100,97,0.0,10.0,98.80000000000001
2026-03-16 09:00:00,9,61.34,100,96,0.2,49.0,98.4
2026-03-16 10:00:00,10,62.059999999999995,100,96,4.7,45.0,98.4
2026-03-16 11:00:00,11,65.66,100,87,0.1,217.0,94.80000000000001
2026-03-16 12:00:00,12,65.66,100,90,0.6,297.0,96.0
2026-03-16 13:00:00,13,63.5,100,89,0.2,184.0,95.6
2026-03-16 14:00:00,14,68.0,100,79,0.9,448.0,91.6
2026-03-16 15:00:00,15,66.38,100,83,1.6,277.0,93.2
2026-03-16 16:00:00,16,61.88,100,95,2.6,64.0,98.0
2026-03-16 17:00:00,17,60.62,100,97,1.5,58.0,98.80000000000001
2026-03-16 18:00:00,18,59.9,100,97,1.5,25.0,98.80000000000001
2026-03-16 19:00:00,19,59.9,100,96,1.9,12.0,98.4
2026-03-16 20:00:00,20,60.8,100,95,2.1,0.0,98.0
2026-03-16 21:00:00,21,60.62,93,95,0.0,0.0,93.8
2026-03-16 22:00:00,22,60.440000000000005,100,91,0.1,0.0,96.4
2026-03-16 23:00:00,23,59.0,100,94,3.7,0.0,97.6
2026-03-17 00:00:00,0,41.54,100,84,3.6,0.0,93.6
2026-03-17 01:00:00,1,39.74,100,81,0.5,0.0,92.4
2026-03-17 02:00:00,2,39.38,100,80,0.1,0.0,92.0
2026-03-17 03:00:00,3,37.94,30,75,0.0,0.0,48.0
2026-03-17 04:00:00,4,36.68,1,66,0.0,0.0,27.000000000000004
2026-03-17 05:00:00,5,35.24,0,60,0.0,0.0,24.0
2026-03-17 06:00:00,6,33.62,0,55,0.0,0.0,22.0
2026-03-17 07:00:00,7,31.82,2,56,0.0,0.0,23.6
2026-03-17 08:00:00,8,33.62,0,51,0.0,38.0,20.400000000000002
2026-03-17 09:00:00,9,32.9,4,49,0.0,208.0,22.0
2026-03-17 10:00:00,10,33.98,5,46,0.0,411.0,21.400000000000002
2026-03-17 11:00:00,11,35.78,25,43,0.0,584.0,32.2
2026-03-17 12:00:00,12,37.76,20,38,0.0,709.0,27.200000000000003
2026-03-17 13:00:00,13,39.74,33,34,0.0,781.0,33.400000000000006
2026-03-17 14:00:00,14,38.839999999999996,88,40,0.0,777.0,68.8
2026-03-17 15:00:00,15,39.02,89,41,0.0,568.0,69.8
2026-03-17 16:00:00,16,38.660000000000004,100,43,0.0,445.0,77.2
2026-03-17 17:00:00,17,37.94,99,42,0.0,272.0,76.2
2026-03-17 18:00:00,18,37.22,100,39,0.0,120.0,75.6
2026-03-17 19:00:00,19,35.78,89,43,0.0,48.0,70.6
2026-03-17 20:00:00,20,34.52,80,51,0.0,0.0,68.4
2026-03-17 21:00:00,21,32.9,75,54,0.0,0.0,66.6
2026-03-17 22:00:00,22,32.36,0,56,0.0,0.0,22.400000000000002
2026-03-17 23:00:00,23,30.92,2,57,0.0,0.0,24.0
2026-03-18 00:00:00,0,29.84,0,55,0.0,0.0,22.0
2026-03-18 01:00:00,1,28.580000000000002,0,57,0.0,0.0,22.8
2026-03-18 02:00:00,2,28.22,0,55,0.0,0.0,22.0
2026-03-18 03:00:00,3,27.14,0,57,0.0,0.0,22.8
2026-03-18 04:00:00,4,26.42,0,61,0.0,0.0,24.400000000000002
2026-03-18 05:00:00,5,25.880000000000003,0,64,0.0,0.0,25.6
2026-03-18 06:00:00,6,25.52,100,67,0.0,0.0,86.8
2026-03-18 07:00:00,7,25.34,100,67,0.0,0.0,86.8
2026-03-18 08:00:00,8,26.42,100,59,0.0,32.0,83.6
2026-03-18 09:00:00,9,27.14,100,48,0.0,99.0,79.2
2026-03-18 10:00:00,10,27.86,100,46,0.0,186.0,78.4
2026-03-18 11:00:00,11,29.66,99,46,0.0,341.0,77.8
2026-03-18 12:00:00,12,32.36,57,46,0.0,568.0,52.599999999999994
2026-03-18 13:00:00,13,34.7,2,45,0.0,787.0,19.2
2026-03-18 14:00:00,14,34.88,0,41,0.0,800.0,16.400000000000002
2026-03-18 15:00:00,15,37.04,53,39,0.0,750.0,47.4
2026-03-18 16:00:00,16,38.660000000000004,48,37,0.0,631.0,43.599999999999994
2026-03-18 17:00:00,17,38.48,2,37,0.0,441.0,16.0
2026-03-18 18:00:00,18,35.78,0,42,0.0,269.0,16.8
2026-03-18 19:00:00,19,33.98,0,50,0.0,82.0,20.0
2026-03-18 20:00:00,20,33.26,0,58,0.0,0.0,23.200000000000003
2026-03-18 21:00:00,21,32.36,0,60,0.0,0.0,24.0
2026-03-18 22:00:00,22,30.92,5,64,0.0,0.0,28.6
2026-03-18 23:00:00,23,30.2,93,67,0.0,0.0,82.6
2026-03-19 00:00:00,0,30.02,99,67,0.0,0.0,86.2
2026-03-19 01:00:00,1,29.3,66,69,0.0,0.0,67.2
2026-03-19 02:00:00,2,28.94,70,71,0.0,0.0,70.4
2026-03-19 03:00:00,3,29.66,100,73,0.0,0.0,89.2
2026-03-19 04:00:00,4,30.02,99,75,0.0,0.0,89.4
2026-03-19 05:00:00,5,30.2,98,78,0.0,0.0,90.0
2026-03-19 06:00:00,6,30.38,55,79,0.0,0.0,64.6
2026-03-19 07:00:00,7,29.66,84,79,0.0,0.0,82.0
2026-03-19 08:00:00,8,31.82,100,76,0.0,26.0,90.4
2026-03-19 09:00:00,9,33.8,100,71,0.0,90.0,88.4
2026-03-19 10:00:00,10,36.68,100,63,0.0,207.0,85.2
2026-03-19 11:00:00,11,39.92,99,56,0.0,382.0,81.8
2026-03-19 12:00:00,12,42.44,87,54,0.0,510.0,73.8
2026-03-19 13:00:00,13,44.96,0,53,0.0,613.0,21.200000000000003
2026-03-19 14:00:00,14,43.879999999999995,100,55,0.0,763.0,82.0
2026-03-19 15:00:00,15,45.32,2,52,0.0,364.0,22.0
2026-03-19 16:00:00,16,47.120000000000005,0,51,0.0,540.0,20.400000000000002
2026-03-19 17:00:00,17,47.48,1,52,0.0,456.0,21.400000000000002
2026-03-19 18:00:00,18,47.120000000000005,2,55,0.0,263.0,23.2
2026-03-19 19:00:00,19,44.239999999999995,21,68,0.0,81.0,39.800000000000004
2026-03-19 20:00:00,20,43.519999999999996,17,67,0.0,1.0,37.0
2026-03-19 21:00:00,21,41.54,96,71,0.0,0.0,86.0
2026-03-19 22:00:00,22,39.92,94,72,0.0,0.0,85.2
2026-03-19 23:00:00,23,39.38,63,69,0.0,0.0,65.4
2026-03-20 00:00:00,0,38.48,100,71,0.0,0.0,88.4
2026-03-20 01:00:00,1,38.660000000000004,45,74,0.0,0.0,56.6
2026-03-20 02:00:00,2,37.94,38,77,0.0,0.0,53.6
2026-03-20 03:00:00,3,37.58,18,79,0.0,0.0,42.4
2026-03-20 04:00:00,4,36.5,0,81,0.0,0.0,32.4
2026-03-20 05:00:00,5,35.96,0,82,0.0,0.0,32.800000000000004
2026-03-20 06:00:00,6,35.24,1,83,0.0,0.0,33.800000000000004
2026-03-20 07:00:00,7,34.88,13,84,0.0,0.0,41.4
2026-03-20 08:00:00,8,35.78,13,84,0.0,43.0,41.4
2026-03-20 09:00:00,9,39.38,33,78,0.0,215.0,51.0
2026-03-20 10:00:00,10,44.239999999999995,67,71,0.0,404.0,68.6
2026-03-20 11:00:00,11,49.28,24,65,0.0,557.0,40.4
2026-03-20 12:00:00,12,54.14,64,61,0.0,700.0,62.8
2026-03-20 13:00:00,13,57.56,49,55,0.0,768.0,51.4
2026-03-20 14:00:00,14,61.34,99,49,0.0,779.0,79.0
2026-03-20 15:00:00,15,62.78,100,48,0.0,705.0,79.2
2026-03-20 16:00:00,16,63.86,100,48,0.0,594.0,79.2
2026-03-20 17:00:00,17,62.78,100,50,0.0,336.0,80.0
2026-03-20 18:00:00,18,59.540000000000006,100,56,0.0,90.0,82.4
2026-03-20 19:00:00,19,57.2,100,59,0.0,33.0,83.6
2026-03-20 20:00:00,20,55.4,100,71,0.6,0.0,88.4
2026-03-20 21:00:00,21,54.14,100,81,0.7,0.0,92.4
2026-03-20 22:00:00,22,52.879999999999995,100,88,2.2,0.0,95.2
2026-03-20 23:00:00,23,51.620000000000005,100,94,2.9,0.0,97.6
2026-03-21 00:00:00,0,50.36,95,95,3.2,0.0,95.0
2026-03-21 01:00:00,1,49.64,2,96,0.2,0.0,39.60000000000001
2026-03-21 02:00:00,2,50.36,45,93,0.0,0.0,64.2
2026-03-21 03:00:00,3,49.82,10,95,0.0,0.0,44.0
2026-03-21 04:00:00,4,48.74,2,96,0.0,0.0,39.60000000000001
2026-03-21 05:00:00,5,48.2,9,97,0.0,0.0,44.2
2026-03-21 06:00:00,6,47.66,2,97,0.0,0.0,40.00000000000001
2026-03-21 07:00:00,7,47.66,18,97,0.0,0.0,49.6
2026-03-21 08:00:00,8,48.92,2,96,0.0,38.0,39.60000000000001
2026-03-21 09:00:00,9,52.879999999999995,0,91,0.0,196.0,36.4
2026-03-21 10:00:00,10,55.94,1,82,0.0,398.0,33.400000000000006
2026-03-21 11:00:00,11,56.84,1,71,0.0,586.0,29.000000000000004
2026-03-21 12:00:00,12,57.379999999999995,9,63,0.0,716.0,30.6
2026-03-21 13:00:00,13,57.2,1,56,0.0,784.0,23.000000000000004
2026-03-21 14:00:00,14,57.02,2,54,0.0,802.0,22.8
2026-03-21 15:00:00,15,57.56,41,51,0.0,749.0,45.0
2026-03-21 16:00:00,16,57.92,95,50,0.0,627.0,77.0
2026-03-21 17:00:00,17,57.56,91,51,0.0,449.0,75.0
2026-03-21 18:00:00,18,56.3,99,53,0.0,246.0,80.6
2026-03-21 19:00:00,19,53.78,100,64,0.0,47.0,85.6
2026-03-21 20:00:00,20,53.06,81,65,0.0,0.0,74.6
2026-03-21 21:00:00,21,51.8,100,71,0.0,0.0,88.4
2026-03-21 22:00:00,22,51.620000000000005,100,70,0.0,0.0,88.0
2026-03-21 23:00:00,23,49.64,38,73,0.0,0.0,52.0
2026-03-22 00:00:00,0,45.68,49,86,0.0,0.0,63.8
2026-03-22 01:00:00,1,43.879999999999995,5,87,0.0,0.0,37.800000000000004
2026-03-22 02:00:00,2,44.239999999999995,21,86,0.0,0.0,47.0
2026-03-22 03:00:00,3,44.42,100,85,0.0,0.0,94.0
2026-03-22 04:00:00,4,44.96,77,82,0.0,0.0,79.0
2026-03-22 05:00:00,5,44.6,88,82,0.0,0.0,85.6
2026-03-22 06:00:00,6,43.879999999999995,95,84,0.0,0.0,90.6
2026-03-22 07:00:00,7,43.16,55,86,0.0,0.0,67.4
2026-03-22 08:00:00,8,43.519999999999996,70,89,0.0,47.0,77.6
2026-03-22 09:00:00,9,47.48,55,86,0.0,204.0,67.4
2026-03-22 10:00:00,10,52.52,77,81,0.0,374.0,78.6
2026-03-22 11:00:00,11,57.74,23,71,0.0,479.0,42.2
2026-03-22 12:00:00,12,60.26,38,71,0.0,682.0,51.2
2026-03-22 13:00:00,13,63.32,81,67,0.0,763.0,75.4
2026-03-22 14:00:00,14,65.66,95,62,0.0,769.0,81.8
2026-03-22 15:00:00,15,68.0,50,61,0.0,660.0,54.400000000000006
2026-03-22 16:00:00,16,70.7,35,59,0.0,609.0,44.6
2026-03-22 17:00:00,17,71.24000000000001,76,59,0.0,447.0,69.2
2026-03-22 18:00:00,18,69.8,52,63,0.0,261.0,56.400000000000006
2026-03-22 19:00:00,19,67.1,100,66,0.0,81.0,86.4
2026-03-22 20:00:00,20,65.66,100,69,0.0,1.0,87.6
2026-03-22 21:00:00,21,64.4,100,71,0.1,0.0,88.4
2026-03-22 22:00:00,22,61.7,100,84,0.8,0.0,93.6
2026-03-22 23:00:00,23,58.1,100,91,0.3,0.0,96.4
2026-03-23 00:00:00,0,55.4,99,93,0.0,0.0,96.6
2026-03-23 01:00:00,1,53.78,100,93,0.0,0.0,97.2
2026-03-23 02:00:00,2,54.14,100,92,0.0,0.0,96.80000000000001
2026-03-23 03:00:00,3,53.78,100,93,0.0,0.0,97.2
2026-03-23 04:00:00,4,53.42,100,93,0.0,0.0,97.2
2026-03-23 05:00:00,5,52.7,100,92,1.8,0.0,96.80000000000001
2026-03-23 06:00:00,6,50.9,100,92,0.5,0.0,96.80000000000001
2026-03-23 07:00:00,7,48.56,100,95,1.7,0.0,98.0
2026-03-23 08:00:00,8,49.46,100,92,1.4,5.0,96.80000000000001
2026-03-23 09:00:00,9,49.28,100,88,0.0,82.0,95.2
2026-03-23 10:00:00,10,49.82,100,83,0.0,252.0,93.2
2026-03-23 11:00:00,11,49.64,100,81,0.0,221.0,92.4
2026-03-23 12:00:00,12,48.2,100,80,0.0,119.0,92.0
2026-03-23 13:00:00,13,47.84,100,74,0.0,144.0,89.6
2026-03-23 14:00:00,14,47.48,100,74,0.1,176.0,89.6
2026-03-23 15:00:00,15,46.4,99,74,0.0,213.0,89.0
2026-03-23 16:00:00,16,46.76,43,64,0.0,386.0,51.400000000000006
2026-03-23 17:00:00,17,45.68,50,57,0.0,343.0,52.8
2026-03-23 18:00:00,18,44.78,1,52,0.0,249.0,21.400000000000002
2026-03-23 19:00:00,19,42.8,16,53,0.0,90.0,30.800000000000004
2026-03-23 20:00:00,20,38.660000000000004,1,60,0.0,1.0,24.6
2026-03-23 21:00:00,21,37.76,3,59,0.0,0.0,25.400000000000002
2026-03-23 22:00:00,22,37.22,24,58,0.0,0.0,37.6
2026-03-23 23:00:00,23,36.86,0,58,0.0,0.0,23.200000000000003
2026-03-24 00:00:00,0,35.96,9,57,0.0,0.0,28.2
2026-03-24 01:00:00,1,35.24,1,56,0.0,0.0,23.000000000000004
2026-03-24 02:00:00,2,35.24,3,59,0.0,0.0,25.400000000000002
2026-03-24 03:00:00,3,34.16,0,60,0.0,0.0,24.0
2026-03-24 04:00:00,4,33.44,0,63,0.0,0.0,25.200000000000003
2026-03-24 05:00:00,5,33.08,3,66,0.0,0.0,28.200000000000003
2026-03-24 06:00:00,6,32.72,3,69,0.0,0.0,29.400000000000002
2026-03-24 07:00:00,7,32.18,2,71,0.0,0.0,29.6
2026-03-24 08:00:00,8,33.98,25,68,0.0,62.0,42.2
2026-03-24 09:00:00,9,36.5,75,58,0.0,237.0,68.2
2026-03-24 10:00:00,10,38.660000000000004,28,52,0.0,406.0,37.6
2026-03-24 11:00:00,11,40.64,27,50,0.0,571.0,36.2
2026-03-24 12:00:00,12,42.260000000000005,2,49,0.0,684.0,20.8
2026-03-24 13:00:00,13,44.06,15,48,0.0,822.0,28.200000000000003
2026-03-24 14:00:00,14,45.14,0,43,0.0,830.0,17.2
2026-03-24 15:00:00,15,46.94,0,43,0.0,777.0,17.2
2026-03-24 16:00:00,16,47.66,0,43,0.0,659.0,17.2
2026-03-24 17:00:00,17,47.66,0,43,0.0,492.0,17.2
2026-03-24 18:00:00,18,47.120000000000005,4,43,0.0,295.0,19.599999999999998
2026-03-24 19:00:00,19,44.96,100,54,0.0,99.0,81.6
2026-03-24 20:00:00,20,43.519999999999996,100,58,0.0,2.0,83.2
2026-03-24 21:00:00,21,41.54,100,61,0.0,0.0,84.4
2026-03-24 22:00:00,22,39.74,100,65,0.0,0.0,86.0
2026-03-24 23:00:00,23,39.02,97,70,0.0,0.0,86.19999999999999
2026-03-25 00:00:00,0,37.94,100,73,0.0,0.0,89.2
2026-03-25 01:00:00,1,37.4,100,76,0.0,0.0,90.4
2026-03-25 02:00:00,2,37.4,99,79,0.0,0.0,91.0
2026-03-25 03:00:00,3,37.04,78,80,0.0,0.0,78.8
2026-03-25 04:00:00,4,36.5,48,80,0.0,0.0,60.8
2026-03-25 05:00:00,5,35.78,81,81,0.0,0.0,81.0
2026-03-25 06:00:00,6,35.06,96,84,0.0,0.0,91.19999999999999
2026-03-25 07:00:00,7,35.06,98,85,0.0,0.0,92.8
2026-03-25 08:00:00,8,35.78,100,85,0.0,51.0,94.0
2026-03-25 09:00:00,9,38.839999999999996,97,78,0.0,210.0,89.4
2026-03-25 10:00:00,10,42.620000000000005,98,74,0.0,397.0,88.4
2026-03-25 11:00:00,11,46.22,100,68,0.0,548.0,87.2
2026-03-25 12:00:00,12,48.379999999999995,100,62,0.0,502.0,84.8
2026-03-25 13:00:00,13,48.56,100,57,0.0,404.0,82.8
2026-03-25 14:00:00,14,52.52,23,45,0.0,502.0,31.799999999999997
2026-03-25 15:00:00,15,53.6,55,41,0.0,747.0,49.400000000000006
2026-03-25 16:00:00,16,53.42,100,38,0.0,634.0,75.2
2026-03-25 17:00:00,17,52.34,98,35,0.0,327.0,72.8
2026-03-25 18:00:00,18,50.9,65,37,0.0,229.0,53.8
2026-03-25 19:00:00,19,47.84,83,38,0.0,82.0,65.0
2026-03-25 20:00:00,20,45.86,100,40,0.0,2.0,76.0
2026-03-25 21:00:00,21,45.5,100,51,0.0,0.0,80.4
2026-03-25 22:00:00,22,45.14,100,63,0.0,0.0,85.2
2026-03-25 23:00:00,23,46.04,99,67,0.0,0.0,86.2
2026-03-26 00:00:00,0,46.76,100,65,0.0,0.0,86.0
2026-03-26 01:00:00,1,47.3,100,66,0.0,0.0,86.4
2026-03-26 02:00:00,2,48.02,100,68,0.0,0.0,87.2
2026-03-26 03:00:00,3,48.56,100,72,0.0,0.0,88.8
2026-03-26 04:00:00,4,49.28,100,75,0.0,0.0,90.0
2026-03-26 05:00:00,5,50.0,100,75,0.0,0.0,90.0
2026-03-26 06:00:00,6,50.54,100,73,0.0,0.0,89.2
2026-03-26 07:00:00,7,50.54,100,72,0.0,0.0,88.8
2026-03-26 08:00:00,8,51.98,100,69,0.0,49.0,87.6
2026-03-26 09:00:00,9,54.68,27,66,0.0,194.0,42.6
2026-03-26 10:00:00,10,58.28,95,59,0.0,430.0,80.6
2026-03-26 11:00:00,11,61.16,89,56,0.0,548.0,75.8
2026-03-26 12:00:00,12,64.75999999999999,79,53,0.0,708.0,68.6
2026-03-26 13:00:00,13,68.0,29,50,0.0,784.0,37.4
2026-03-26 14:00:00,14,71.6,13,41,0.0,793.0,24.200000000000003
2026-03-26 15:00:00,15,73.22,1,42,0.0,747.0,17.400000000000002
2026-03-26 16:00:00,16,73.58,48,44,0.0,628.0,46.4
2026-03-26 17:00:00,17,73.04,7,48,0.0,464.0,23.400000000000002
2026-03-26 18:00:00,18,71.24000000000001,37,52,0.0,277.0,43.0
2026-03-26 19:00:00,19,69.08,92,56,0.0,93.0,77.6
2026-03-26 20:00:00,20,68.54,53,57,0.0,2.0,54.599999999999994
2026-03-26 21:00:00,21,68.36,100,58,0.0,0.0,83.2
2026-03-26 22:00:00,22,68.72,100,56,0.0,0.0,82.4
2026-03-26 23:00:00,23,67.64,100,59,0.0,0.0,83.6
2026-03-27 00:00:00,0,66.38,100,66,0.3,0.0,86.4
2026-03-27 01:00:00,1,62.6,100,81,4.2,0.0,92.4
2026-03-27 02:00:00,2,62.059999999999995,100,87,1.8,0.0,94.80000000000001
2026-03-27 03:00:00,3,62.24,100,91,1.3,0.0,96.4
2026-03-27 04:00:00,4,60.8,100,96,0.4,0.0,98.4
2026-03-27 05:00:00,5,60.26,100,96,1.2,0.0,98.4
2026-03-27 06:00:00,6,58.28,100,94,0.8,0.0,97.6
2026-03-27 07:00:00,7,56.66,100,90,1.6,0.0,96.0
2026-03-27 08:00:00,8,55.76,100,92,1.8,8.0,96.80000000000001
2026-03-27 09:00:00,9,53.78,100,86,0.8,84.0,94.4
2026-03-27 10:00:00,10,51.620000000000005,100,80,0.2,125.0,92.0
2026-03-27 11:00:00,11,50.9,100,64,0.0,227.0,85.6
2026-03-27 12:00:00,12,51.98,100,57,0.0,401.0,82.8
2026-03-27 13:00:00,13,51.26,100,53,0.0,417.0,81.2
2026-03-27 14:00:00,14,51.26,100,53,0.0,566.0,81.2
2026-03-27 15:00:00,15,50.54,100,52,0.0,236.0,80.8
2026-03-27 16:00:00,16,50.9,100,49,0.0,270.0,79.6
2026-03-27 17:00:00,17,49.28,100,47,0.0,103.0,78.8
2026-03-27 18:00:00,18,47.3,100,51,0.0,45.0,80.4
2026-03-27 19:00:00,19,45.14,100,53,0.0,20.0,81.2
2026-03-27 20:00:00,20,43.879999999999995,100,54,0.0,1.0,81.6
2026-03-27 21:00:00,21,42.980000000000004,25,59,0.0,0.0,38.6
2026-03-27 22:00:00,22,41.36,85,63,0.0,0.0,76.2
2026-03-27 23:00:00,23,40.28,59,62,0.0,0.0,60.2
2026-03-28 00:00:00,0,38.839999999999996,3,56,0.0,0.0,24.200000000000003
2026-03-28 01:00:00,1,37.4,0,57,0.0,0.0,22.8
2026-03-28 02:00:00,2,36.5,0,60,0.0,0.0,24.0
2026-03-28 03:00:00,3,35.06,65,63,0.0,0.0,64.2
2026-03-28 04:00:00,4,34.34,88,59,0.0,0.0,76.4
2026-03-28 05:00:00,5,33.8,100,52,0.0,0.0,80.8
2026-03-28 06:00:00,6,33.08,89,45,0.0,0.0,71.4
2026-03-28 07:00:00,7,31.1,0,43,0.0,0.0,17.2
2026-03-28 08:00:00,8,31.64,0,42,0.0,80.0,16.8
2026-03-28 09:00:00,9,33.26,0,39,0.0,279.0,15.600000000000001
2026-03-28 10:00:00,10,35.06,0,40,0.0,480.0,16.0
2026-03-28 11:00:00,11,37.4,0,39,0.0,655.0,15.600000000000001
2026-03-28 12:00:00,12,39.74,0,38,0.0,782.0,15.200000000000001
2026-03-28 13:00:00,13,42.44,62,30,0.0,854.0,49.199999999999996
2026-03-28 14:00:00,14,43.34,55,32,0.0,818.0,45.8
2026-03-28 15:00:00,15,43.879999999999995,8,32,0.0,718.0,17.6
2026-03-28 16:00:00,16,44.78,59,30,0.0,685.0,47.4
2026-03-28 17:00:00,17,44.6,55,31,0.0,484.0,45.4
2026-03-28 18:00:00,18,44.239999999999995,77,31,0.0,310.0,58.599999999999994
2026-03-28 19:00:00,19,42.44,0,41,0.0,109.0,16.400000000000002
2026-03-28 20:00:00,20,40.1,0,58,0.0,4.0,23.200000000000003
2026-03-28 21:00:00,21,39.2,0,60,0.0,0.0,24.0
2026-03-28 22:00:00,22,38.48,0,56,0.0,0.0,22.400000000000002
2026-03-28 23:00:00,23,37.22,0,56,0.0,0.0,22.400000000000002
2026-03-29 00:00:00,0,36.14,6,60,0.0,0.0,27.6
2026-03-29 01:00:00,1,35.78,9,59,0.0,0.0,29.0
2026-03-29 02:00:00,2,33.26,2,66,0.0,0.0,27.6
2026-03-29 03:00:00,3,30.92,13,76,0.0,0.0,38.2
2026-03-29 04:00:00,4,30.2,11,80,0.0,0.0,38.6
2026-03-29 05:00:00,5,30.02,43,83,0.0,0.0,59.0
2026-03-29 06:00:00,6,30.56,2,79,0.0,0.0,32.800000000000004
2026-03-29 07:00:00,7,30.2,16,81,0.0,0.0,42.0
2026-03-29 08:00:00,8,33.26,16,77,0.0,81.0,40.4
2026-03-29 09:00:00,9,36.5,26,67,0.0,271.0,42.4
2026-03-29 10:00:00,10,40.64,47,57,0.0,472.0,51.0
2026-03-29 11:00:00,11,44.96,16,48,0.0,643.0,28.800000000000004
2026-03-29 12:00:00,12,48.74,37,38,0.0,766.0,37.4
2026-03-29 13:00:00,13,51.08,12,34,0.0,833.0,20.8
2026-03-29 14:00:00,14,54.68,5,34,0.0,838.0,16.6
2026-03-29 15:00:00,15,55.58,13,35,0.0,777.0,21.8
2026-03-29 16:00:00,16,55.76,20,34,0.0,659.0,25.6
2026-03-29 17:00:00,17,55.04,100,36,0.0,468.0,74.4
2026-03-29 18:00:00,18,53.42,32,42,0.0,222.0,36.0
2026-03-29 19:00:00,19,50.54,36,49,0.0,109.0,41.2
2026-03-29 20:00:00,20,49.46,77,49,0.0,4.0,65.8
2026-03-29 21:00:00,21,48.02,100,51,0.0,0.0,80.4
2026-03-29 22:00:00,22,46.4,100,57,0.0,0.0,82.8
2026-03-29 23:00:00,23,46.4,100,57,0.0,0.0,82.8
2026-03-30 00:00:00,0,46.58,100,58,0.0,0.0,83.2
2026-03-30 01:00:00,1,46.76,100,61,0.0,0.0,84.4
2026-03-30 02:00:00,2,47.3,100,66,0.0,0.0,86.4
2026-03-30 03:00:00,3,47.3,73,70,0.0,0.0,71.8
2026-03-30 04:00:00,4,48.02,65,72,0.0,0.0,67.8
2026-03-30 05:00:00,5,48.2,9,75,0.0,0.0,35.4
2026-03-30 06:00:00,6,48.56,9,77,0.0,0.0,36.2
2026-03-30 07:00:00,7,49.1,13,75,0.0,1.0,37.8
2026-03-30 08:00:00,8,51.620000000000005,100,73,0.0,79.0,89.2
2026-03-30 09:00:00,9,53.78,94,70,0.0,118.0,84.4
2026-03-30 10:00:00,10,55.4,82,67,0.0,189.0,76.0
2026-03-30 11:00:00,11,58.82,92,66,0.0,389.0,81.6
2026-03-30 12:00:00,12,60.980000000000004,71,61,0.0,451.0,67.0
2026-03-30 13:00:00,13,62.78,100,58,0.0,614.0,83.2
2026-03-30 14:00:00,14,65.66,16,49,0.0,589.0,29.200000000000003
2026-03-30 15:00:00,15,67.1,30,49,0.0,755.0,37.6
2026-03-30 16:00:00,16,66.92,76,54,0.0,615.0,67.2
2026-03-30 17:00:00,17,66.2,96,57,0.0,402.0,80.39999999999999
2026-03-30 18:00:00,18,65.3,38,58,0.0,238.0,46.0
2026-03-30 19:00:00,19,62.42,8,66,0.0,91.0,31.200000000000003
2026-03-30 20:00:00,20,63.14,23,61,0.0,4.0,38.2
2026-03-30 21:00:00,21,62.42,21,65,0.0,0.0,38.6
2026-03-30 22:00:00,22,61.88,22,68,0.0,0.0,40.400000000000006
2026-03-30 23:00:00,23,61.519999999999996,38,71,0.0,0.0,51.2
2026-03-31 00:00:00,0,61.16,39,73,0.0,0.0,52.6
2026-03-31 01:00:00,1,60.980000000000004,18,73,0.0,0.0,40.0
2026-03-31 02:00:00,2,61.519999999999996,84,74,0.0,0.0,80.0
2026-03-31 03:00:00,3,61.519999999999996,27,73,0.0,0.0,45.400000000000006
2026-03-31 04:00:00,4,61.34,24,70,0.0,0.0,42.4
2026-03-31 05:00:00,5,60.8,86,69,0.0,0.0,79.2
2026-03-31 06:00:00,6,60.62,49,69,0.0,0.0,57.0
2026-03-31 07:00:00,7,60.440000000000005,27,69,0.0,1.0,43.8
2026-03-31 08:00:00,8,62.6,54,65,0.0,77.0,58.4
2026-03-31 09:00:00,9,65.48,79,62,0.0,258.0,72.2
2026-03-31 10:00:00,10,68.0,34,59,0.0,435.0,44.0
2026-03-31 11:00:00,11,70.7,100,56,0.0,606.0,82.4
2026-03-31 12:00:00,12,73.58,97,52,0.0,721.0,79.0
2026-03-31 13:00:00,13,75.92,99,49,0.0,765.0,79.0
2026-03-31 14:00:00,14,77.54,98,45,0.0,737.0,76.8
2026-03-31 15:00:00,15,78.08,92,45,0.0,705.0,73.19999999999999
2026-03-31 16:00:00,16,77.54,83,47,0.0,564.0,68.6
2026-03-31 17:00:00,17,77.72,97,48,0.0,443.0,77.4
2026-03-31 18:00:00,18,76.28,95,50,0.0,261.0,77.0
2026-03-31 19:00:00,19,73.94,99,54,0.0,106.0,81.0
2026-03-31 20:00:00,20,72.86,100,55,0.0,5.0,82.0
2026-03-31 21:00:00,21,71.6,100,58,0.0,0.0,83.2
2026-03-31 22:00:00,22,71.06,100,59,0.0,0.0,83.6
2026-03-31 23:00:00,23,70.52,98,59,0.0,0.0,82.4
2026-04-01 00:00:00,0,69.8,100,60,0.0,0.0,84.0
2026-04-01 01:00:00,1,69.44,100,61,0.0,0.0,84.4
2026-04-01 02:00:00,2,69.98,100,59,0.0,0.0,83.6
2026-04-01 03:00:00,3,69.25999999999999,100,60,0.0,0.0,84.0
2026-04-01 04:00:00,4,68.18,100,63,0.0,0.0,85.2
2026-04-01 05:00:00,5,66.2,96,67,0.0,0.0,84.39999999999999
2026-04-01 06:00:00,6,64.58,94,71,0.0,0.0,84.8
2026-04-01 07:00:00,7,63.14,99,75,0.0,1.0,89.4
2026-04-01 08:00:00,8,64.75999999999999,20,74,0.0,55.0,41.6
2026-04-01 09:00:00,9,68.54,21,68,0.0,238.0,39.800000000000004
2026-04-01 10:00:00,10,72.32,18,60,0.0,447.0,34.8
2026-04-01 11:00:00,11,75.56,23,53,0.0,608.0,35.0
2026-04-01 12:00:00,12,77.9,52,48,0.0,723.0,50.400000000000006
2026-04-01 13:00:00,13,78.08,85,47,0.0,660.0,69.8
2026-04-01 14:00:00,14,78.98,29,43,0.1,552.0,34.599999999999994
2026-04-01 15:00:00,15,79.34,35,41,0.0,517.0,37.400000000000006
2026-04-01 16:00:00,16,79.88,7,39,0.0,546.0,19.8
2026-04-01 17:00:00,17,79.7,12,41,0.0,457.0,23.6
2026-04-01 18:00:00,18,78.25999999999999,88,48,0.0,283.0,72.0
2026-04-01 19:00:00,19,74.48,100,57,0.0,104.0,82.8
2026-04-01 20:00:00,20,71.24000000000001,86,66,0.0,5.0,78.0
2026-04-01 21:00:00,21,66.38,100,76,0.2,0.0,90.4
2026-04-01 22:00:00,22,62.42,100,91,2.6,0.0,96.4
2026-04-01 23:00:00,23,60.980000000000004,100,91,1.9,0.0,96.4
2026-04-02 00:00:00,0,59.0,100,90,0.2,0.0,96.0
2026-04-02 01:00:00,1,56.3,100,87,0.0,0.0,94.80000000000001
2026-04-02 02:00:00,2,55.22,100,88,0.0,0.0,95.2
2026-04-02 03:00:00,3,51.98,100,89,0.0,0.0,95.6
2026-04-02 04:00:00,4,50.0,100,89,0.1,0.0,95.6
2026-04-02 05:00:00,5,48.56,100,89,0.2,0.0,95.6
2026-04-02 06:00:00,6,47.48,100,88,0.0,0.0,95.2
2026-04-02 07:00:00,7,47.120000000000005,100,87,0.0,1.0,94.80000000000001
2026-04-02 08:00:00,8,46.76,100,83,0.0,20.0,93.2
2026-04-02 09:00:00,9,47.120000000000005,100,82,0.0,83.0,92.80000000000001
2026-04-02 10:00:00,10,47.120000000000005,100,81,0.0,72.0,92.4
2026-04-02 11:00:00,11,48.74,100,76,0.0,256.0,90.4
2026-04-02 12:00:00,12,50.54,100,72,0.0,354.0,88.8
2026-04-02 13:00:00,13,52.16,100,69,0.0,406.0,87.6
2026-04-02 14:00:00,14,47.48,100,75,0.0,369.0,90.0
2026-04-02 15:00:00,15,47.66,100,75,0.0,223.0,90.0
2026-04-02 16:00:00,16,47.48,100,76,0.0,170.0,90.4
2026-04-02 17:00:00,17,46.76,100,78,0.2,146.0,91.2
2026-04-02 18:00:00,18,46.04,100,80,0.0,79.0,92.0
2026-04-02 19:00:00,19,45.14,100,82,0.0,29.0,92.80000000000001
2026-04-02 20:00:00,20,43.16,100,85,0.0,2.0,94.0
2026-04-02 21:00:00,21,42.620000000000005,100,86,0.0,0.0,94.4
2026-04-02 22:00:00,22,42.8,100,86,0.0,0.0,94.4
2026-04-02 23:00:00,23,42.8,100,87,0.0,0.0,94.80000000000001
2026-04-03 00:00:00,0,42.8,100,88,0.0,0.0,95.2
2026-04-03 01:00:00,1,42.980000000000004,100,89,0.0,0.0,95.6
2026-04-03 02:00:00,2,42.8,100,90,0.0,0.0,96.0
2026-04-03 03:00:00,3,42.8,100,91,0.0,0.0,96.4
2026-04-03 04:00:00,4,42.980000000000004,100,92,0.0,0.0,96.80000000000001
2026-04-03 05:00:00,5,43.519999999999996,100,92,0.0,0.0,96.80000000000001
2026-04-03 06:00:00,6,44.06,100,92,0.0,0.0,96.80000000000001
2026-04-03 07:00:00,7,44.78,100,92,0.0,1.0,96.80000000000001
2026-04-03 08:00:00,8,43.34,100,92,0.0,37.0,96.80000000000001
2026-04-03 09:00:00,9,46.04,100,89,0.0,129.0,95.6
2026-04-03 10:00:00,10,49.46,100,82,0.0,265.0,92.80000000000001
2026-04-03 11:00:00,11,55.04,100,79,0.0,386.0,91.6
2026-04-03 12:00:00,12,62.42,98,69,0.0,584.0,86.4
2026-04-03 13:00:00,13,69.08,91,59,0.0,693.0,78.2
2026-04-03 14:00:00,14,63.14,100,71,0.0,661.0,88.4
2026-04-03 15:00:00,15,69.08,98,60,0.0,513.0,82.8
2026-04-03 16:00:00,16,68.9,98,64,0.0,451.0,84.4
2026-04-03 17:00:00,17,71.78,95,62,0.0,438.0,81.8
2026-04-03 18:00:00,18,71.78,90,65,0.0,280.0,80.0
2026-04-03 19:00:00,19,70.52,100,70,0.0,109.0,88.0
2026-04-03 20:00:00,20,67.64,100,73,0.0,6.0,89.2
2026-04-03 21:00:00,21,66.74000000000001,99,76,0.0,0.0,89.8
2026-04-03 22:00:00,22,65.66,93,78,0.0,0.0,87.0
2026-04-03 23:00:00,23,64.94,100,80,0.0,0.0,92.0
2026-04-04 00:00:00,0,64.58,32,81,0.0,0.0,51.599999999999994
2026-04-04 01:00:00,1,64.75999999999999,19,78,0.0,0.0,42.6
2026-04-04 02:00:00,2,62.6,87,81,0.0,0.0,84.6
2026-04-04 03:00:00,3,61.34,76,83,0.0,0.0,78.80000000000001
2026-04-04 04:00:00,4,60.26,89,85,0.0,0.0,87.4
2026-04-04 05:00:00,5,59.36,13,87,0.0,0.0,42.6
2026-04-04 06:00:00,6,58.82,1,88,0.0,0.0,35.800000000000004
2026-04-04 07:00:00,7,57.74,5,90,0.0,3.0,39.0
2026-04-04 08:00:00,8,61.34,1,86,0.0,92.0,35.0
2026-04-04 09:00:00,9,66.02,1,79,0.0,271.0,32.2
2026-04-04 10:00:00,10,69.98,2,72,0.0,458.0,30.0
2026-04-04 11:00:00,11,72.68,5,67,0.0,611.0,29.8
2026-04-04 12:00:00,12,74.84,8,64,0.0,722.0,30.400000000000002
2026-04-04 13:00:00,13,76.82,9,61,0.0,778.0,29.8
2026-04-04 14:00:00,14,79.52,21,55,0.0,786.0,34.6
2026-04-04 15:00:00,15,76.82,70,62,0.4,616.0,66.8
2026-04-04 16:00:00,16,74.48,99,65,0.1,415.0,85.4
2026-04-04 17:00:00,17,70.52,100,65,0.0,357.0,86.0
2026-04-04 18:00:00,18,65.12,99,70,0.0,226.0,87.4
2026-04-04 19:00:00,19,59.18,99,78,0.0,108.0,90.6
2026-04-04 20:00:00,20,52.34,100,84,0.0,4.0,93.6
2026-04-04 21:00:00,21,49.1,100,82,0.0,0.0,92.80000000000001
2026-04-04 22:00:00,22,48.2,100,84,0.0,0.0,93.6
2026-04-04 23:00:00,23,48.379999999999995,100,86,0.0,0.0,94.4
2026-04-05 00:00:00,0,49.1,100,87,0.0,0.0,94.80000000000001
2026-04-05 01:00:00,1,49.82,100,90,0.0,0.0,96.0
2026-04-05 02:00:00,2,47.120000000000005,100,89,0.0,0.0,95.6
2026-04-05 03:00:00,3,48.02,100,92,0.0,0.0,96.80000000000001
2026-04-05 04:00:00,4,48.74,89,94,0.0,0.0,91.0
2026-04-05 05:00:00,5,49.28,98,96,0.0,0.0,97.2
2026-04-05 06:00:00,6,51.8,98,94,0.0,0.0,96.4
2026-04-05 07:00:00,7,58.459999999999994,79,88,0.0,3.0,82.6
2026-04-05 08:00:00,8,59.36,100,85,0.0,75.0,94.0
2026-04-05 09:00:00,9,64.04,100,80,0.0,111.0,92.0
2026-04-05 10:00:00,10,68.0,91,75,0.0,196.0,84.6
2026-04-05 11:00:00,11,71.06,100,72,0.5,372.0,88.8
2026-04-05 12:00:00,12,67.46,100,85,2.8,229.0,94.0
2026-04-05 13:00:00,13,64.04,100,93,2.8,213.0,97.2
2026-04-05 14:00:00,14,60.440000000000005,100,91,1.8,212.0,96.4
2026-04-05 15:00:00,15,59.540000000000006,100,91,1.3,135.0,96.4
2026-04-05 16:00:00,16,58.64,100,92,1.4,78.0,96.80000000000001
2026-04-05 17:00:00,17,57.56,100,83,0.1,98.0,93.2
2026-04-05 18:00:00,18,56.66,100,74,0.0,125.0,89.6
2026-04-05 19:00:00,19,56.3,83,68,0.0,99.0,77.0
2026-04-05 20:00:00,20,53.96,100,64,0.0,8.0,85.6
2026-04-05 21:00:00,21,52.16,100,63,0.0,0.0,85.2
2026-04-05 22:00:00,22,50.9,92,61,0.0,0.0,79.6
2026-04-05 23:00:00,23,49.46,81,60,0.0,0.0,72.6
2026-04-06 00:00:00,0,48.379999999999995,16,57,0.0,0.0,32.4
2026-04-06 01:00:00,1,47.120000000000005,94,58,0.0,0.0,79.6
2026-04-06 02:00:00,2,47.3,63,58,0.0,0.0,61.0
2026-04-06 03:00:00,3,47.120000000000005,37,59,0.0,0.0,45.8
2026-04-06 04:00:00,4,45.32,4,60,0.0,0.0,26.4
2026-04-06 05:00:00,5,42.980000000000004,3,61,0.0,0.0,26.200000000000003
2026-04-06 06:00:00,6,41.0,2,62,0.0,0.0,26.0
2026-04-06 07:00:00,7,40.1,1,63,0.0,5.0,25.800000000000004
2026-04-06 08:00:00,8,42.980000000000004,0,54,0.0,116.0,21.6
2026-04-06 09:00:00,9,45.14,0,48,0.0,315.0,19.200000000000003
2026-04-06 10:00:00,10,47.120000000000005,0,47,0.0,515.0,18.8
2026-04-06 11:00:00,11,49.1,0,46,0.0,682.0,18.400000000000002
2026-04-06 12:00:00,12,51.44,5,42,0.0,808.0,19.8
2026-04-06 13:00:00,13,54.68,6,35,0.0,866.0,17.6
2026-04-06 14:00:00,14,55.4,39,36,0.0,842.0,37.8
2026-04-06 15:00:00,15,55.4,93,36,0.0,658.0,70.2
2026-04-06 16:00:00,16,55.4,96,36,0.0,516.0,72.0
2026-04-06 17:00:00,17,53.78,28,40,0.0,277.0,32.8
2026-04-06 18:00:00,18,54.14,24,42,0.2,318.0,31.2
2026-04-06 19:00:00,19,52.34,48,49,0.0,101.0,48.4
2026-04-06 20:00:00,20,49.64,5,64,0.0,8.0,28.6
2026-04-06 21:00:00,21,48.2,25,70,0.0,0.0,43.0
2026-04-06 22:00:00,22,47.66,59,73,0.0,0.0,64.6
2026-04-06 23:00:00,23,46.94,98,76,0.0,0.0,89.2
2026-04-07 00:00:00,0,46.94,99,78,0.0,0.0,90.6
2026-04-07 01:00:00,1,46.58,100,79,0.0,0.0,91.6
2026-04-07 02:00:00,2,47.120000000000005,100,79,0.0,0.0,91.6
2026-04-07 03:00:00,3,48.379999999999995,69,66,0.0,0.0,67.8
2026-04-07 04:00:00,4,48.2,100,60,0.0,0.0,84.0
2026-04-07 05:00:00,5,49.1,99,57,0.0,0.0,82.2
2026-04-07 06:00:00,6,48.379999999999995,100,61,0.0,0.0,84.4
2026-04-07 07:00:00,7,46.94,10,60,0.0,2.0,30.0
2026-04-07 08:00:00,8,47.84,1,57,0.0,110.0,23.400000000000002
2026-04-07 09:00:00,9,49.82,11,50,0.0,319.0,26.6
2026-04-07 10:00:00,10,50.54,0,47,0.0,516.0,18.8
2026-04-07 11:00:00,11,51.08,13,42,0.0,689.0,24.6
2026-04-07 12:00:00,12,52.16,15,38,0.0,775.0,24.200000000000003
2026-04-07 13:00:00,13,52.7,0,37,0.0,857.0,14.8
2026-04-07 14:00:00,14,53.24,0,30,0.0,888.0,12.0
2026-04-07 15:00:00,15,52.34,0,32,0.0,831.0,12.8
2026-04-07 16:00:00,16,51.08,0,30,0.0,715.0,12.0
2026-04-07 17:00:00,17,49.64,0,31,0.0,548.0,12.4
2026-04-07 18:00:00,18,47.84,0,33,0.0,348.0,13.200000000000001
2026-04-07 19:00:00,19,45.5,0,38,0.0,143.0,15.200000000000001
2026-04-07 20:00:00,20,44.06,0,39,0.0,10.0,15.600000000000001
2026-04-07 21:00:00,21,41.9,0,41,0.0,0.0,16.400000000000002
2026-04-07 22:00:00,22,39.56,0,45,0.0,0.0,18.0
2026-04-07 23:00:00,23,37.58,0,46,0.0,0.0,18.400000000000002
2026-04-08 00:00:00,0,36.14,0,51,0.0,0.0,20.400000000000002
2026-04-08 01:00:00,1,34.52,0,54,0.0,0.0,21.6
2026-04-08 02:00:00,2,34.16,0,54,0.0,0.0,21.6
2026-04-08 03:00:00,3,32.9,0,56,0.0,0.0,22.400000000000002
2026-04-08 04:00:00,4,31.82,0,58,0.0,0.0,23.200000000000003
2026-04-08 05:00:00,5,30.74,0,59,0.0,0.0,23.6
2026-04-08 06:00:00,6,29.84,0,59,0.0,0.0,23.6
2026-04-08 07:00:00,7,29.12,0,60,0.0,7.0,24.0
2026-04-08 08:00:00,8,31.46,0,57,0.0,130.0,22.8
2026-04-08 09:00:00,9,33.98,0,53,0.0,336.0,21.200000000000003
2026-04-08 10:00:00,10,37.04,0,49,0.0,539.0,19.6
2026-04-08 11:00:00,11,39.74,0,47,0.0,710.0,18.8
2026-04-08 12:00:00,12,42.44,0,45,0.0,833.0,18.0
2026-04-08 13:00:00,13,44.96,0,44,0.0,898.0,17.6
2026-04-08 14:00:00,14,46.58,0,37,0.0,899.0,14.8
2026-04-08 15:00:00,15,48.74,0,36,0.0,840.0,14.4
2026-04-08 16:00:00,16,49.46,0,34,0.0,718.0,13.600000000000001
2026-04-08 17:00:00,17,49.82,0,35,0.0,549.0,14.0
2026-04-08 18:00:00,18,49.46,0,38,0.0,348.0,15.200000000000001
2026-04-08 19:00:00,19,48.56,0,49,0.0,144.0,19.6
2026-04-08 20:00:00,20,45.86,0,49,0.0,11.0,19.6
2026-04-08 21:00:00,21,41.36,0,57,0.0,0.0,22.8
2026-04-08 22:00:00,22,38.660000000000004,0,64,0.0,0.0,25.6
2026-04-08 23:00:00,23,36.86,0,71,0.0,0.0,28.400000000000002
2026-04-09 00:00:00,0,35.6,0,78,0.0,0.0,31.200000000000003
2026-04-09 01:00:00,1,34.34,0,84,0.0,0.0,33.6
2026-04-09 02:00:00,2,34.16,0,84,0.0,0.0,33.6
2026-04-09 03:00:00,3,33.08,0,87,0.0,0.0,34.800000000000004
2026-04-09 04:00:00,4,32.54,0,88,0.0,0.0,35.2
2026-04-09 05:00:00,5,32.18,0,89,0.0,0.0,35.6
2026-04-09 06:00:00,6,31.64,7,92,0.0,0.0,41.00000000000001
2026-04-09 07:00:00,7,32.0,20,94,0.0,7.0,49.6
2026-04-09 08:00:00,8,35.24,59,90,0.0,129.0,71.4
2026-04-09 09:00:00,9,39.38,55,80,0.0,332.0,65.0
2026-04-09 10:00:00,10,42.8,15,68,0.0,523.0,36.2
2026-04-09 11:00:00,11,46.22,9,60,0.0,697.0,29.4
2026-04-09 12:00:00,12,49.64,70,53,0.0,825.0,63.2
2026-04-09 13:00:00,13,52.7,63,49,0.0,885.0,57.4
2026-04-09 14:00:00,14,55.04,21,43,0.0,881.0,29.799999999999997
2026-04-09 15:00:00,15,57.379999999999995,63,41,0.0,823.0,54.2
2026-04-09 16:00:00,16,58.459999999999994,28,42,0.0,703.0,33.6
2026-04-09 17:00:00,17,58.82,52,45,0.0,534.0,49.2
2026-04-09 18:00:00,18,57.02,84,50,0.0,329.0,70.4
2026-04-09 19:00:00,19,53.06,56,58,0.0,132.0,56.800000000000004
2026-04-09 20:00:00,20,50.9,0,64,0.0,11.0,25.6
2026-04-09 21:00:00,21,47.48,0,69,0.0,0.0,27.6
2026-04-09 22:00:00,22,44.42,0,74,0.0,0.0,29.6
2026-04-09 23:00:00,23,42.260000000000005,0,80,0.0,0.0,32.0
2026-04-10 00:00:00,0,41.18,0,84,0.0,0.0,33.6
2026-04-10 01:00:00,1,40.1,0,88,0.0,0.0,35.2
2026-04-10 02:00:00,2,40.28,0,92,0.0,0.0,36.800000000000004
2026-04-10 03:00:00,3,39.74,0,94,0.0,0.0,37.6
2026-04-10 04:00:00,4,39.02,0,96,0.0,0.0,38.400000000000006
2026-04-10 05:00:00,5,38.660000000000004,0,97,0.0,0.0,38.800000000000004
2026-04-10 06:00:00,6,38.3,0,98,0.0,0.0,39.2
2026-04-10 07:00:00,7,39.02,0,97,0.0,8.0,38.800000000000004
2026-04-10 08:00:00,8,40.82,100,96,0.0,125.0,98.4
2026-04-10 09:00:00,9,43.519999999999996,100,89,0.0,215.0,95.6
2026-04-10 10:00:00,10,47.48,38,80,0.0,396.0,54.8
2026-04-10 11:00:00,11,52.879999999999995,6,70,0.0,649.0,31.6
2026-04-10 12:00:00,12,57.74,5,62,0.0,795.0,27.8
2026-04-10 13:00:00,13,61.7,52,56,0.0,860.0,53.6
2026-04-10 14:00:00,14,64.94,37,47,0.0,861.0,41.0
2026-04-10 15:00:00,15,66.74000000000001,2,46,0.0,806.0,19.6
2026-04-10 16:00:00,16,67.64,77,45,0.0,690.0,64.19999999999999
2026-04-10 17:00:00,17,67.46,75,46,0.0,526.0,63.400000000000006
2026-04-10 18:00:00,18,65.66,12,49,0.0,318.0,26.8
2026-04-10 19:00:00,19,62.24,27,56,0.0,141.0,38.6
2026-04-10 20:00:00,20,59.18,9,63,0.0,12.0,30.6
2026-04-10 21:00:00,21,55.4,20,69,0.0,0.0,39.6
2026-04-10 22:00:00,22,53.6,43,74,0.0,0.0,55.400000000000006
2026-04-10 23:00:00,23,53.24,100,79,0.0,0.0,91.6
2026-04-11 00:00:00,0,53.96,100,77,0.0,0.0,90.8
2026-04-11 01:00:00,1,54.5,83,71,0.0,0.0,78.2
2026-04-11 02:00:00,2,53.42,61,74,0.0,0.0,66.2
2026-04-11 03:00:00,3,53.42,63,74,0.0,0.0,67.4
2026-04-11 04:00:00,4,52.7,3,77,0.0,0.0,32.6
2026-04-11 05:00:00,5,52.7,61,81,0.0,0.0,69.0
2026-04-11 06:00:00,6,54.5,3,84,0.0,0.0,35.4
2026-04-11 07:00:00,7,51.620000000000005,6,81,0.0,9.0,36.0
2026-04-11 08:00:00,8,52.52,0,70,0.0,126.0,28.0
2026-04-11 09:00:00,9,53.24,0,62,0.0,330.0,24.8
2026-04-11 10:00:00,10,55.04,2,54,0.0,530.0,22.8
2026-04-11 11:00:00,11,57.02,1,51,0.0,700.0,21.000000000000004
2026-04-11 12:00:00,12,58.28,6,48,0.0,823.0,22.800000000000004
2026-04-11 13:00:00,13,59.72,10,45,0.0,880.0,24.0
2026-04-11 14:00:00,14,61.88,9,39,0.0,878.0,21.0
2026-04-11 15:00:00,15,62.959999999999994,4,37,0.0,822.0,17.2
2026-04-11 16:00:00,16,63.68,2,35,0.0,707.0,15.2
2026-04-11 17:00:00,17,63.32,0,34,0.0,543.0,13.600000000000001
2026-04-11 18:00:00,18,62.42,0,36,0.0,348.0,14.4
2026-04-11 19:00:00,19,60.8,0,42,0.0,147.0,16.8
2026-04-11 20:00:00,20,57.56,0,54,0.0,13.0,21.6
2026-04-11 21:00:00,21,55.58,0,59,0.0,0.0,23.6
2026-04-11 22:00:00,22,54.14,0,58,0.0,0.0,23.200000000000003
2026-04-11 23:00:00,23,52.34,0,52,0.0,0.0,20.8
2026-04-12 00:00:00,0,50.0,0,56,0.0,0.0,22.400000000000002
2026-04-12 01:00:00,1,48.92,0,54,0.0,0.0,21.6
2026-04-12 02:00:00,2,48.02,0,53,0.0,0.0,21.200000000000003
2026-04-12 03:00:00,3,46.58,0,53,0.0,0.0,21.200000000000003
2026-04-12 04:00:00,4,45.32,0,57,0.0,0.0,22.8
2026-04-12 05:00:00,5,44.06,0,61,0.0,0.0,24.400000000000002
2026-04-12 06:00:00,6,42.620000000000005,0,69,0.0,0.0,27.6
2026-04-12 07:00:00,7,42.44,0,72,0.0,11.0,28.8
2026-04-12 08:00:00,8,45.68,15,64,0.0,139.0,34.6
2026-04-12 09:00:00,9,48.74,24,51,0.0,335.0,34.8
2026-04-12 10:00:00,10,51.8,2,44,0.0,525.0,18.8
2026-04-12 11:00:00,11,55.04,0,41,0.0,690.0,16.400000000000002
2026-04-12 12:00:00,12,58.459999999999994,0,37,0.0,807.0,14.8
2026-04-12 13:00:00,13,61.519999999999996,0,34,0.0,867.0,13.600000000000001
2026-04-12 14:00:00,14,62.959999999999994,9,34,0.0,865.0,19.0
2026-04-12 15:00:00,15,64.75999999999999,0,33,0.0,805.0,13.200000000000001
2026-04-12 16:00:00,16,65.12,1,31,0.0,690.0,13.0
2026-04-12 17:00:00,17,63.5,51,33,0.0,529.0,43.8
2026-04-12 18:00:00,18,60.8,91,37,0.0,327.0,69.4
2026-04-12 19:00:00,19,57.02,70,43,0.0,140.0,59.2
2026-04-12 20:00:00,20,55.4,21,49,0.0,13.0,32.2
2026-04-12 21:00:00,21,52.879999999999995,61,55,0.0,0.0,58.6
2026-04-12 22:00:00,22,51.620000000000005,10,60,0.0,0.0,30.0
2026-04-12 23:00:00,23,50.9,70,64,0.0,0.0,67.6
2026-04-13 00:00:00,0,50.72,73,68,0.0,0.0,71.0
2026-04-13 01:00:00,1,51.08,91,73,0.0,0.0,83.80000000000001
2026-04-13 02:00:00,2,51.620000000000005,100,75,0.0,0.0,90.0
2026-04-13 03:00:00,3,52.16,100,81,0.0,0.0,92.4
2026-04-13 04:00:00,4,53.6,100,83,0.0,0.0,93.2
2026-04-13 05:00:00,5,54.86,100,85,0.0,0.0,94.0
2026-04-13 06:00:00,6,56.3,100,87,0.0,0.0,94.80000000000001
2026-04-13 07:00:00,7,57.379999999999995,99,87,0.0,8.0,94.2
2026-04-13 08:00:00,8,59.0,100,84,0.0,116.0,93.6
2026-04-13 09:00:00,9,62.78,99,78,0.0,255.0,90.6
2026-04-13 10:00:00,10,67.64,92,71,0.0,491.0,83.6
2026-04-13 11:00:00,11,71.24000000000001,98,66,0.0,640.0,85.2
2026-04-13 12:00:00,12,74.12,100,59,0.0,759.0,83.6
2026-04-13 13:00:00,13,76.28,100,53,0.0,601.0,81.2
2026-04-13 14:00:00,14,75.38,100,52,0.0,269.0,80.8
2026-04-13 15:00:00,15,77.0,100,47,0.0,459.0,78.8
2026-04-13 16:00:00,16,78.62,100,45,0.0,443.0,78.0
2026-04-13 17:00:00,17,77.54,88,44,0.0,303.0,70.4
2026-04-13 18:00:00,18,76.1,13,50,0.0,235.0,27.8
2026-04-13 19:00:00,19,75.02,12,52,0.0,130.0,28.0
2026-04-13 20:00:00,20,74.66,26,49,0.0,13.0,35.2
2026-04-13 21:00:00,21,73.04,6,51,0.0,0.0,24.0
2026-04-13 22:00:00,22,71.78,38,51,0.0,0.0,43.2
2026-04-13 23:00:00,23,71.42,8,51,0.0,0.0,25.200000000000003
2026-04-14 00:00:00,0,70.16,36,54,0.0,0.0,43.2
2026-04-14 01:00:00,1,69.08,27,56,0.0,0.0,38.6
2026-04-14 02:00:00,2,66.92,9,64,0.0,0.0,31.0
2026-04-14 03:00:00,3,64.75999999999999,16,70,0.0,0.0,37.6
2026-04-14 04:00:00,4,63.5,84,72,0.0,0.0,79.2
2026-04-14 05:00:00,5,62.6,77,75,0.0,0.0,76.19999999999999
2026-04-14 06:00:00,6,61.88,66,78,0.0,0.0,70.80000000000001
2026-04-14 07:00:00,7,61.88,10,79,0.0,12.0,37.6
2026-04-14 08:00:00,8,66.38,0,70,0.0,137.0,28.0
2026-04-14 09:00:00,9,71.96,5,59,0.0,326.0,26.6
2026-04-14 10:00:00,10,77.36,9,48,0.0,513.0,24.6
2026-04-14 11:00:00,11,80.78,52,40,0.0,672.0,47.2
2026-04-14 12:00:00,12,82.94,59,37,0.0,789.0,50.2
2026-04-14 13:00:00,13,84.2,92,36,0.0,851.0,69.6
2026-04-14 14:00:00,14,85.46000000000001,99,34,0.0,845.0,73.0
2026-04-14 15:00:00,15,86.36,63,34,0.0,758.0,51.4
2026-04-14 16:00:00,16,84.2,73,38,0.3,555.0,59.0
2026-04-14 17:00:00,17,85.28,49,35,0.0,474.0,43.4
2026-04-14 18:00:00,18,84.02,35,35,0.0,323.0,35.0
2026-04-14 19:00:00,19,82.22,11,38,0.0,136.0,21.8
2026-04-14 20:00:00,20,80.78,63,40,0.0,14.0,53.8
2026-04-14 21:00:00,21,79.16,95,43,0.0,0.0,74.2
2026-04-14 22:00:00,22,77.0,68,50,0.0,0.0,60.8
2026-04-14 23:00:00,23,75.2,100,54,0.0,0.0,81.6
2026-04-15 00:00:00,0,72.68,95,61,0.0,0.0,81.4
2026-04-15 01:00:00,1,70.88,96,68,0.0,0.0,84.8
2026-04-15 02:00:00,2,69.98,99,74,0.0,0.0,89.0
2026-04-15 03:00:00,3,68.54,92,79,0.0,0.0,86.8
2026-04-15 04:00:00,4,66.38,79,85,0.0,0.0,81.4
2026-04-15 05:00:00,5,65.3,99,87,0.0,0.0,94.2
2026-04-15 06:00:00,6,64.22,2,89,0.0,0.0,36.800000000000004
2026-04-15 07:00:00,7,64.58,6,86,0.0,14.0,38.0
2026-04-15 08:00:00,8,67.28,41,82,0.0,140.0,57.400000000000006
2026-04-15 09:00:00,9,72.14,100,69,0.0,322.0,87.6
2026-04-15 10:00:00,10,76.1,99,60,0.0,394.0,83.4
2026-04-15 11:00:00,11,79.52,16,54,0.0,491.0,31.200000000000003
2026-04-15 12:00:00,12,84.2,14,45,0.0,792.0,26.4
2026-04-15 13:00:00,13,86.36,13,41,0.0,841.0,24.200000000000003
2026-04-15 14:00:00,14,88.7,28,36,0.0,851.0,31.200000000000003
2026-04-15 15:00:00,15,89.96000000000001,100,34,0.0,793.0,73.6
2026-04-15 16:00:00,16,89.06,98,35,0.0,631.0,72.8
2026-04-15 17:00:00,17,88.7,98,35,0.0,502.0,72.8
2026-04-15 18:00:00,18,87.98,99,34,0.0,307.0,73.0
2026-04-15 19:00:00,19,85.64,100,37,0.0,117.0,74.8
2026-04-15 20:00:00,20,83.3,100,41,0.0,15.0,76.4
2026-04-15 21:00:00,21,80.96,100,45,0.0,0.0,78.0
2026-04-15 22:00:00,22,78.62,100,51,0.0,0.0,80.4
2026-04-15 23:00:00,23,77.0,100,54,0.0,0.0,81.6
2026-04-16 00:00:00,0,75.74000000000001,75,55,0.0,0.0,67.0
2026-04-16 01:00:00,1,74.48,100,57,0.0,0.0,82.8
2026-04-16 02:00:00,2,73.75999999999999,98,61,0.0,0.0,83.2
2026-04-16 03:00:00,3,72.32,100,65,0.0,0.0,86.0
2026-04-16 04:00:00,4,69.98,41,72,0.0,0.0,53.4
2026-04-16 05:00:00,5,68.72,99,76,0.0,0.0,89.8
2026-04-16 06:00:00,6,67.1,100,79,0.0,0.0,91.6
2026-04-16 07:00:00,7,67.1,100,77,0.0,15.0,90.8
2026-04-16 08:00:00,8,71.06,92,65,0.0,142.0,81.19999999999999
2026-04-16 09:00:00,9,75.56,87,58,0.0,323.0,75.4
2026-04-16 10:00:00,10,81.32,100,49,0.0,514.0,79.6
2026-04-16 11:00:00,11,85.82,100,42,0.0,633.0,76.8
2026-04-16 12:00:00,12,89.06,100,35,0.0,744.0,74.0
2026-04-16 13:00:00,13,90.32,100,32,0.0,731.0,72.8
2026-04-16 14:00:00,14,90.86,100,30,0.0,628.0,72.0
2026-04-16 15:00:00,15,90.32,100,31,0.0,642.0,72.4
2026-04-16 16:00:00,16,89.96000000000001,37,32,0.0,568.0,35.0
2026-04-16 17:00:00,17,89.06,68,32,0.0,479.0,53.599999999999994
2026-04-16 18:00:00,18,87.26,27,36,0.0,328.0,30.6
2026-04-16 19:00:00,19,84.38000000000001,70,43,0.0,149.0,59.2
2026-04-16 20:00:00,20,82.58,29,48,0.0,16.0,36.6
2026-04-16 21:00:00,21,80.78,75,50,0.0,0.0,65.0
2026-04-16 22:00:00,22,79.34,77,51,0.0,0.0,66.6
2026-04-16 23:00:00,23,77.54,44,54,0.0,0.0,48.0
2026-04-17 00:00:00,0,76.1,100,55,0.0,0.0,82.0
2026-04-17 01:00:00,1,76.46,100,51,0.0,0.0,80.4
2026-04-17 02:00:00,2,75.02,100,50,0.0,0.0,80.0
2026-04-17 03:00:00,3,73.04,100,54,0.0,0.0,81.6
2026-04-17 04:00:00,4,71.24000000000001,100,59,0.0,0.0,83.6
2026-04-17 05:00:00,5,70.16,98,63,0.0,0.0,84.0
2026-04-17 06:00:00,6,68.9,48,67,0.0,0.0,55.599999999999994
2026-04-17 07:00:00,7,68.18,40,70,0.0,15.0,52.0
2026-04-17 08:00:00,8,69.08,6,68,0.0,129.0,30.800000000000004
2026-04-17 09:00:00,9,72.68,73,56,0.0,342.0,66.2
2026-04-17 10:00:00,10,75.2,38,48,0.0,529.0,42.0
2026-04-17 11:00:00,11,76.82,27,45,0.0,629.0,34.2
2026-04-17 12:00:00,12,78.08,27,42,0.0,675.0,33.0
2026-04-17 13:00:00,13,78.98,23,40,0.0,744.0,29.799999999999997
2026-04-17 14:00:00,14,79.88,22,34,0.0,737.0,26.8
2026-04-17 15:00:00,15,80.24000000000001,13,32,0.0,708.0,20.6
2026-04-17 16:00:00,16,79.88,21,34,0.0,650.0,26.200000000000003
2026-04-17 17:00:00,17,78.98,12,36,0.0,478.0,21.6
2026-04-17 18:00:00,18,78.62,25,37,0.0,321.0,29.8
2026-04-17 19:00:00,19,77.54,23,39,0.0,134.0,29.4
2026-04-17 20:00:00,20,76.46,27,42,0.0,16.0,33.0
2026-04-17 21:00:00,21,74.84,2,46,0.0,0.0,19.6
2026-04-17 22:00:00,22,72.5,22,54,0.0,0.0,34.8
2026-04-17 23:00:00,23,68.36,0,65,0.0,0.0,26.0
2026-04-18 00:00:00,0,66.74000000000001,0,71,0.0,0.0,28.400000000000002
2026-04-18 01:00:00,1,65.48,0,76,0.0,0.0,30.400000000000002
2026-04-18 02:00:00,2,62.42,2,83,0.0,0.0,34.400000000000006
2026-04-18 03:00:00,3,59.18,26,88,0.0,0.0,50.800000000000004
2026-04-18 04:00:00,4,56.84,100,91,0.0,0.0,96.4
2026-04-18 05:00:00,5,55.58,100,92,0.0,0.0,96.80000000000001
2026-04-18 06:00:00,6,54.68,100,94,0.0,0.0,97.6
2026-04-18 07:00:00,7,54.32,100,94,0.0,8.0,97.6
2026-04-18 08:00:00,8,55.22,100,91,0.0,67.0,96.4
2026-04-18 09:00:00,9,57.2,100,83,0.0,170.0,93.2
2026-04-18 10:00:00,10,60.08,100,75,0.0,320.0,90.0
2026-04-18 11:00:00,11,66.2,24,61,0.0,560.0,38.8
2026-04-18 12:00:00,12,69.62,13,54,0.0,776.0,29.400000000000002
2026-04-18 13:00:00,13,75.38,98,44,0.0,851.0,76.4
2026-04-18 14:00:00,14,73.75999999999999,73,50,0.0,861.0,63.8
2026-04-18 15:00:00,15,76.82,49,45,0.0,713.0,47.4
2026-04-18 16:00:00,16,75.02,60,48,0.0,620.0,55.2
2026-04-18 17:00:00,17,71.78,98,51,0.0,501.0,79.2
2026-04-18 18:00:00,18,67.28,99,58,0.0,306.0,82.6
2026-04-18 19:00:00,19,62.6,87,66,0.0,126.0,78.6
2026-04-18 20:00:00,20,57.74,91,76,0.0,19.0,85.0
2026-04-18 21:00:00,21,55.04,100,82,0.0,0.0,92.80000000000001
2026-04-18 22:00:00,22,53.42,100,86,0.0,0.0,94.4
2026-04-18 23:00:00,23,52.7,100,89,0.0,0.0,95.6
2026-04-19 00:00:00,0,52.7,100,89,0.0,0.0,95.6
2026-04-19 01:00:00,1,53.06,100,89,0.0,0.0,95.6
2026-04-19 02:00:00,2,52.52,100,89,0.0,0.0,95.6
2026-04-19 03:00:00,3,52.34,100,90,0.0,0.0,96.0
2026-04-19 04:00:00,4,52.16,100,92,0.5,0.0,96.80000000000001
2026-04-19 05:00:00,5,52.16,100,93,0.0,0.0,97.2
2026-04-19 06:00:00,6,52.52,100,94,0.7,0.0,97.6
2026-04-19 07:00:00,7,52.879999999999995,100,94,0.0,8.0,97.6
2026-04-19 08:00:00,8,53.6,100,91,0.0,41.0,96.4
2026-04-19 09:00:00,9,54.14,100,89,0.3,36.0,95.6
2026-04-19 10:00:00,10,51.620000000000005,100,82,1.2,105.0,92.80000000000001
2026-04-19 11:00:00,11,50.36,100,82,1.1,99.0,92.80000000000001
2026-04-19 12:00:00,12,49.82,100,74,0.5,165.0,89.6
2026-04-19 13:00:00,13,49.46,100,73,0.6,280.0,89.2
2026-04-19 14:00:00,14,47.84,100,78,0.4,157.0,91.2
2026-04-19 15:00:00,15,47.84,94,78,0.7,154.0,87.6
2026-04-19 16:00:00,16,49.64,33,70,0.1,364.0,47.8
2026-04-19 17:00:00,17,51.26,34,61,0.0,442.0,44.8
2026-04-19 18:00:00,18,50.18,57,64,0.1,292.0,59.8
2026-04-19 19:00:00,19,50.36,5,61,0.1,144.0,27.400000000000002
2026-04-19 20:00:00,20,49.64,20,68,0.0,21.0,39.2
2026-04-19 21:00:00,21,47.120000000000005,0,77,0.0,0.0,30.8
2026-04-19 22:00:00,22,46.22,0,80,0.0,0.0,32.0
2026-04-19 23:00:00,23,44.78,0,83,0.0,0.0,33.2
2026-04-20 00:00:00,0,43.7,2,84,0.0,0.0,34.800000000000004
2026-04-20 01:00:00,1,43.16,10,82,0.0,0.0,38.800000000000004
2026-04-20 02:00:00,2,41.18,0,85,0.0,0.0,34.0
2026-04-20 03:00:00,3,39.74,0,88,0.0,0.0,35.2
2026-04-20 04:00:00,4,39.38,2,91,0.0,0.0,37.6
2026-04-20 05:00:00,5,39.2,2,92,0.0,0.0,38.00000000000001
2026-04-20 06:00:00,6,38.839999999999996,37,91,0.0,0.0,58.599999999999994
2026-04-20 07:00:00,7,39.02,24,86,0.0,23.0,48.8
2026-04-20 08:00:00,8,41.72,34,70,0.0,166.0,48.4
2026-04-20 09:00:00,9,45.5,14,69,0.1,347.0,36.0
2026-04-20 10:00:00,10,48.02,15,58,0.0,496.0,32.2
2026-04-20 11:00:00,11,50.36,30,54,0.0,692.0,39.6
2026-04-20 12:00:00,12,50.36,76,52,0.2,783.0,66.4
2026-04-20 13:00:00,13,51.620000000000005,14,50,0.2,746.0,28.4
2026-04-20 14:00:00,14,49.64,63,43,0.0,831.0,55.0
2026-04-20 15:00:00,15,51.98,37,33,0.0,746.0,35.4
2026-04-20 16:00:00,16,51.620000000000005,16,33,0.0,644.0,22.8
2026-04-20 17:00:00,17,51.26,19,32,0.0,532.0,24.200000000000003
2026-04-20 18:00:00,18,49.46,2,37,0.0,360.0,16.0
2026-04-20 19:00:00,19,47.66,1,36,0.0,172.0,15.0
2026-04-20 20:00:00,20,46.04,0,40,0.0,23.0,16.0
2026-04-20 21:00:00,21,43.519999999999996,0,45,0.0,0.0,18.0
2026-04-20 22:00:00,22,41.54,0,51,0.0,0.0,20.400000000000002
2026-04-20 23:00:00,23,40.28,0,54,0.0,0.0,21.6
2026-04-21 00:00:00,0,39.02,0,59,0.0,0.0,23.6
2026-04-21 01:00:00,1,38.3,0,61,0.0,0.0,24.400000000000002
2026-04-21 02:00:00,2,36.32,0,64,0.0,0.0,25.6
2026-04-21 03:00:00,3,35.06,0,71,0.0,0.0,28.400000000000002
2026-04-21 04:00:00,4,34.7,0,74,0.0,0.0,29.6
2026-04-21 05:00:00,5,34.16,0,75,0.0,0.0,30.0
2026-04-21 06:00:00,6,33.44,0,75,0.0,0.0,30.0
2026-04-21 07:00:00,7,33.98,0,73,0.0,26.0,29.200000000000003
2026-04-21 08:00:00,8,37.04,0,61,0.0,182.0,24.400000000000002
2026-04-21 09:00:00,9,40.64,0,46,0.0,389.0,18.400000000000002
2026-04-21 10:00:00,10,43.34,0,37,0.0,587.0,14.8
2026-04-21 11:00:00,11,45.5,0,36,0.0,752.0,14.4
2026-04-21 12:00:00,12,47.84,0,35,0.0,868.0,14.0
2026-04-21 13:00:00,13,49.82,2,35,0.0,924.0,15.2
2026-04-21 14:00:00,14,51.8,0,30,0.0,918.0,12.0
2026-04-21 15:00:00,15,53.96,0,30,0.0,857.0,12.0
2026-04-21 16:00:00,16,54.68,0,31,0.0,736.0,12.4
2026-04-21 17:00:00,17,54.68,4,31,0.0,572.0,14.8
2026-04-21 18:00:00,18,53.96,41,34,0.0,374.0,38.2
2026-04-21 19:00:00,19,52.7,79,39,0.0,155.0,63.0
2026-04-21 20:00:00,20,52.16,33,43,0.0,18.0,37.0
2026-04-21 21:00:00,21,49.1,23,52,0.0,0.0,34.6
2026-04-21 22:00:00,22,46.04,70,62,0.0,0.0,66.8
2026-04-21 23:00:00,23,45.5,99,65,0.0,0.0,85.4
2026-04-22 00:00:00,0,45.14,100,68,0.0,0.0,87.2
2026-04-22 01:00:00,1,44.96,100,70,0.0,0.0,88.0
2026-04-22 02:00:00,2,45.68,100,73,0.0,0.0,89.2
2026-04-22 03:00:00,3,46.04,100,75,0.0,0.0,90.0
2026-04-22 04:00:00,4,45.32,100,84,1.7,0.0,93.6
2026-04-22 05:00:00,5,45.32,100,84,2.1,0.0,93.6
2026-04-22 06:00:00,6,45.32,84,88,0.3,0.0,85.6
2026-04-22 07:00:00,7,45.86,98,88,0.0,17.0,94.0
2026-04-22 08:00:00,8,48.379999999999995,100,81,0.0,73.0,92.4
2026-04-22 09:00:00,9,50.0,100,79,0.0,138.0,91.6
2026-04-22 10:00:00,10,51.26,100,79,1.3,121.0,91.6
2026-04-22 11:00:00,11,54.32,100,78,0.0,284.0,91.2
2026-04-22 12:00:00,12,54.5,100,78,0.3,126.0,91.2
2026-04-22 13:00:00,13,58.82,95,68,0.0,558.0,84.2
2026-04-22 14:00:00,14,57.74,78,68,0.0,660.0,74.0
2026-04-22 15:00:00,15,63.14,70,59,0.0,755.0,65.6
2026-04-22 16:00:00,16,67.64,97,51,0.0,470.0,78.6
2026-04-22 17:00:00,17,67.82,100,51,0.0,321.0,80.4
2026-04-22 18:00:00,18,65.84,83,54,0.0,289.0,71.4
2026-04-22 19:00:00,19,62.959999999999994,26,65,0.0,150.0,41.6
2026-04-22 20:00:00,20,59.72,48,69,0.0,22.0,56.4
2026-04-22 21:00:00,21,58.28,7,73,0.0,0.0,33.400000000000006
2026-04-22 22:00:00,22,56.3,3,79,0.0,0.0,33.4
2026-04-22 23:00:00,23,54.5,2,84,0.0,0.0,34.800000000000004
2026-04-23 00:00:00,0,52.52,41,88,0.0,0.0,59.8
2026-04-23 01:00:00,1,50.72,1,88,0.0,0.0,35.800000000000004
2026-04-23 02:00:00,2,49.64,0,88,0.0,0.0,35.2
2026-04-23 03:00:00,3,48.56,0,90,0.0,0.0,36.0
2026-04-23 04:00:00,4,47.120000000000005,0,93,0.0,0.0,37.2
2026-04-23 05:00:00,5,47.3,2,93,0.0,0.0,38.400000000000006
2026-04-23 06:00:00,6,46.4,0,94,0.0,0.0,37.6
2026-04-23 07:00:00,7,47.3,0,92,0.0,28.0,36.800000000000004
2026-04-23 08:00:00,8,49.82,0,87,0.0,178.0,34.800000000000004
2026-04-23 09:00:00,9,55.22,0,78,0.0,375.0,31.200000000000003
2026-04-23 10:00:00,10,61.34,0,67,0.0,568.0,26.8
2026-04-23 11:00:00,11,66.74000000000001,0,51,0.0,731.0,20.400000000000002
2026-04-23 12:00:00,12,69.98,3,40,0.0,849.0,17.8
2026-04-23 13:00:00,13,72.32,91,35,0.0,910.0,68.6
2026-04-23 14:00:00,14,73.94,90,33,0.0,904.0,67.2
2026-04-23 15:00:00,15,75.2,38,33,0.0,838.0,36.0
2026-04-23 16:00:00,16,75.92,45,33,0.0,656.0,40.2
2026-04-23 17:00:00,17,75.92,14,33,0.0,529.0,21.6
2026-04-23 18:00:00,18,75.2,9,33,0.0,368.0,18.6
2026-04-23 19:00:00,19,72.5,32,37,0.0,172.0,34.0
2026-04-23 20:00:00,20,68.72,6,41,0.0,26.0,20.0
2026-04-23 21:00:00,21,66.56,33,51,0.0,0.0,40.2
2026-04-23 22:00:00,22,64.94,88,54,0.0,0.0,74.4
2026-04-23 23:00:00,23,62.78,95,59,0.0,0.0,80.6
2026-04-24 00:00:00,0,60.980000000000004,98,62,0.0,0.0,83.6
2026-04-24 01:00:00,1,59.72,83,62,0.0,0.0,74.6
2026-04-24 02:00:00,2,58.82,38,59,0.0,0.0,46.400000000000006
2026-04-24 03:00:00,3,57.379999999999995,31,58,0.0,0.0,41.8
2026-04-24 04:00:00,4,55.4,49,61,0.0,0.0,53.8
2026-04-24 05:00:00,5,54.32,95,61,0.0,0.0,81.4
2026-04-24 06:00:00,6,52.879999999999995,92,63,0.0,0.0,80.4
2026-04-24 07:00:00,7,53.96,17,57,0.0,29.0,33.0
2026-04-24 08:00:00,8,58.64,94,54,0.0,181.0,78.0
2026-04-24 09:00:00,9,63.32,93,44,0.0,297.0,73.4
2026-04-24 10:00:00,10,67.28,100,31,0.0,493.0,72.4
2026-04-24 11:00:00,11,69.8,53,29,0.0,688.0,43.4
2026-04-24 12:00:00,12,71.96,25,29,0.0,822.0,26.6
2026-04-24 13:00:00,13,73.22,38,28,0.0,853.0,34.0
2026-04-24 14:00:00,14,74.66,10,27,0.0,812.0,16.8
2026-04-24 15:00:00,15,76.64,13,27,0.0,815.0,18.6
2026-04-24 16:00:00,16,76.46,18,29,0.0,677.0,22.4
2026-04-24 17:00:00,17,74.84,20,32,0.0,516.0,24.8
2026-04-24 18:00:00,18,74.48,48,33,0.0,260.0,42.0
2026-04-24 19:00:00,19,67.64,48,41,0.0,114.0,45.2
2026-04-24 20:00:00,20,59.540000000000006,88,46,0.0,22.0,71.2
2026-04-24 21:00:00,21,56.66,58,49,0.0,0.0,54.4
2026-04-24 22:00:00,22,54.32,47,57,0.0,0.0,51.0
2026-04-24 23:00:00,23,52.7,35,64,0.0,0.0,46.6
2026-04-25 00:00:00,0,51.26,13,69,0.0,0.0,35.4
2026-04-25 01:00:00,1,50.54,25,68,0.0,0.0,42.2
2026-04-25 02:00:00,2,50.9,55,66,0.0,0.0,59.400000000000006
2026-04-25 03:00:00,3,50.0,59,70,0.0,0.0,63.4
2026-04-25 04:00:00,4,49.1,53,77,0.9,0.0,62.599999999999994
2026-04-25 05:00:00,5,48.92,41,82,0.2,0.0,57.400000000000006
2026-04-25 06:00:00,6,48.56,49,84,0.0,0.0,63.0
2026-04-25 07:00:00,7,48.74,62,82,0.0,24.0,70.0
2026-04-25 08:00:00,8,49.64,100,80,0.0,113.0,92.0
2026-04-25 09:00:00,9,51.44,98,71,0.0,189.0,87.2
2026-04-25 10:00:00,10,53.06,100,61,0.0,333.0,84.4
2026-04-25 11:00:00,11,53.78,100,57,0.0,355.0,82.8
2026-04-25 12:00:00,12,54.68,100,54,0.0,345.0,81.6
2026-04-25 13:00:00,13,53.42,100,56,0.1,218.0,82.4
2026-04-25 14:00:00,14,51.44,100,61,0.4,169.0,84.4
2026-04-25 15:00:00,15,49.28,100,70,0.6,85.0,88.0
2026-04-25 16:00:00,16,48.379999999999995,100,75,0.9,154.0,90.0
2026-04-25 17:00:00,17,47.3,100,81,1.2,103.0,92.4
2026-04-25 18:00:00,18,46.04,100,91,1.6,54.0,96.4
2026-04-25 19:00:00,19,45.32,100,93,0.8,26.0,97.2
2026-04-25 20:00:00,20,44.239999999999995,100,91,0.4,7.0,96.4
2026-04-25 21:00:00,21,44.239999999999995,100,91,0.4,0.0,96.4
2026-04-25 22:00:00,22,44.06,100,92,0.7,0.0,96.80000000000001
2026-04-25 23:00:00,23,43.7,100,95,1.1,0.0,98.0
2026-04-26 00:00:00,0,43.519999999999996,100,95,1.5,0.0,98.0
2026-04-26 01:00:00,1,43.34,100,95,1.6,0.0,98.0
2026-04-26 02:00:00,2,43.16,100,93,1.3,0.0,97.2
2026-04-26 03:00:00,3,43.34,100,91,0.1,0.0,96.4
2026-04-26 04:00:00,4,43.519999999999996,100,90,0.0,0.0,96.0
2026-04-26 05:00:00,5,43.34,100,91,0.1,0.0,96.4
2026-04-26 06:00:00,6,42.8,100,89,0.0,0.0,95.6
2026-04-26 07:00:00,7,42.8,100,87,0.0,9.0,94.80000000000001
2026-04-26 08:00:00,8,43.879999999999995,100,84,0.0,61.0,93.6
2026-04-26 09:00:00,9,44.78,100,81,0.0,101.0,92.4
2026-04-26 10:00:00,10,46.22,100,78,0.0,163.0,91.2
2026-04-26 11:00:00,11,48.2,100,73,0.0,280.0,89.2
2026-04-26 12:00:00,12,49.28,100,71,0.0,297.0,88.4
2026-04-26 13:00:00,13,50.54,100,69,0.0,337.0,87.6
2026-04-26 14:00:00,14,52.7,100,65,0.0,328.0,86.0
2026-04-26 15:00:00,15,55.22,100,61,0.0,480.0,84.4
2026-04-26 16:00:00,16,56.3,100,59,0.0,378.0,83.6
2026-04-26 17:00:00,17,56.120000000000005,100,61,0.0,252.0,84.4
2026-04-26 18:00:00,18,55.76,63,62,0.0,131.0,62.599999999999994
2026-04-26 19:00:00,19,55.04,4,66,0.0,115.0,28.8
2026-04-26 20:00:00,20,54.32,3,72,0.0,29.0,30.6
2026-04-26 21:00:00,21,51.620000000000005,0,74,0.0,0.0,29.6
2026-04-26 22:00:00,22,48.2,0,78,0.0,0.0,31.200000000000003
2026-04-26 23:00:00,23,46.22,0,83,0.0,0.0,33.2
2026-04-27 00:00:00,0,45.14,0,82,0.0,0.0,32.800000000000004
2026-04-27 01:00:00,1,44.42,0,84,0.0,0.0,33.6
2026-04-27 02:00:00,2,43.16,0,90,0.0,0.0,36.0
2026-04-27 03:00:00,3,42.620000000000005,0,90,0.0,0.0,36.0
2026-04-27 04:00:00,4,42.620000000000005,0,87,0.0,0.0,34.800000000000004
2026-04-27 05:00:00,5,41.9,0,88,0.0,0.0,35.2
2026-04-27 06:00:00,6,41.54,0,90,0.0,0.0,36.0
2026-04-27 07:00:00,7,42.620000000000005,0,90,0.0,36.0,36.0
2026-04-27 08:00:00,8,46.76,0,85,0.0,196.0,34.0
2026-04-27 09:00:00,9,52.52,0,76,0.0,393.0,30.400000000000002
2026-04-27 10:00:00,10,57.379999999999995,0,67,0.0,586.0,26.8
2026-04-27 11:00:00,11,60.980000000000004,0,60,0.0,746.0,24.0
2026-04-27 12:00:00,12,63.86,0,51,0.0,861.0,20.400000000000002
2026-04-27 13:00:00,13,65.48,0,46,0.0,920.0,18.400000000000002
2026-04-27 14:00:00,14,67.28,0,41,0.0,917.0,16.400000000000002
2026-04-27 15:00:00,15,68.0,0,41,0.0,858.0,16.400000000000002
2026-04-27 16:00:00,16,68.18,5,41,0.0,739.0,19.400000000000002
2026-04-27 17:00:00,17,67.82,84,41,0.0,577.0,66.8
2026-04-27 18:00:00,18,66.74000000000001,38,42,0.0,384.0,39.6
2026-04-27 19:00:00,19,64.58,12,48,0.0,187.0,26.400000000000002
2026-04-27 20:00:00,20,59.9,83,49,0.0,31.0,69.4
2026-04-27 21:00:00,21,56.66,90,55,0.0,0.0,76.0
2026-04-27 22:00:00,22,53.96,98,59,0.0,0.0,82.4
2026-04-27 23:00:00,23,51.44,68,63,0.0,0.0,66.0
2026-04-28 00:00:00,0,49.28,62,68,0.0,0.0,64.4
2026-04-28 01:00:00,1,47.84,82,71,0.0,0.0,77.6
2026-04-28 02:00:00,2,46.76,9,76,0.0,0.0,35.800000000000004
2026-04-28 03:00:00,3,45.86,20,75,0.0,0.0,42.0
2026-04-28 04:00:00,4,45.68,84,74,0.0,0.0,80.0
2026-04-28 05:00:00,5,44.6,99,80,0.0,0.0,91.4
2026-04-28 06:00:00,6,43.7,100,83,0.0,0.0,93.2
2026-04-28 07:00:00,7,45.68,100,81,0.0,36.0,92.4
2026-04-28 08:00:00,8,49.28,100,74,0.0,165.0,89.6
2026-04-28 09:00:00,9,54.14,100,58,0.0,360.0,83.2
2026-04-28 10:00:00,10,57.56,100,47,0.0,469.0,78.8
2026-04-28 11:00:00,11,58.459999999999994,100,45,0.0,361.0,78.0
2026-04-28 12:00:00,12,59.0,100,45,0.0,320.0,78.0
2026-04-28 13:00:00,13,59.72,100,46,0.0,302.0,78.4
2026-04-28 14:00:00,14,60.8,100,44,0.0,215.0,77.6
2026-04-28 15:00:00,15,61.88,100,43,0.0,234.0,77.2
2026-04-28 16:00:00,16,61.88,100,40,0.0,212.0,76.0
2026-04-28 17:00:00,17,60.440000000000005,100,46,0.0,116.0,78.4
2026-04-28 18:00:00,18,59.36,100,49,0.0,105.0,79.6
2026-04-28 19:00:00,19,58.459999999999994,100,53,0.0,42.0,81.2
2026-04-28 20:00:00,20,58.1,100,55,0.0,7.0,82.0
2026-04-28 21:00:00,21,57.02,100,60,0.0,0.0,84.0
2026-04-28 22:00:00,22,55.4,100,62,0.0,0.0,84.8
2026-04-28 23:00:00,23,54.32,100,61,0.0,0.0,84.4
2026-04-29 00:00:00,0,53.42,98,59,0.0,0.0,82.4
2026-04-29 01:00:00,1,52.34,98,62,0.0,0.0,83.6
2026-04-29 02:00:00,2,52.879999999999995,100,61,0.0,0.0,84.4
2026-04-29 03:00:00,3,52.879999999999995,100,61,0.0,0.0,84.4
2026-04-29 04:00:00,4,52.7,100,62,0.0,0.0,84.8
2026-04-29 05:00:00,5,52.52,100,63,0.0,0.0,85.2
2026-04-29 06:00:00,6,51.26,99,68,0.0,0.0,86.6
2026-04-29 07:00:00,7,51.44,67,67,0.0,36.0,67.0
2026-04-29 08:00:00,8,53.96,100,60,0.0,168.0,84.0
2026-04-29 09:00:00,9,56.48,100,54,0.0,261.0,81.6
2026-04-29 10:00:00,10,59.72,100,46,0.0,358.0,78.4
2026-04-29 11:00:00,11,61.34,100,43,0.0,341.0,77.2
2026-04-29 12:00:00,12,63.68,100,40,0.0,462.0,76.0
2026-04-29 13:00:00,13,65.3,100,40,0.0,559.0,76.0
2026-04-29 14:00:00,14,63.5,100,44,0.0,321.0,77.6
2026-04-29 15:00:00,15,63.86,100,45,0.0,320.0,78.0
2026-04-29 16:00:00,16,59.9,100,61,1.9,288.0,84.4
2026-04-29 17:00:00,17,57.92,100,59,0.5,144.0,83.6
2026-04-29 18:00:00,18,56.3,100,57,0.1,95.0,82.8
2026-04-29 19:00:00,19,54.5,100,63,0.6,36.0,85.2
2026-04-29 20:00:00,20,53.6,100,64,3.1,8.0,85.6
2026-04-29 21:00:00,21,51.44,100,80,1.4,0.0,92.0
2026-04-29 22:00:00,22,50.72,100,87,0.3,0.0,94.80000000000001
2026-04-29 23:00:00,23,50.54,100,88,1.1,0.0,95.2
2026-04-30 00:00:00,0,49.64,100,91,0.1,0.0,96.4
2026-04-30 01:00:00,1,50.0,100,90,0.0,0.0,96.0
2026-04-30 02:00:00,2,49.1,100,93,0.0,0.0,97.2
2026-04-30 03:00:00,3,49.1,100,94,0.0,0.0,97.6
2026-04-30 04:00:00,4,49.1,100,95,0.0,0.0,98.0
2026-04-30 05:00:00,5,49.1,100,94,0.0,0.0,97.6
2026-04-30 06:00:00,6,49.46,100,94,0.0,0.0,97.6
2026-04-30 07:00:00,7,50.36,87,92,0.0,16.0,89.0
2026-04-30 08:00:00,8,50.72,100,91,0.0,135.0,96.4
2026-04-30 09:00:00,9,52.52,100,88,0.0,112.0,95.2
2026-04-30 10:00:00,10,55.76,100,80,0.0,281.0,92.0
2026-04-30 11:00:00,11,58.1,66,74,0.1,378.0,69.2
2026-04-30 12:00:00,12,59.9,23,66,0.1,544.0,40.2
2026-04-30 13:00:00,13,62.78,27,59,0.0,807.0,39.8
2026-04-30 14:00:00,14,62.78,30,55,0.0,754.0,40.0
2026-04-30 15:00:00,15,64.04,21,49,0.0,683.0,32.2
2026-04-30 16:00:00,16,64.94,27,45,0.0,644.0,34.2
2026-04-30 17:00:00,17,64.04,26,46,0.0,484.0,34.0
2026-04-30 18:00:00,18,62.959999999999994,23,47,0.0,329.0,32.6
2026-04-30 19:00:00,19,60.440000000000005,59,55,0.3,164.0,57.4
2026-04-30 20:00:00,20,57.02,37,64,0.6,22.0,47.8
2026-04-30 21:00:00,21,54.5,13,70,0.0,0.0,35.8
2026-04-30 22:00:00,22,52.7,19,73,0.0,0.0,40.6
2026-04-30 23:00:00,23,51.44,1,75,0.0,0.0,30.6
2026-05-01 00:00:00,0,50.18,2,77,0.0,0.0,32.0
2026-05-01 01:00:00,1,49.1,0,78,0.0,0.0,31.200000000000003
2026-05-01 02:00:00,2,48.379999999999995,18,81,0.0,0.0,43.199999999999996
2026-05-01 03:00:00,3,47.48,0,83,0.0,0.0,33.2
2026-05-01 04:00:00,4,46.4,0,84,0.0,0.0,33.6
2026-05-01 05:00:00,5,45.32,0,86,0.0,0.0,34.4
2026-05-01 06:00:00,6,44.42,0,87,0.0,0.0,34.800000000000004
2026-05-01 07:00:00,7,45.14,0,86,0.0,46.0,34.4
2026-05-01 08:00:00,8,48.02,21,76,0.0,214.0,43.0
2026-05-01 09:00:00,9,51.8,11,62,0.0,417.0,31.4
2026-05-01 10:00:00,10,54.68,9,51,0.0,608.0,25.8
2026-05-01 11:00:00,11,57.02,8,43,0.0,765.0,22.0
2026-05-01 12:00:00,12,59.0,23,40,0.0,876.0,29.799999999999997
2026-05-01 13:00:00,13,60.980000000000004,17,39,0.0,930.0,25.8
2026-05-01 14:00:00,14,62.6,20,36,0.0,933.0,26.4
2026-05-01 15:00:00,15,64.22,59,36,0.0,864.0,49.8
2026-05-01 16:00:00,16,65.48,30,34,0.0,751.0,31.6
2026-05-01 17:00:00,17,64.04,20,36,0.0,417.0,26.4
2026-05-01 18:00:00,18,62.78,4,38,0.0,346.0,17.6
2026-05-01 19:00:00,19,61.16,9,42,0.0,198.0,22.2
2026-05-01 20:00:00,20,58.64,5,47,0.0,38.0,21.8
2026-05-01 21:00:00,21,56.3,9,57,0.0,0.0,28.2
2026-05-01 22:00:00,22,53.42,38,67,0.0,0.0,49.6
2026-05-01 23:00:00,23,51.620000000000005,15,72,0.0,0.0,37.8
2026-05-02 00:00:00,0,51.08,84,77,0.0,0.0,81.2
2026-05-02 01:00:00,1,50.72,76,84,1.2,0.0,79.2
2026-05-02 02:00:00,2,51.98,58,72,0.0,0.0,63.599999999999994
2026-05-02 03:00:00,3,49.46,36,79,2.1,0.0,53.2
2026-05-02 04:00:00,4,49.28,99,85,0.0,0.0,93.4
2026-05-02 05:00:00,5,49.1,99,88,0.2,0.0,94.6
2026-05-02 06:00:00,6,48.56,92,92,0.0,0.0,92.0
2026-05-02 07:00:00,7,49.64,99,90,0.0,40.0,95.4
2026-05-02 08:00:00,8,51.26,88,81,0.0,130.0,85.19999999999999
2026-05-02 09:00:00,9,53.06,95,71,0.0,345.0,85.4
2026-05-02 10:00:00,10,54.5,100,63,0.0,439.0,85.2
2026-05-02 11:00:00,11,55.76,100,56,0.0,495.0,82.4
2026-05-02 12:00:00,12,57.379999999999995,100,49,0.0,634.0,79.6
2026-05-02 13:00:00,13,57.56,100,45,0.0,531.0,78.0
2026-05-02 14:00:00,14,58.82,100,41,0.0,699.0,76.4
2026-05-02 15:00:00,15,60.08,87,36,0.0,698.0,66.6
2026-05-02 16:00:00,16,60.62,63,33,0.0,628.0,51.0
2026-05-02 17:00:00,17,60.440000000000005,37,32,0.0,512.0,35.0
2026-05-02 18:00:00,18,59.0,100,32,0.0,282.0,72.8
2026-05-02 19:00:00,19,56.48,99,37,0.0,139.0,74.2
2026-05-02 20:00:00,20,55.22,100,39,0.0,32.0,75.6
2026-05-02 21:00:00,21,53.78,100,42,0.0,0.0,76.8
2026-05-02 22:00:00,22,52.879999999999995,100,44,0.0,0.0,77.6
2026-05-02 23:00:00,23,51.620000000000005,97,47,0.0,0.0,77.0
2026-05-03 00:00:00,0,50.36,92,50,0.0,0.0,75.19999999999999
2026-05-03 01:00:00,1,48.02,15,55,0.0,0.0,31.0
2026-05-03 02:00:00,2,47.3,3,59,0.0,0.0,25.400000000000002
2026-05-03 03:00:00,3,46.4,29,58,0.0,0.0,40.6
2026-05-03 04:00:00,4,46.04,63,58,0.0,0.0,61.0
2026-05-03 05:00:00,5,45.5,63,59,0.0,0.0,61.4
2026-05-03 06:00:00,6,44.239999999999995,5,60,0.0,0.0,27.0
2026-05-03 07:00:00,7,44.06,54,61,0.0,49.0,56.8
2026-05-03 08:00:00,8,46.58,35,54,0.0,165.0,42.6
2026-05-03 09:00:00,9,48.56,3,44,0.0,360.0,19.400000000000002
2026-05-03 10:00:00,10,50.72,52,40,0.0,554.0,47.2
2026-05-03 11:00:00,11,51.98,96,36,0.0,601.0,72.0
2026-05-03 12:00:00,12,52.52,55,33,0.0,484.0,46.2
2026-05-03 13:00:00,13,54.86,93,29,0.0,640.0,67.4
2026-05-03 14:00:00,14,57.56,59,24,0.0,695.0,45.0
2026-05-03 15:00:00,15,59.0,92,24,0.0,702.0,64.8
2026-05-03 16:00:00,16,59.36,82,24,0.0,620.0,58.8
2026-05-03 17:00:00,17,59.9,52,24,0.0,497.0,40.8
2026-05-03 18:00:00,18,60.440000000000005,72,23,0.0,340.0,52.4
2026-05-03 19:00:00,19,60.08,16,24,0.0,162.0,19.200000000000003
2026-05-03 20:00:00,20,57.379999999999995,2,28,0.0,42.0,12.4
2026-05-03 21:00:00,21,56.66,0,28,0.0,0.0,11.200000000000001
2026-05-03 22:00:00,22,54.86,0,31,0.0,0.0,12.4
2026-05-03 23:00:00,23,53.6,7,34,0.0,0.0,17.8
2026-05-04 00:00:00,0,52.34,2,38,0.0,0.0,16.400000000000002
2026-05-04 01:00:00,1,50.36,11,45,0.0,0.0,24.6
2026-05-04 02:00:00,2,48.92,43,52,0.0,0.0,46.6
2026-05-04 03:00:00,3,48.56,95,55,0.0,0.0,79.0
2026-05-04 04:00:00,4,48.2,59,58,0.0,0.0,58.6
2026-05-04 05:00:00,5,47.66,0,61,0.0,0.0,24.400000000000002
2026-05-04 06:00:00,6,46.76,0,65,0.0,0.0,26.0
2026-05-04 07:00:00,7,48.379999999999995,0,64,0.0,52.0,25.6
2026-05-04 08:00:00,8,53.24,0,54,0.0,220.0,21.6
2026-05-04 09:00:00,9,58.459999999999994,0,48,0.0,420.0,19.200000000000003
2026-05-04 10:00:00,10,62.78,0,40,0.0,608.0,16.0
2026-05-04 11:00:00,11,66.92,0,29,0.0,764.0,11.600000000000001
2026-05-04 12:00:00,12,69.62,0,25,0.0,877.0,10.0
2026-05-04 13:00:00,13,71.78,0,22,0.0,935.0,8.8
2026-05-04 14:00:00,14,72.68,0,22,0.0,921.0,8.8
2026-05-04 15:00:00,15,75.2,59,20,0.0,876.0,43.4
2026-05-04 16:00:00,16,76.46,89,19,0.0,737.0,61.0
2026-05-04 17:00:00,17,73.75999999999999,0,23,0.0,532.0,9.200000000000001
2026-05-04 18:00:00,18,72.86,0,25,0.0,408.0,10.0
2026-05-04 19:00:00,19,71.78,2,27,0.0,207.0,12.0
2026-05-04 20:00:00,20,69.62,6,32,0.0,43.0,16.4
2026-05-04 21:00:00,21,68.18,0,35,0.0,0.0,14.0
2026-05-04 22:00:00,22,66.74000000000001,0,37,0.0,0.0,14.8
2026-05-04 23:00:00,23,64.58,0,42,0.0,0.0,16.8
2026-05-05 00:00:00,0,63.5,0,49,0.0,0.0,19.6
2026-05-05 01:00:00,1,62.78,1,52,0.0,0.0,21.400000000000002
2026-05-05 02:00:00,2,62.78,13,56,0.0,0.0,30.200000000000003
2026-05-05 03:00:00,3,61.88,35,59,0.0,0.0,44.6
2026-05-05 04:00:00,4,61.16,36,60,0.0,0.0,45.599999999999994
2026-05-05 05:00:00,5,60.980000000000004,3,61,0.0,0.0,26.200000000000003
2026-05-05 06:00:00,6,60.26,16,62,0.0,0.0,34.4
2026-05-05 07:00:00,7,61.16,1,60,0.0,52.0,24.6
2026-05-05 08:00:00,8,64.22,1,56,0.0,215.0,23.000000000000004
2026-05-05 09:00:00,9,68.54,4,48,0.0,411.0,21.6
2026-05-05 10:00:00,10,73.22,13,40,0.0,594.0,23.8
2026-05-05 11:00:00,11,77.36,37,35,0.0,717.0,36.2
2026-05-05 12:00:00,12,80.6,21,32,0.0,868.0,25.4
2026-05-05 13:00:00,13,82.22,2,30,0.0,914.0,13.2
2026-05-05 14:00:00,14,82.75999999999999,16,28,0.0,904.0,20.8
2026-05-05 15:00:00,15,83.66,73,25,0.0,838.0,53.8
2026-05-05 16:00:00,16,83.84,80,22,0.0,748.0,56.8
2026-05-05 17:00:00,17,82.75999999999999,67,25,0.0,582.0,50.199999999999996
2026-05-05 18:00:00,18,81.68,33,25,0.0,364.0,29.8
2026-05-05 19:00:00,19,79.88,64,29,0.0,193.0,50.0
2026-05-05 20:00:00,20,77.18,100,35,0.0,43.0,74.0
2026-05-05 21:00:00,21,75.38,100,37,0.0,0.0,74.8
2026-05-05 22:00:00,22,72.32,0,48,0.0,0.0,19.200000000000003
2026-05-05 23:00:00,23,70.7,34,52,0.0,0.0,41.2
2026-05-06 00:00:00,0,69.98,62,52,0.0,0.0,58.0
2026-05-06 01:00:00,1,69.62,52,53,0.0,0.0,52.400000000000006
2026-05-06 02:00:00,2,69.25999999999999,83,58,0.0,0.0,73.0
2026-05-06 03:00:00,3,67.82,96,62,0.0,0.0,82.39999999999999
2026-05-06 04:00:00,4,66.92,50,66,0.0,0.0,56.400000000000006
2026-05-06 05:00:00,5,65.48,58,69,0.0,0.0,62.4
2026-05-06 06:00:00,6,64.22,7,72,0.0,0.0,33.0
2026-05-06 07:00:00,7,64.75999999999999,63,70,0.0,53.0,65.8
2026-05-06 08:00:00,8,66.74000000000001,100,66,0.0,210.0,86.4
2026-05-06 09:00:00,9,68.54,100,61,0.0,268.0,84.4
2026-05-06 10:00:00,10,68.18,100,62,0.1,232.0,84.8
2026-05-06 11:00:00,11,67.82,100,67,0.7,212.0,86.8
2026-05-06 12:00:00,12,65.48,100,79,1.6,128.0,91.6
2026-05-06 13:00:00,13,65.66,99,82,0.7,158.0,92.2
2026-05-06 14:00:00,14,65.48,100,80,0.1,783.0,92.0
2026-05-06 15:00:00,15,67.1,100,74,1.1,218.0,89.6
2026-05-06 16:00:00,16,68.54,98,69,0.0,222.0,86.4
2026-05-06 17:00:00,17,69.8,100,67,0.0,245.0,86.8
2026-05-06 18:00:00,18,69.8,69,68,0.0,144.0,68.6
2026-05-06 19:00:00,19,69.25999999999999,35,71,0.0,144.0,49.400000000000006
2026-05-06 20:00:00,20,67.64,100,78,0.0,36.0,91.2
2026-05-06 21:00:00,21,66.2,99,82,0.6,0.0,92.2
2026-05-06 22:00:00,22,64.58,100,89,0.1,0.0,95.6
2026-05-06 23:00:00,23,64.58,100,89,0.3,0.0,95.6
2026-05-07 00:00:00,0,61.7,100,92,3.2,0.0,96.80000000000001
2026-05-07 01:00:00,1,57.74,100,90,7.6,0.0,96.0
2026-05-07 02:00:00,2,54.32,100,90,3.7,0.0,96.0
2026-05-07 03:00:00,3,53.24,100,91,1.6,0.0,96.4
2026-05-07 04:00:00,4,52.34,100,87,0.3,0.0,94.80000000000001
2026-05-07 05:00:00,5,51.98,100,85,0.2,0.0,94.0
2026-05-07 06:00:00,6,51.98,100,83,0.0,0.0,93.2
2026-05-07 07:00:00,7,52.16,100,83,0.0,16.0,93.2
2026-05-07 08:00:00,8,53.6,100,77,0.0,82.0,90.8
2026-05-07 09:00:00,9,53.6,100,68,0.0,105.0,87.2
2026-05-07 10:00:00,10,54.14,85,57,0.0,195.0,73.8
2026-05-07 11:00:00,11,57.02,26,48,0.0,484.0,34.800000000000004
2026-05-07 12:00:00,12,60.26,65,41,0.0,809.0,55.400000000000006
2026-05-07 13:00:00,13,61.16,4,38,0.0,699.0,17.6
2026-05-07 14:00:00,14,63.14,38,36,0.0,932.0,37.2
2026-05-07 15:00:00,15,63.68,1,35,0.0,711.0,14.6
2026-05-07 16:00:00,16,64.94,24,32,0.0,673.0,27.2
2026-05-07 17:00:00,17,65.12,52,29,0.0,465.0,42.8
2026-05-07 18:00:00,18,65.48,26,28,0.0,358.0,26.8
2026-05-07 19:00:00,19,63.68,9,34,0.0,210.0,19.0
2026-05-07 20:00:00,20,59.18,37,50,0.0,46.0,42.2
2026-05-07 21:00:00,21,57.74,3,57,0.0,0.0,24.6
2026-05-07 22:00:00,22,56.3,3,56,0.0,0.0,24.200000000000003
2026-05-07 23:00:00,23,55.58,100,54,0.0,0.0,81.6
2026-05-08 00:00:00,0,55.4,100,58,0.0,0.0,83.2
2026-05-08 01:00:00,1,55.04,35,65,0.0,0.0,47.0
2026-05-08 02:00:00,2,54.32,0,60,0.0,0.0,24.0
2026-05-08 03:00:00,3,51.08,0,66,0.0,0.0,26.400000000000002
2026-05-08 04:00:00,4,49.64,0,71,0.0,0.0,28.400000000000002
2026-05-08 05:00:00,5,48.2,0,75,0.0,0.0,30.0
2026-05-08 06:00:00,6,46.94,0,79,0.0,0.0,31.6
2026-05-08 07:00:00,7,48.02,0,77,0.0,63.0,30.8
2026-05-08 08:00:00,8,51.26,0,63,0.0,239.0,25.200000000000003
2026-05-08 09:00:00,9,56.120000000000005,0,44,0.0,438.0,17.6
2026-05-08 10:00:00,10,59.540000000000006,43,32,0.0,626.0,38.6
2026-05-08 11:00:00,11,61.7,3,29,0.0,656.0,13.400000000000002
2026-05-08 12:00:00,12,65.12,54,25,0.0,888.0,42.4
2026-05-08 13:00:00,13,65.48,100,25,0.0,617.0,70.0
2026-05-08 14:00:00,14,66.56,25,21,0.0,395.0,23.4
2026-05-08 15:00:00,15,69.08,97,19,0.0,738.0,65.8
2026-05-08 16:00:00,16,67.28,81,23,0.0,394.0,57.800000000000004
2026-05-08 17:00:00,17,68.18,100,21,0.0,335.0,68.4
2026-05-08 18:00:00,18,68.54,100,21,0.0,257.0,68.4
2026-05-08 19:00:00,19,67.82,100,23,0.0,105.0,69.2
2026-05-08 20:00:00,20,64.4,52,37,0.0,16.0,46.0
2026-05-08 21:00:00,21,62.42,100,38,0.0,0.0,75.2
2026-05-08 22:00:00,22,62.24,94,42,0.0,0.0,73.2
2026-05-08 23:00:00,23,61.16,57,44,0.0,0.0,51.8
2026-05-09 00:00:00,0,59.72,89,47,0.0,0.0,72.2
2026-05-09 01:00:00,1,58.82,37,48,0.0,0.0,41.400000000000006
2026-05-09 02:00:00,2,58.82,99,52,0.0,0.0,80.2
2026-05-09 03:00:00,3,56.66,59,59,0.0,0.0,59.0
2026-05-09 04:00:00,4,55.4,83,64,0.0,0.0,75.4
2026-05-09 05:00:00,5,55.22,100,68,0.0,0.0,87.2
2026-05-09 06:00:00,6,56.3,100,67,0.0,0.0,86.8
2026-05-09 07:00:00,7,57.379999999999995,100,66,0.0,15.0,86.4
2026-05-09 08:00:00,8,58.64,100,71,0.0,76.0,88.4
2026-05-09 09:00:00,9,59.9,100,71,0.0,92.0,88.4
2026-05-09 10:00:00,10,63.86,100,63,0.0,334.0,85.2
2026-05-09 11:00:00,11,63.5,100,63,0.3,207.0,85.2
2026-05-09 12:00:00,12,64.04,100,60,0.1,224.0,84.0
2026-05-09 13:00:00,13,63.5,100,59,0.0,148.0,83.6
2026-05-09 14:00:00,14,61.519999999999996,100,71,0.6,209.0,88.4
2026-05-09 15:00:00,15,62.42,100,67,0.1,200.0,86.8
2026-05-09 16:00:00,16,62.959999999999994,100,67,0.7,313.0,86.8
2026-05-09 17:00:00,17,62.42,88,69,0.2,253.0,80.4
2026-05-09 18:00:00,18,63.32,67,66,0.0,299.0,66.6
2026-05-09 19:00:00,19,62.6,11,68,0.0,167.0,33.800000000000004
2026-05-09 20:00:00,20,59.18,23,77,0.0,48.0,44.6
2026-05-09 21:00:00,21,58.1,0,80,0.0,0.0,32.0
2026-05-09 22:00:00,22,56.84,1,86,0.0,0.0,35.0
2026-05-09 23:00:00,23,55.76,0,92,0.0,0.0,36.800000000000004
2026-05-10 00:00:00,0,54.5,0,95,0.0,0.0,38.0
2026-05-10 01:00:00,1,53.78,0,96,0.0,0.0,38.400000000000006
2026-05-10 02:00:00,2,52.879999999999995,12,99,0.0,0.0,46.8
2026-05-10 03:00:00,3,51.98,100,100,0.0,0.0,100.0
2026-05-10 04:00:00,4,51.98,100,100,0.0,0.0,100.0
2026-05-10 05:00:00,5,51.44,100,100,0.0,0.0,100.0
2026-05-10 06:00:00,6,50.54,100,100,0.0,0.0,100.0
2026-05-10 07:00:00,7,51.08,100,98,0.0,40.0,99.2
2026-05-10 08:00:00,8,55.4,100,91,0.0,146.0,96.4
2026-05-10 09:00:00,9,60.26,55,79,0.0,203.0,64.6
2026-05-10 10:00:00,10,67.1,28,64,0.0,478.0,42.400000000000006
2026-05-10 11:00:00,11,73.22,13,50,0.0,756.0,27.8
2026-05-10 12:00:00,12,76.82,40,40,0.0,862.0,40.0
2026-05-10 13:00:00,13,79.34,58,33,0.0,892.0,48.0
2026-05-10 14:00:00,14,80.42,88,33,0.0,883.0,66.0
2026-05-10 15:00:00,15,77.54,69,40,1.0,727.0,57.4
2026-05-10 16:00:00,16,72.14,95,54,3.1,366.0,78.6
2026-05-10 17:00:00,17,67.46,34,72,4.2,273.0,49.2
2026-05-10 18:00:00,18,68.36,100,73,0.0,312.0,89.2
2026-05-10 19:00:00,19,66.92,100,75,0.0,74.0,90.0
2026-05-10 20:00:00,20,64.4,100,94,0.7,11.0,97.6
2026-05-10 21:00:00,21,63.86,38,93,0.7,0.0,60.0
2026-05-10 22:00:00,22,61.7,99,96,0.1,0.0,97.80000000000001
2026-05-10 23:00:00,23,62.42,100,97,0.0,0.0,98.80000000000001
2026-05-11 00:00:00,0,61.88,100,98,0.0,0.0,99.2
2026-05-11 01:00:00,1,61.16,99,97,0.2,0.0,98.2
2026-05-11 02:00:00,2,56.3,93,78,1.0,0.0,87.0
2026-05-11 03:00:00,3,53.24,100,61,0.0,0.0,84.4
2026-05-11 04:00:00,4,52.7,100,53,0.0,0.0,81.2
2026-05-11 05:00:00,5,52.52,100,50,0.0,0.0,80.0
2026-05-11 06:00:00,6,52.16,100,51,0.0,0.0,80.4
2026-05-11 07:00:00,7,52.16,100,54,0.0,31.0,81.6
2026-05-11 08:00:00,8,53.06,100,50,0.0,168.0,80.0
2026-05-11 09:00:00,9,55.22,100,44,0.0,337.0,77.6
2026-05-11 10:00:00,10,54.68,100,44,0.0,155.0,77.6
2026-05-11 11:00:00,11,55.4,100,43,0.0,206.0,77.2
2026-05-11 12:00:00,12,57.74,100,40,0.0,481.0,76.0
2026-05-11 13:00:00,13,57.379999999999995,100,40,0.0,303.0,76.0
2026-05-11 14:00:00,14,57.2,100,37,0.0,285.0,74.8
2026-05-11 15:00:00,15,57.92,100,35,0.0,312.0,74.0
2026-05-11 16:00:00,16,58.64,100,33,0.0,291.0,73.2
2026-05-11 17:00:00,17,61.16,100,29,0.0,421.0,71.6
2026-05-11 18:00:00,18,60.8,2,33,0.0,272.0,14.4
2026-05-11 19:00:00,19,59.18,2,40,0.0,222.0,17.2
2026-05-11 20:00:00,20,57.02,2,52,0.0,54.0,22.0
2026-05-11 21:00:00,21,54.14,0,59,0.0,0.0,23.6
2026-05-11 22:00:00,22,52.52,1,62,0.0,0.0,25.400000000000002
2026-05-11 23:00:00,23,51.26,42,63,0.0,0.0,50.400000000000006
2026-05-12 00:00:00,0,50.72,78,67,0.0,0.0,73.6
2026-05-12 01:00:00,1,49.82,90,71,0.0,0.0,82.4
2026-05-12 02:00:00,2,50.72,45,62,0.0,0.0,51.8
2026-05-12 03:00:00,3,50.0,2,61,0.0,0.0,25.6
2026-05-12 04:00:00,4,48.74,5,63,0.0,0.0,28.200000000000003
2026-05-12 05:00:00,5,47.3,0,61,0.0,0.0,24.400000000000002
2026-05-12 06:00:00,6,45.86,0,59,0.0,0.0,23.6
2026-05-12 07:00:00,7,46.76,0,58,0.0,78.0,23.200000000000003
2026-05-12 08:00:00,8,49.28,0,53,0.0,266.0,21.200000000000003
2026-05-12 09:00:00,9,52.34,0,45,0.0,472.0,18.0
2026-05-12 10:00:00,10,55.4,0,40,0.0,665.0,16.0
2026-05-12 11:00:00,11,58.1,0,34,0.0,825.0,13.600000000000001
2026-05-12 12:00:00,12,60.440000000000005,0,31,0.0,938.0,12.4
2026-05-12 13:00:00,13,62.78,0,29,0.0,993.0,11.600000000000001
2026-05-12 14:00:00,14,64.75999999999999,0,27,0.0,987.0,10.8
2026-05-12 15:00:00,15,66.2,0,26,0.0,921.0,10.4
2026-05-12 16:00:00,16,67.1,1,27,0.0,802.0,11.4
2026-05-12 17:00:00,17,67.28,19,28,0.0,638.0,22.6
2026-05-12 18:00:00,18,67.1,24,29,0.0,444.0,26.0
2026-05-12 19:00:00,19,66.2,35,35,0.0,240.0,35.0
2026-05-12 20:00:00,20,63.14,55,39,0.0,63.0,48.6
2026-05-12 21:00:00,21,59.540000000000006,63,48,0.0,0.0,57.0
2026-05-12 22:00:00,22,55.58,55,58,0.0,0.0,56.2
2026-05-12 23:00:00,23,54.14,31,66,0.0,0.0,45.0
2026-05-13 00:00:00,0,53.96,14,73,0.0,0.0,37.6
2026-05-13 01:00:00,1,53.42,77,77,0.0,0.0,77.0
2026-05-13 02:00:00,2,53.6,75,78,0.0,0.0,76.2
2026-05-13 03:00:00,3,53.6,98,75,0.0,0.0,88.8
2026-05-13 04:00:00,4,54.5,100,74,0.0,0.0,89.6
2026-05-13 05:00:00,5,55.76,83,71,0.0,0.0,78.2
2026-05-13 06:00:00,6,56.48,41,66,0.0,0.0,51.0
2026-05-13 07:00:00,7,57.92,31,59,0.0,71.0,42.2
2026-05-13 08:00:00,8,60.62,30,56,0.0,237.0,40.400000000000006
2026-05-13 09:00:00,9,63.5,10,50,0.0,441.0,26.0
2026-05-13 10:00:00,10,66.2,1,46,0.0,626.0,19.000000000000004
2026-05-13 11:00:00,11,68.9,51,43,0.0,784.0,47.8
2026-05-13 12:00:00,12,71.6,70,38,0.0,850.0,57.2
2026-05-13 13:00:00,13,73.75999999999999,97,33,0.0,925.0,71.39999999999999
2026-05-13 14:00:00,14,74.3,98,30,0.0,814.0,70.8
2026-05-13 15:00:00,15,72.5,82,33,0.0,536.0,62.4
2026-05-13 16:00:00,16,73.04,82,32,0.2,438.0,62.0
2026-05-13 17:00:00,17,71.24000000000001,66,36,0.0,284.0,54.0
2026-05-13 18:00:00,18,69.62,84,45,0.0,275.0,68.4
2026-05-13 19:00:00,19,66.2,98,57,0.0,124.0,81.6
2026-05-13 20:00:00,20,65.12,100,58,0.0,41.0,83.2
2026-05-13 21:00:00,21,63.5,30,57,0.0,0.0,40.8
2026-05-13 22:00:00,22,62.6,99,54,0.0,0.0,81.0
2026-05-13 23:00:00,23,58.1,100,80,2.1,0.0,92.0
2026-05-14 00:00:00,0,57.2,100,92,3.7,0.0,96.80000000000001
2026-05-14 01:00:00,1,56.84,96,95,0.7,0.0,95.6
2026-05-14 02:00:00,2,56.66,98,97,0.2,0.0,97.6
2026-05-14 03:00:00,3,56.3,32,97,0.0,0.0,58.0
2026-05-14 04:00:00,4,55.04,100,99,0.0,0.0,99.6
2026-05-14 05:00:00,5,55.04,98,97,0.0,0.0,97.6
2026-05-14 06:00:00,6,54.5,90,95,0.0,0.0,92.0
2026-05-14 07:00:00,7,54.5,91,94,0.0,41.0,92.2
2026-05-14 08:00:00,8,54.86,100,86,0.0,173.0,94.4
2026-05-14 09:00:00,9,55.58,100,80,0.0,128.0,92.0
2026-05-14 10:00:00,10,56.120000000000005,91,74,0.0,108.0,84.2
2026-05-14 11:00:00,11,59.72,39,58,0.0,478.0,46.6
2026-05-14 12:00:00,12,62.42,16,51,0.0,771.0,30.0
2026-05-14 13:00:00,13,62.959999999999994,18,49,0.0,759.0,30.4
2026-05-14 14:00:00,14,63.86,29,45,0.0,915.0,35.4
2026-05-14 15:00:00,15,63.14,49,44,0.0,782.0,47.0
2026-05-14 16:00:00,16,62.42,36,45,0.0,629.0,39.599999999999994
2026-05-14 17:00:00,17,61.7,23,46,0.0,495.0,32.2
2026-05-14 18:00:00,18,60.26,39,49,0.0,351.0,43.0
2026-05-14 19:00:00,19,58.64,77,51,0.0,195.0,66.6
2026-05-14 20:00:00,20,56.120000000000005,20,59,0.0,43.0,35.6
2026-05-14 21:00:00,21,54.68,16,64,0.0,0.0,35.2
2026-05-14 22:00:00,22,54.32,26,64,0.0,0.0,41.2
2026-05-14 23:00:00,23,52.7,30,68,0.0,0.0,45.2
2026-05-15 00:00:00,0,51.620000000000005,100,71,0.0,0.0,88.4
2026-05-15 01:00:00,1,51.620000000000005,83,71,0.0,0.0,78.2
2026-05-15 02:00:00,2,50.9,89,72,0.0,0.0,82.2
2026-05-15 03:00:00,3,51.08,88,72,0.0,0.0,81.6
2026-05-15 04:00:00,4,50.9,86,73,0.0,0.0,80.80000000000001
2026-05-15 05:00:00,5,50.36,88,75,0.0,0.0,82.8
2026-05-15 06:00:00,6,50.18,89,77,0.0,1.0,84.2
2026-05-15 07:00:00,7,50.9,100,76,0.0,46.0,90.4
2026-05-15 08:00:00,8,52.7,99,69,0.0,149.0,87.0
2026-05-15 09:00:00,9,54.86,13,64,0.0,350.0,33.4
2026-05-15 10:00:00,10,57.92,95,57,0.0,593.0,79.8
2026-05-15 11:00:00,11,58.64,52,55,0.0,552.0,53.2
2026-05-15 12:00:00,12,62.059999999999995,100,49,0.0,711.0,79.6
2026-05-15 13:00:00,13,63.5,100,47,0.0,611.0,78.8
2026-05-15 14:00:00,14,64.22,100,47,0.0,450.0,78.8
2026-05-15 15:00:00,15,63.86,100,48,0.0,312.0,79.2
2026-05-15 16:00:00,16,64.4,100,48,0.0,302.0,79.2
2026-05-15 17:00:00,17,64.58,32,50,0.0,228.0,39.2
2026-05-15 18:00:00,18,65.66,91,50,0.0,354.0,74.6
2026-05-15 19:00:00,19,64.4,84,55,0.0,160.0,72.4
2026-05-15 20:00:00,20,62.059999999999995,76,64,0.0,57.0,71.2
2026-05-15 21:00:00,21,60.8,86,66,0.0,0.0,78.0
2026-05-15 22:00:00,22,59.540000000000006,88,71,0.0,0.0,81.2
2026-05-15 23:00:00,23,57.74,15,75,0.0,0.0,39.0
2026-05-16 00:00:00,0,56.66,4,77,0.0,0.0,33.2
2026-05-16 01:00:00,1,55.76,5,79,0.0,0.0,34.6
2026-05-16 02:00:00,2,53.24,0,86,0.0,0.0,34.4
2026-05-16 03:00:00,3,52.7,0,85,0.0,0.0,34.0
2026-05-16 04:00:00,4,52.16,0,85,0.0,0.0,34.0
2026-05-16 05:00:00,5,51.98,0,85,0.0,0.0,34.0
2026-05-16 06:00:00,6,51.98,1,85,0.0,1.0,34.6
2026-05-16 07:00:00,7,54.5,0,82,0.0,80.0,32.800000000000004
2026-05-16 08:00:00,8,57.92,3,75,0.0,259.0,31.8
2026-05-16 09:00:00,9,63.14,0,67,0.0,457.0,26.8
2026-05-16 10:00:00,10,68.0,0,56,0.0,643.0,22.400000000000002
2026-05-16 11:00:00,11,71.6,0,45,0.0,796.0,18.0
2026-05-16 12:00:00,12,74.48,0,40,0.0,903.0,16.0
2026-05-16 13:00:00,13,76.46,0,39,0.0,959.0,15.600000000000001
2026-05-16 14:00:00,14,79.16,0,35,0.0,956.0,14.0
2026-05-16 15:00:00,15,80.6,0,27,0.0,896.0,10.8
2026-05-16 16:00:00,16,81.14,0,25,0.0,785.0,10.0
2026-05-16 17:00:00,17,80.78,1,25,0.0,629.0,10.6
2026-05-16 18:00:00,18,80.06,23,28,0.0,439.0,25.0
2026-05-16 19:00:00,19,78.08,37,34,0.0,216.0,35.8
2026-05-16 20:00:00,20,75.74000000000001,41,39,0.0,62.0,40.2
2026-05-16 21:00:00,21,74.12,49,43,0.0,0.0,46.599999999999994
2026-05-16 22:00:00,22,71.96,60,48,0.0,0.0,55.2
2026-05-16 23:00:00,23,70.34,41,51,0.0,0.0,45.0
2026-05-17 00:00:00,0,69.44,45,54,0.0,0.0,48.6
2026-05-17 01:00:00,1,69.08,91,64,0.0,0.0,80.2
2026-05-17 02:00:00,2,69.08,18,67,0.0,0.0,37.6
2026-05-17 03:00:00,3,68.36,31,72,0.0,0.0,47.4
2026-05-17 04:00:00,4,68.72,0,72,0.0,0.0,28.8
2026-05-17 05:00:00,5,67.82,2,75,0.0,0.0,31.2
2026-05-17 06:00:00,6,66.56,29,78,0.0,1.0,48.6
2026-05-17 07:00:00,7,67.82,72,76,0.0,80.0,73.6
2026-05-17 08:00:00,8,70.52,93,70,0.0,255.0,83.8
2026-05-17 09:00:00,9,74.12,69,63,0.0,445.0,66.6
2026-05-17 10:00:00,10,77.18,79,56,0.0,617.0,69.8
2026-05-17 11:00:00,11,80.24000000000001,51,49,0.0,771.0,50.2
2026-05-17 12:00:00,12,83.3,7,44,0.0,887.0,21.8
2026-05-17 13:00:00,13,86.18,8,38,0.0,943.0,20.0
2026-05-17 14:00:00,14,88.16,72,36,0.0,944.0,57.599999999999994
2026-05-17 15:00:00,15,88.52,32,34,0.0,839.0,32.8
2026-05-17 16:00:00,16,89.06,13,33,0.0,736.0,21.0
2026-05-17 17:00:00,17,89.06,26,32,0.0,560.0,28.4
2026-05-17 18:00:00,18,87.44,25,36,0.0,351.0,29.4
2026-05-17 19:00:00,19,84.02,34,45,0.0,198.0,38.4
2026-05-17 20:00:00,20,82.22,65,50,0.0,60.0,59.0
2026-05-17 21:00:00,21,78.8,95,58,0.0,0.0,80.2
2026-05-17 22:00:00,22,76.28,92,65,0.0,0.0,81.19999999999999
2026-05-17 23:00:00,23,73.75999999999999,96,69,0.0,0.0,85.19999999999999
2026-05-18 00:00:00,0,72.14,54,71,0.0,0.0,60.8
2026-05-18 01:00:00,1,70.7,52,73,0.0,0.0,60.400000000000006
2026-05-18 02:00:00,2,69.08,66,77,0.0,0.0,70.4
2026-05-18 03:00:00,3,67.64,40,80,0.0,0.0,56.0
2026-05-18 04:00:00,4,66.74000000000001,30,83,0.0,0.0,51.2
2026-05-18 05:00:00,5,66.38,52,84,0.0,0.0,64.8
2026-05-18 06:00:00,6,65.66,80,87,0.0,1.0,82.80000000000001
2026-05-18 07:00:00,7,67.64,82,82,0.0,79.0,82.0
2026-05-18 08:00:00,8,71.42,98,75,0.0,247.0,88.8
2026-05-18 09:00:00,9,76.1,98,66,0.0,424.0,85.2
2026-05-18 10:00:00,10,81.5,74,56,0.0,601.0,66.8
2026-05-18 11:00:00,11,86.18,89,47,0.0,763.0,72.2
2026-05-18 12:00:00,12,89.6,74,41,0.0,860.0,60.8
2026-05-18 13:00:00,13,91.58000000000001,52,37,0.0,916.0,46.0
2026-05-18 14:00:00,14,93.2,11,35,0.0,890.0,20.6
2026-05-18 15:00:00,15,92.66,28,35,0.0,843.0,30.8
2026-05-18 16:00:00,16,92.84,20,35,0.0,665.0,26.0
2026-05-18 17:00:00,17,92.11999999999999,29,34,0.0,569.0,31.0
2026-05-18 18:00:00,18,90.68,8,38,0.0,384.0,20.0
2026-05-18 19:00:00,19,87.61999999999999,9,47,0.0,225.0,24.2
2026-05-18 20:00:00,20,86.0,5,50,0.0,67.0,23.0
2026-05-18 21:00:00,21,82.58,6,55,0.0,0.0,25.6
2026-05-18 22:00:00,22,80.42,3,56,0.0,0.0,24.200000000000003
2026-05-18 23:00:00,23,79.34,1,56,0.0,0.0,23.000000000000004
2026-05-19 00:00:00,0,77.72,1,60,0.0,0.0,24.6
2026-05-19 01:00:00,1,76.46,0,66,0.0,0.0,26.400000000000002
2026-05-19 02:00:00,2,74.84,0,73,0.0,0.0,29.200000000000003
2026-05-19 03:00:00,3,73.94,0,75,0.0,0.0,30.0
2026-05-19 04:00:00,4,73.04,0,78,0.0,0.0,31.200000000000003
2026-05-19 05:00:00,5,72.32,0,81,0.0,0.0,32.4
2026-05-19 06:00:00,6,71.96,0,81,0.0,2.0,32.4
2026-05-19 07:00:00,7,73.58,2,76,0.0,83.0,31.6
2026-05-19 08:00:00,8,76.82,0,71,0.0,255.0,28.400000000000002
2026-05-19 09:00:00,9,80.6,0,61,0.0,442.0,24.400000000000002
2026-05-19 10:00:00,10,84.74,34,52,0.0,618.0,41.2
2026-05-19 11:00:00,11,88.7,2,45,0.0,757.0,19.2
2026-05-19 12:00:00,12,92.3,5,39,0.0,871.0,18.6
2026-05-19 13:00:00,13,94.82,27,35,0.0,908.0,30.2
2026-05-19 14:00:00,14,96.8,27,29,0.0,841.0,27.8
2026-05-19 15:00:00,15,96.61999999999999,33,28,0.0,791.0,31.0
2026-05-19 16:00:00,16,95.18,21,31,0.0,617.0,25.0
2026-05-19 17:00:00,17,95.36,30,29,0.0,484.0,29.6
2026-05-19 18:00:00,18,91.94,30,33,0.2,378.0,31.200000000000003
2026-05-19 19:00:00,19,90.32,82,37,0.0,197.0,64.0
2026-05-19 20:00:00,20,82.4,83,61,0.0,43.0,74.2
2026-05-19 21:00:00,21,81.86,61,59,0.0,0.0,60.2
2026-05-19 22:00:00,22,81.32,89,57,0.0,0.0,76.2
2026-05-19 23:00:00,23,80.42,78,60,0.0,0.0,70.8
2026-05-20 00:00:00,0,78.98,83,65,0.0,0.0,75.8
2026-05-20 01:00:00,1,78.25999999999999,82,68,0.0,0.0,76.4
2026-05-20 02:00:00,2,76.46,0,75,0.0,0.0,30.0
2026-05-20 03:00:00,3,75.2,2,78,0.0,0.0,32.400000000000006
2026-05-20 04:00:00,4,74.3,0,80,0.0,0.0,32.0
2026-05-20 05:00:00,5,73.58,0,80,0.0,0.0,32.0
2026-05-20 06:00:00,6,72.68,0,82,0.0,2.0,32.800000000000004
2026-05-20 07:00:00,7,74.3,0,77,0.0,83.0,30.8
2026-05-20 08:00:00,8,79.34,0,66,0.0,253.0,26.400000000000002
2026-05-20 09:00:00,9,84.2,0,51,0.0,439.0,20.400000000000002
2026-05-20 10:00:00,10,86.36,0,47,0.0,615.0,18.8
2026-05-20 11:00:00,11,88.7,0,42,0.0,762.0,16.8
2026-05-20 12:00:00,12,90.86,12,38,0.0,867.0,22.4
2026-05-20 13:00:00,13,92.84,2,35,0.0,901.0,15.2
2026-05-20 14:00:00,14,94.82,5,34,0.0,916.0,16.6
2026-05-20 15:00:00,15,94.1,47,34,0.1,844.0,41.8
2026-05-20 16:00:00,16,93.2,38,34,0.1,634.0,36.400000000000006
2026-05-20 17:00:00,17,90.86,98,38,0.1,514.0,74.0
2026-05-20 18:00:00,18,77.54,98,74,1.2,216.0,88.4
2026-05-20 19:00:00,19,75.92,92,79,0.3,58.0,86.8
2026-05-20 20:00:00,20,73.4,100,86,0.0,37.0,94.4
2026-05-20 21:00:00,21,72.5,99,87,0.2,0.0,94.2
2026-05-20 22:00:00,22,72.32,96,87,0.0,0.0,92.4
2026-05-20 23:00:00,23,71.78,92,87,0.0,0.0,90.0
2026-05-21 00:00:00,0,70.34,100,87,0.0,0.0,94.80000000000001
2026-05-21 01:00:00,1,69.44,100,86,0.0,0.0,94.4
2026-05-21 02:00:00,2,67.1,100,85,0.4,0.0,94.0
2026-05-21 03:00:00,3,65.3,100,83,0.4,0.0,93.2
2026-05-21 04:00:00,4,63.86,100,79,0.1,0.0,91.6
2026-05-21 05:00:00,5,62.78,96,74,0.0,0.0,87.19999999999999
2026-05-21 06:00:00,6,62.059999999999995,100,70,0.0,1.0,88.0
2026-05-21 07:00:00,7,61.7,100,62,0.0,44.0,84.8
2026-05-21 08:00:00,8,61.88,100,57,0.0,75.0,82.8
2026-05-21 09:00:00,9,62.059999999999995,100,56,0.0,194.0,82.4
2026-05-21 10:00:00,10,61.34,100,62,0.6,314.0,84.8
2026-05-21 11:00:00,11,58.459999999999994,100,79,2.8,130.0,91.6
2026-05-21 12:00:00,12,57.56,99,85,2.4,120.0,93.4
2026-05-21 13:00:00,13,59.0,100,84,1.7,276.0,93.6
2026-05-21 14:00:00,14,61.7,100,74,1.6,292.0,89.6
2026-05-21 15:00:00,15,61.34,100,72,0.0,310.0,88.8
2026-05-21 16:00:00,16,61.7,100,73,0.0,213.0,89.2
2026-05-21 17:00:00,17,61.88,100,74,0.1,187.0,89.6
2026-05-21 18:00:00,18,60.26,100,83,0.9,70.0,93.2
2026-05-21 19:00:00,19,59.18,100,87,0.5,38.0,94.80000000000001
2026-05-21 20:00:00,20,58.459999999999994,100,92,0.8,11.0,96.80000000000001
2026-05-21 21:00:00,21,57.74,100,93,0.5,0.0,97.2
2026-05-21 22:00:00,22,57.2,100,92,0.0,0.0,96.80000000000001
2026-05-21 23:00:00,23,57.379999999999995,100,93,0.0,0.0,97.2
2026-05-22 00:00:00,0,57.56,100,94,0.0,0.0,97.6
2026-05-22 01:00:00,1,57.56,100,95,0.0,0.0,98.0
2026-05-22 02:00:00,2,57.56,100,96,0.0,0.0,98.4
2026-05-22 03:00:00,3,57.56,100,95,0.0,0.0,98.0
2026-05-22 04:00:00,4,57.2,100,95,0.0,0.0,98.0
2026-05-22 05:00:00,5,57.02,100,93,0.0,0.0,97.2
2026-05-22 06:00:00,6,57.02,97,92,0.0,1.0,95.0
2026-05-22 07:00:00,7,57.56,100,90,0.0,53.0,96.0
2026-05-22 08:00:00,8,59.540000000000006,97,83,0.0,182.0,91.4
2026-05-22 09:00:00,9,60.980000000000004,100,77,0.0,344.0,90.8
2026-05-22 10:00:00,10,61.16,100,73,0.0,303.0,89.2
2026-05-22 11:00:00,11,62.6,95,61,0.0,455.0,81.4
2026-05-22 12:00:00,12,64.58,97,58,0.0,607.0,81.4
2026-05-22 13:00:00,13,63.68,100,63,0.0,451.0,85.2
2026-05-22 14:00:00,14,63.68,100,54,0.0,261.0,81.6
2026-05-22 15:00:00,15,62.959999999999994,100,53,0.0,240.0,81.2
2026-05-22 16:00:00,16,61.88,100,50,0.0,195.0,80.0
2026-05-22 17:00:00,17,59.18,100,53,0.1,89.0,81.2
2026-05-22 18:00:00,18,57.02,100,66,0.6,58.0,86.4
2026-05-22 19:00:00,19,55.22,100,80,0.9,27.0,92.0
2026-05-22 20:00:00,20,55.58,100,74,0.7,14.0,89.6
2026-05-22 21:00:00,21,54.68,100,76,0.1,0.0,90.4
2026-05-22 22:00:00,22,54.68,100,76,0.0,0.0,90.4
2026-05-22 23:00:00,23,54.5,100,77,0.0,0.0,90.8
2026-05-23 00:00:00,0,54.68,100,77,0.0,0.0,90.8
2026-05-23 01:00:00,1,54.68,100,77,0.0,0.0,90.8
2026-05-23 02:00:00,2,54.68,100,76,0.0,0.0,90.4
2026-05-23 03:00:00,3,54.32,100,78,0.1,0.0,91.2
2026-05-23 04:00:00,4,53.6,100,81,0.5,0.0,92.4
2026-05-23 05:00:00,5,53.24,100,81,0.3,0.0,92.4
2026-05-23 06:00:00,6,52.52,100,82,0.6,0.0,92.80000000000001
2026-05-23 07:00:00,7,51.8,100,88,2.5,8.0,95.2
2026-05-23 08:00:00,8,52.16,100,91,2.0,30.0,96.4
2026-05-23 09:00:00,9,52.34,100,88,0.4,60.0,95.2
2026-05-23 10:00:00,10,53.06,100,82,0.2,128.0,92.80000000000001
2026-05-23 11:00:00,11,53.96,100,77,0.2,199.0,90.8
2026-05-23 12:00:00,12,54.5,100,74,0.1,203.0,89.6
2026-05-23 13:00:00,13,53.96,100,73,0.4,134.0,89.2
2026-05-23 14:00:00,14,53.42,100,82,1.9,126.0,92.80000000000001
2026-05-23 15:00:00,15,52.16,100,90,3.1,104.0,96.0
2026-05-23 16:00:00,16,51.44,100,89,2.7,93.0,95.6
2026-05-23 17:00:00,17,50.9,100,88,1.2,65.0,95.2
2026-05-23 18:00:00,18,51.620000000000005,100,85,0.2,38.0,94.0
2026-05-23 19:00:00,19,52.34,100,80,0.0,26.0,92.0
2026-05-23 20:00:00,20,51.620000000000005,100,88,0.0,9.0,95.2
2026-05-23 21:00:00,21,51.26,100,88,0.7,0.0,95.2
2026-05-23 22:00:00,22,51.26,100,91,1.5,0.0,96.4
2026-05-23 23:00:00,23,51.44,100,92,2.2,0.0,96.80000000000001
2026-05-24 00:00:00,0,51.8,100,93,1.6,0.0,97.2
2026-05-24 01:00:00,1,52.34,100,94,0.9,0.0,97.6
2026-05-24 02:00:00,2,52.7,100,96,0.7,0.0,98.4
2026-05-24 03:00:00,3,52.7,100,96,1.3,0.0,98.4
2026-05-24 04:00:00,4,52.879999999999995,100,96,1.4,0.0,98.4
2026-05-24 05:00:00,5,53.06,100,97,0.9,0.0,98.80000000000001
2026-05-24 06:00:00,6,53.24,100,97,0.6,1.0,98.80000000000001
2026-05-24 07:00:00,7,53.78,100,97,1.2,10.0,98.80000000000001
2026-05-24 08:00:00,8,53.24,100,97,2.0,21.0,98.80000000000001
2026-05-24 09:00:00,9,53.96,100,98,2.2,59.0,99.2
2026-05-24 10:00:00,10,54.68,100,98,2.8,73.0,99.2
2026-05-24 11:00:00,11,55.58,100,97,1.3,121.0,98.80000000000001
2026-05-24 12:00:00,12,57.74,100,93,0.5,343.0,97.2
2026-05-24 13:00:00,13,59.9,100,87,0.6,398.0,94.80000000000001
2026-05-24 14:00:00,14,59.9,100,82,0.0,345.0,92.80000000000001
2026-05-24 15:00:00,15,60.440000000000005,100,83,0.4,325.0,93.2
2026-05-24 16:00:00,16,60.980000000000004,98,86,1.3,375.0,93.19999999999999
2026-05-24 17:00:00,17,61.519999999999996,100,85,0.3,287.0,94.0
2026-05-24 18:00:00,18,61.519999999999996,100,85,0.0,160.0,94.0
2026-05-24 19:00:00,19,60.8,100,88,0.0,73.0,95.2
2026-05-24 20:00:00,20,59.0,100,92,0.0,18.0,96.80000000000001
2026-05-24 21:00:00,21,58.459999999999994,100,94,0.2,0.0,97.6
2026-05-24 22:00:00,22,58.1,100,94,0.0,0.0,97.6
2026-05-24 23:00:00,23,57.74,100,95,0.0,0.0,98.0
2026-05-25 00:00:00,0,57.56,100,96,0.0,0.0,98.4
2026-05-25 01:00:00,1,57.379999999999995,100,96,0.0,0.0,98.4
2026-05-25 02:00:00,2,57.2,100,96,0.0,0.0,98.4
2026-05-25 03:00:00,3,57.379999999999995,100,96,0.1,0.0,98.4
2026-05-25 04:00:00,4,57.2,100,96,0.0,0.0,98.4
2026-05-25 05:00:00,5,57.379999999999995,100,97,0.0,0.0,98.80000000000001
2026-05-25 06:00:00,6,57.56,100,97,0.1,1.0,98.80000000000001
2026-05-25 07:00:00,7,58.28,100,97,0.4,9.0,98.80000000000001
2026-05-25 08:00:00,8,57.74,100,99,1.8,80.0,99.6
2026-05-25 09:00:00,9,59.9,100,97,1.0,104.0,98.80000000000001
2026-05-25 10:00:00,10,61.7,100,96,0.4,136.0,98.4
2026-05-25 11:00:00,11,64.22,100,93,0.2,249.0,97.2
2026-05-25 12:00:00,12,66.2,100,90,0.1,224.0,96.0
2026-05-25 13:00:00,13,68.18,100,87,0.3,253.0,94.80000000000001
2026-05-25 14:00:00,14,69.62,100,81,0.2,207.0,92.4
2026-05-25 15:00:00,15,70.16,100,80,0.0,235.0,92.0
2026-05-25 16:00:00,16,70.88,100,77,0.0,289.0,90.8
2026-05-25 17:00:00,17,70.34,100,78,0.0,190.0,91.2
2026-05-25 18:00:00,18,70.16,96,80,0.0,175.0,89.6
2026-05-25 19:00:00,19,70.34,99,81,0.0,189.0,91.8
2026-05-25 20:00:00,20,69.98,83,85,0.0,59.0,83.8
2026-05-25 21:00:00,21,68.18,64,88,0.0,1.0,73.6
2026-05-25 22:00:00,22,67.1,89,90,0.0,0.0,89.4
2026-05-25 23:00:00,23,66.2,87,92,0.0,0.0,89.0
2026-05-26 00:00:00,0,65.3,59,94,0.0,0.0,73.0
2026-05-26 01:00:00,1,64.4,64,95,0.0,0.0,76.4
2026-05-26 02:00:00,2,64.04,40,96,0.0,0.0,62.400000000000006
2026-05-26 03:00:00,3,63.86,52,98,0.0,0.0,70.4
2026-05-26 04:00:00,4,63.32,61,97,0.0,0.0,75.4
2026-05-26 05:00:00,5,62.78,82,91,0.0,0.0,85.6
2026-05-26 06:00:00,6,61.88,76,86,0.0,3.0,80.0
2026-05-26 07:00:00,7,62.6,92,82,0.0,80.0,88.0
2026-05-26 08:00:00,8,66.02,89,75,0.0,213.0,83.4
2026-05-26 09:00:00,9,67.64,80,71,0.0,378.0,76.4
2026-05-26 10:00:00,10,70.52,97,68,0.0,616.0,85.4
2026-05-26 11:00:00,11,73.04,81,62,0.0,756.0,73.4
2026-05-26 12:00:00,12,74.84,84,58,0.0,866.0,73.6
2026-05-26 13:00:00,13,76.46,81,52,0.0,937.0,69.4
2026-05-26 14:00:00,14,77.9,91,43,0.0,932.0,71.8
2026-05-26 15:00:00,15,78.62,55,42,0.0,854.0,49.8
2026-05-26 16:00:00,16,78.98,100,42,0.0,777.0,76.8
2026-05-26 17:00:00,17,78.62,100,43,0.0,573.0,77.2
2026-05-26 18:00:00,18,76.64,100,51,0.0,208.0,80.4
2026-05-26 19:00:00,19,73.94,100,60,0.0,115.0,84.0
2026-05-26 20:00:00,20,71.6,88,67,0.0,56.0,79.6
2026-05-26 21:00:00,21,69.98,100,72,0.0,1.0,88.8
2026-05-26 22:00:00,22,68.72,100,76,0.0,0.0,90.4
2026-05-26 23:00:00,23,68.18,100,80,0.0,0.0,92.0
2026-05-27 00:00:00,0,67.46,100,85,0.0,0.0,94.0
2026-05-27 01:00:00,1,67.1,100,88,0.0,0.0,95.2
2026-05-27 02:00:00,2,67.46,100,86,0.0,0.0,94.4
2026-05-27 03:00:00,3,66.92,100,90,0.1,0.0,96.0
2026-05-27 04:00:00,4,66.02,100,97,2.2,0.0,98.80000000000001
2026-05-27 05:00:00,5,66.2,100,98,0.6,0.0,99.2
2026-05-27 06:00:00,6,66.38,82,98,0.2,2.0,88.4
2026-05-27 07:00:00,7,67.64,100,97,0.0,62.0,98.80000000000001
2026-05-27 08:00:00,8,68.0,100,96,0.0,127.0,98.4
2026-05-27 09:00:00,9,70.16,100,93,0.0,230.0,97.2
2026-05-27 10:00:00,10,71.06,100,91,0.2,174.0,96.4
2026-05-27 11:00:00,11,72.86,100,89,0.7,268.0,95.6
2026-05-27 12:00:00,12,71.96,100,92,2.6,262.0,96.80000000000001
2026-05-27 13:00:00,13,71.78,100,95,1.4,143.0,98.0
2026-05-27 14:00:00,14,74.48,100,86,0.3,338.0,94.4
2026-05-27 15:00:00,15,75.92,100,77,0.1,414.0,90.8
2026-05-27 16:00:00,16,77.36,91,70,0.0,462.0,82.6
2026-05-27 17:00:00,17,78.62,72,66,0.0,592.0,69.6
2026-05-27 18:00:00,18,78.25999999999999,37,68,0.0,433.0,49.400000000000006
2026-05-27 19:00:00,19,77.18,46,73,0.0,247.0,56.8
2026-05-27 20:00:00,20,75.74000000000001,98,73,0.0,79.0,88.0
2026-05-27 21:00:00,21,74.3,100,76,0.0,1.0,90.4
2026-05-27 22:00:00,22,73.22,100,80,0.0,0.0,92.0
2026-05-27 23:00:00,23,73.04,100,80,0.0,0.0,92.0
2026-05-28 00:00:00,0,72.68,100,73,0.0,0.0,89.2
2026-05-28 01:00:00,1,72.14,100,69,0.0,0.0,87.6
2026-05-28 02:00:00,2,70.88,100,74,0.0,0.0,89.6
2026-05-28 03:00:00,3,70.34,88,61,0.0,0.0,77.2
2026-05-28 04:00:00,4,67.28,69,65,0.0,0.0,67.4
2026-05-28 05:00:00,5,65.66,34,67,0.0,0.0,47.2
2026-05-28 06:00:00,6,64.58,35,68,0.0,3.0,48.2
2026-05-28 07:00:00,7,65.3,50,66,0.0,74.0,56.400000000000006
2026-05-28 08:00:00,8,67.82,26,69,0.0,231.0,43.2
2026-05-28 09:00:00,9,71.06,3,53,0.0,415.0,23.000000000000004
2026-05-28 10:00:00,10,72.14,0,51,0.0,647.0,20.400000000000002
2026-05-28 11:00:00,11,73.22,58,48,0.0,805.0,54.0
2026-05-28 12:00:00,12,73.75999999999999,6,41,0.0,614.0,20.0
2026-05-28 13:00:00,13,75.74000000000001,88,35,0.0,920.0,66.8
2026-05-28 14:00:00,14,74.3,25,39,0.0,622.0,30.6
2026-05-28 15:00:00,15,74.48,42,37,0.0,722.0,40.0
2026-05-28 16:00:00,16,72.68,49,40,0.0,640.0,45.4
2026-05-28 17:00:00,17,71.96,23,42,0.0,532.0,30.6
2026-05-28 18:00:00,18,71.24000000000001,9,44,0.0,405.0,23.0
2026-05-28 19:00:00,19,69.08,13,47,0.0,259.0,26.6
2026-05-28 20:00:00,20,66.74000000000001,3,49,0.0,84.0,21.400000000000002
2026-05-28 21:00:00,21,64.75999999999999,1,52,0.0,2.0,21.400000000000002
2026-05-28 22:00:00,22,62.959999999999994,1,55,0.0,0.0,22.6
2026-05-28 23:00:00,23,61.519999999999996,0,59,0.0,0.0,23.6
2026-05-29 00:00:00,0,59.9,0,63,0.0,0.0,25.200000000000003
2026-05-29 01:00:00,1,58.82,5,65,0.0,0.0,29.0
2026-05-29 02:00:00,2,57.74,13,65,0.0,0.0,33.8
2026-05-29 03:00:00,3,56.84,65,67,0.0,0.0,65.8
2026-05-29 04:00:00,4,55.76,8,71,0.0,0.0,33.2
2026-05-29 05:00:00,5,55.22,19,72,0.0,0.0,40.2
2026-05-29 06:00:00,6,54.86,0,73,0.0,4.0,29.200000000000003
2026-05-29 07:00:00,7,56.66,0,72,0.0,100.0,28.8
2026-05-29 08:00:00,8,60.62,0,67,0.0,279.0,26.8
2026-05-29 09:00:00,9,64.58,0,58,0.0,474.0,23.200000000000003
2026-05-29 10:00:00,10,67.64,0,51,0.0,655.0,20.400000000000002
2026-05-29 11:00:00,11,69.8,0,47,0.0,805.0,18.8
2026-05-29 12:00:00,12,71.42,0,44,0.0,912.0,17.6
2026-05-29 13:00:00,13,72.68,21,42,0.0,965.0,29.4
2026-05-29 14:00:00,14,73.94,2,41,0.0,939.0,17.6
2026-05-29 15:00:00,15,74.84,2,41,0.0,889.0,17.6
2026-05-29 16:00:00,16,75.2,8,42,0.0,789.0,21.6
2026-05-29 17:00:00,17,75.02,44,42,0.0,637.0,43.2
2026-05-29 18:00:00,18,74.3,12,42,0.0,365.0,24.0
2026-05-29 19:00:00,19,73.58,1,47,0.0,243.0,19.400000000000002
2026-05-29 20:00:00,20,71.06,0,52,0.0,88.0,20.8
2026-05-29 21:00:00,21,68.9,2,54,0.0,3.0,22.8
2026-05-29 22:00:00,22,68.0,24,55,0.0,0.0,36.4
2026-05-29 23:00:00,23,67.1,22,59,0.0,0.0,36.8
2026-05-30 00:00:00,0,67.28,80,60,0.0,0.0,72.0
2026-05-30 01:00:00,1,68.54,94,56,0.0,0.0,78.8
2026-05-30 02:00:00,2,67.46,17,57,0.0,0.0,33.0
2026-05-30 03:00:00,3,66.56,0,56,0.0,0.0,22.400000000000002
2026-05-30 04:00:00,4,65.12,1,55,0.0,0.0,22.6
2026-05-30 05:00:00,5,60.8,0,50,0.0,0.0,20.0
2026-05-30 06:00:00,6,57.56,0,44,0.0,5.0,17.6
2026-05-30 07:00:00,7,55.22,12,47,0.0,107.0,26.0
2026-05-30 08:00:00,8,56.120000000000005,18,48,0.0,285.0,30.0
2026-05-30 09:00:00,9,58.459999999999994,23,50,0.0,436.0,33.8
2026-05-30 10:00:00,10,60.8,71,44,0.0,618.0,60.2
2026-05-30 11:00:00,11,62.959999999999994,100,42,0.0,726.0,76.8
2026-05-30 12:00:00,12,62.78,95,42,0.0,522.0,73.8
2026-05-30 13:00:00,13,64.58,74,39,0.0,609.0,60.0
2026-05-30 14:00:00,14,67.1,100,38,0.0,786.0,75.2
2026-05-30 15:00:00,15,66.56,13,38,0.0,561.0,23.0
2026-05-30 16:00:00,16,67.46,41,36,0.0,667.0,39.0
2026-05-30 17:00:00,17,66.56,15,38,0.0,513.0,24.200000000000003
2026-05-30 18:00:00,18,65.84,52,38,0.0,399.0,46.4
2026-05-30 19:00:00,19,64.75999999999999,4,41,0.0,201.0,18.8
2026-05-30 20:00:00,20,64.04,1,46,0.0,93.0,19.000000000000004
2026-05-30 21:00:00,21,61.34,5,58,0.0,3.0,26.200000000000003
2026-05-30 22:00:00,22,59.72,12,60,0.0,0.0,31.2
2026-05-30 23:00:00,23,56.84,16,61,0.0,0.0,34.0
2026-05-31 00:00:00,0,54.32,0,69,0.0,0.0,27.6
2026-05-31 01:00:00,1,52.52,0,76,0.0,0.0,30.400000000000002
2026-05-31 02:00:00,2,50.36,0,81,0.0,0.0,32.4
2026-05-31 03:00:00,3,50.0,0,82,0.0,0.0,32.800000000000004
2026-05-31 04:00:00,4,49.28,0,87,0.0,0.0,34.800000000000004
2026-05-31 05:00:00,5,48.74,12,88,0.0,0.0,42.400000000000006
2026-05-31 06:00:00,6,48.74,5,88,0.0,5.0,38.2
2026-05-31 07:00:00,7,50.9,2,85,0.0,104.0,35.2
2026-05-31 08:00:00,8,55.04,13,78,0.0,288.0,39.0
2026-05-31 09:00:00,9,59.72,38,64,0.0,482.0,48.400000000000006
2026-05-31 10:00:00,10,63.86,12,46,0.0,663.0,25.6
2026-05-31 11:00:00,11,66.92,42,40,0.0,820.0,41.2
2026-05-31 12:00:00,12,69.44,51,37,0.0,926.0,45.4
2026-05-31 13:00:00,13,71.42,51,35,0.0,980.0,44.599999999999994
2026-05-31 14:00:00,14,72.86,77,33,0.0,979.0,59.4
2026-05-31 15:00:00,15,73.75999999999999,89,32,0.0,870.0,66.2
2026-05-31 16:00:00,16,75.2,98,30,0.0,709.0,70.8
2026-05-31 17:00:00,17,74.84,70,31,0.0,500.0,54.4
2026-05-31 18:00:00,18,74.48,67,32,0.0,358.0,53.0
2026-05-31 19:00:00,19,72.14,16,36,0.0,244.0,24.0
2026-05-31 20:00:00,20,68.9,0,40,0.0,95.0,16.0
2026-05-31 21:00:00,21,66.74000000000001,1,46,0.0,3.0,19.000000000000004
2026-05-31 22:00:00,22,64.22,4,56,0.0,0.0,24.8
2026-05-31 23:00:00,23,62.059999999999995,20,64,0.0,0.0,37.6
2026-06-01 00:00:00,0,61.519999999999996,5,65,0.0,0.0,29.0
2026-06-01 01:00:00,1,60.980000000000004,23,60,0.0,0.0,37.8
2026-06-01 02:00:00,2,60.08,21,62,0.0,0.0,37.4
2026-06-01 03:00:00,3,59.540000000000006,56,66,0.0,0.0,60.0
2026-06-01 04:00:00,4,59.0,3,70,0.0,0.0,29.8
2026-06-01 05:00:00,5,57.56,29,77,0.0,0.0,48.2
2026-06-01 06:00:00,6,57.379999999999995,1,78,0.0,5.0,31.800000000000004
2026-06-01 07:00:00,7,59.36,1,72,0.0,101.0,29.400000000000002
2026-06-01 08:00:00,8,61.88,0,65,0.0,280.0,26.0
2026-06-01 09:00:00,9,65.66,0,61,0.0,477.0,24.400000000000002
2026-06-01 10:00:00,10,69.25999999999999,0,52,0.0,657.0,20.8
2026-06-01 11:00:00,11,71.06,23,45,0.0,810.0,31.799999999999997
2026-06-01 12:00:00,12,72.5,1,40,0.0,840.0,16.6
2026-06-01 13:00:00,13,74.3,0,34,0.0,954.0,13.600000000000001
2026-06-01 14:00:00,14,75.92,63,31,0.0,983.0,50.199999999999996
2026-06-01 15:00:00,15,76.1,77,30,0.0,891.0,58.199999999999996
2026-06-01 16:00:00,16,76.46,28,27,0.0,727.0,27.6
2026-06-01 17:00:00,17,70.34,48,46,0.0,583.0,47.2
2026-06-01 18:00:00,18,67.82,30,53,0.0,302.0,39.2
2026-06-01 19:00:00,19,65.48,16,57,0.0,256.0,32.4
2026-06-01 20:00:00,20,62.24,45,62,0.0,90.0,51.8
2026-06-01 21:00:00,21,59.36,33,67,0.0,3.0,46.6
2026-06-01 22:00:00,22,57.2,42,72,0.0,0.0,54.0
2026-06-01 23:00:00,23,56.120000000000005,17,73,0.0,0.0,39.400000000000006
2026-06-02 00:00:00,0,55.22,1,76,0.0,0.0,31.000000000000004
2026-06-02 01:00:00,1,54.5,0,78,0.0,0.0,31.200000000000003
2026-06-02 02:00:00,2,53.06,0,80,0.0,0.0,32.0
2026-06-02 03:00:00,3,52.34,0,82,0.0,0.0,32.800000000000004
2026-06-02 04:00:00,4,51.8,0,83,0.0,0.0,33.2
2026-06-02 05:00:00,5,51.08,0,86,0.0,0.0,34.4
2026-06-02 06:00:00,6,50.72,0,88,0.0,5.0,35.2
2026-06-02 07:00:00,7,52.7,0,84,0.0,107.0,33.6
2026-06-02 08:00:00,8,56.84,0,73,0.0,290.0,29.200000000000003
2026-06-02 09:00:00,9,60.62,0,63,0.0,486.0,25.200000000000003
2026-06-02 10:00:00,10,64.22,0,55,0.0,668.0,22.0
2026-06-02 11:00:00,11,67.82,0,45,0.0,819.0,18.0
2026-06-02 12:00:00,12,70.52,0,38,0.0,925.0,15.200000000000001
2026-06-02 13:00:00,13,72.5,0,32,0.0,979.0,12.8
2026-06-02 14:00:00,14,74.66,76,29,0.0,973.0,57.2
2026-06-02 15:00:00,15,75.56,86,27,0.0,763.0,62.400000000000006
2026-06-02 16:00:00,16,76.64,71,25,0.0,710.0,52.6
2026-06-02 17:00:00,17,76.28,100,24,0.0,496.0,69.6
2026-06-02 18:00:00,18,74.84,95,31,0.0,215.0,69.4
2026-06-02 19:00:00,19,73.58,100,33,0.0,207.0,73.2
2026-06-02 20:00:00,20,70.34,97,39,0.0,58.0,73.8
2026-06-02 21:00:00,21,69.08,99,43,0.0,3.0,76.6
2026-06-02 22:00:00,22,67.28,82,49,0.0,0.0,68.8
2026-06-02 23:00:00,23,65.3,59,53,0.0,0.0,56.6
2026-06-03 00:00:00,0,63.86,77,54,0.0,0.0,67.8
2026-06-03 01:00:00,1,63.14,60,51,0.0,0.0,56.400000000000006
2026-06-03 02:00:00,2,60.62,17,57,0.0,0.0,33.0
2026-06-03 03:00:00,3,60.26,7,55,0.0,0.0,26.2
2026-06-03 04:00:00,4,59.18,13,56,0.0,0.0,30.200000000000003
2026-06-03 05:00:00,5,58.459999999999994,40,58,0.0,0.0,47.2
2026-06-03 06:00:00,6,57.92,50,61,0.0,5.0,54.400000000000006
2026-06-03 07:00:00,7,60.08,72,59,0.0,101.0,66.8
2026-06-03 08:00:00,8,63.86,30,54,0.0,269.0,39.6
2026-06-03 09:00:00,9,68.72,3,48,0.0,477.0,21.000000000000004
2026-06-03 10:00:00,10,73.22,2,38,0.0,659.0,16.400000000000002
2026-06-03 11:00:00,11,76.46,9,31,0.0,810.0,17.8
2026-06-03 12:00:00,12,78.62,0,25,0.0,916.0,10.0
2026-06-03 13:00:00,13,80.06,0,22,0.0,970.0,8.8
2026-06-03 14:00:00,14,81.14,0,22,0.0,970.0,8.8
2026-06-03 15:00:00,15,81.5,0,22,0.0,911.0,8.8
2026-06-03 16:00:00,16,81.86,0,22,0.0,802.0,8.8
2026-06-03 17:00:00,17,82.04,0,22,0.0,649.0,8.8
2026-06-03 18:00:00,18,82.22,0,22,0.0,468.0,8.8
2026-06-03 19:00:00,19,80.96,0,28,0.0,275.0,11.200000000000001
2026-06-03 20:00:00,20,77.36,0,48,0.0,99.0,19.200000000000003
2026-06-03 21:00:00,21,74.3,0,37,0.0,4.0,14.8
2026-06-03 22:00:00,22,69.08,0,43,0.0,0.0,17.2
2026-06-03 23:00:00,23,67.28,0,45,0.0,0.0,18.0
2026-06-04 00:00:00,0,65.66,0,44,0.0,0.0,17.6
2026-06-04 01:00:00,1,63.68,1,48,0.0,0.0,19.800000000000004
2026-06-04 02:00:00,2,60.980000000000004,0,59,0.0,0.0,23.6
2026-06-04 03:00:00,3,60.440000000000005,4,62,0.0,0.0,27.2
2026-06-04 04:00:00,4,59.9,1,63,0.0,0.0,25.800000000000004
2026-06-04 05:00:00,5,59.0,2,66,0.0,0.0,27.6
2026-06-04 06:00:00,6,58.64,1,70,0.0,5.0,28.6
2026-06-04 07:00:00,7,61.34,0,67,0.0,106.0,26.8
2026-06-04 08:00:00,8,64.94,0,60,0.0,285.0,24.0
2026-06-04 09:00:00,9,70.52,0,54,0.0,478.0,21.6
2026-06-04 10:00:00,10,76.46,0,46,0.0,657.0,18.400000000000002
2026-06-04 11:00:00,11,80.78,0,35,0.0,806.0,14.0
2026-06-04 12:00:00,12,83.48,0,29,0.0,912.0,11.600000000000001
2026-06-04 13:00:00,13,84.91999999999999,82,27,0.0,966.0,60.0
2026-06-04 14:00:00,14,86.0,80,26,0.0,963.0,58.4
2026-06-04 15:00:00,15,86.72,100,25,0.0,901.0,70.0
2026-06-04 16:00:00,16,86.9,99,25,0.0,761.0,69.4
2026-06-04 17:00:00,17,86.53999999999999,90,25,0.0,592.0,64.0
2026-06-04 18:00:00,18,86.0,46,27,0.0,447.0,38.4
2026-06-04 19:00:00,19,84.74,45,29,0.0,270.0,38.6
2026-06-04 20:00:00,20,82.4,1,32,0.0,100.0,13.4
2026-06-04 21:00:00,21,79.16,11,36,0.0,4.0,21.0
2026-06-04 22:00:00,22,77.9,1,37,0.0,0.0,15.4
2026-06-04 23:00:00,23,75.02,7,42,0.0,0.0,21.0
2026-06-05 00:00:00,0,72.14,12,50,0.0,0.0,27.2
2026-06-05 01:00:00,1,70.7,18,55,0.0,0.0,32.8
2026-06-05 02:00:00,2,68.54,4,60,0.0,0.0,26.4
2026-06-05 03:00:00,3,67.28,22,65,0.0,0.0,39.2
2026-06-05 04:00:00,4,66.74000000000001,34,66,0.0,0.0,46.8
2026-06-05 05:00:00,5,65.3,15,69,0.0,0.0,36.6
2026-06-05 06:00:00,6,64.04,32,73,0.0,6.0,48.400000000000006
2026-06-05 07:00:00,7,66.74000000000001,14,67,0.0,104.0,35.2
2026-06-05 08:00:00,8,69.98,29,61,0.0,284.0,41.8
2026-06-05 09:00:00,9,75.92,82,49,0.0,473.0,68.8
2026-06-05 10:00:00,10,80.78,95,40,0.0,619.0,73.0
2026-06-05 11:00:00,11,84.91999999999999,95,32,0.0,771.0,69.8
2026-06-05 12:00:00,12,86.9,85,27,0.0,841.0,61.8
2026-06-05 13:00:00,13,88.52,74,25,0.0,931.0,54.4
2026-06-05 14:00:00,14,90.14,14,23,0.0,965.0,17.6
2026-06-05 15:00:00,15,90.86,16,22,0.0,913.0,18.4
2026-06-05 16:00:00,16,90.86,25,23,0.0,804.0,24.200000000000003
2026-06-05 17:00:00,17,90.14,67,24,0.0,654.0,49.8
2026-06-05 18:00:00,18,88.88000000000001,62,26,0.0,466.0,47.599999999999994
2026-06-05 19:00:00,19,87.61999999999999,31,29,0.0,274.0,30.2
2026-06-05 20:00:00,20,85.82,5,35,0.0,100.0,17.0
2026-06-05 21:00:00,21,82.94,20,39,0.0,5.0,27.6
2026-06-05 22:00:00,22,80.78,46,43,0.0,0.0,44.8
2026-06-05 23:00:00,23,77.9,23,48,0.0,0.0,33.0
2026-06-06 00:00:00,0,75.56,3,53,0.0,0.0,23.000000000000004
2026-06-06 01:00:00,1,73.75999999999999,3,59,0.0,0.0,25.400000000000002
2026-06-06 02:00:00,2,71.6,24,66,0.0,0.0,40.8
2026-06-06 03:00:00,3,70.88,43,68,0.0,0.0,53.0
2026-06-06 04:00:00,4,70.52,0,70,0.0,0.0,28.0
2026-06-06 05:00:00,5,69.98,3,72,0.0,0.0,30.6
2026-06-06 06:00:00,6,69.44,1,73,0.0,5.0,29.800000000000004
2026-06-06 07:00:00,7,71.24000000000001,45,70,0.0,102.0,55.0
2026-06-06 08:00:00,8,74.48,13,64,0.0,275.0,33.4
2026-06-06 09:00:00,9,79.34,39,55,0.0,461.0,45.4
2026-06-06 10:00:00,10,83.66,84,46,0.0,629.0,68.8
2026-06-06 11:00:00,11,86.72,97,40,0.0,736.0,74.19999999999999
2026-06-06 12:00:00,12,88.7,96,37,0.0,845.0,72.39999999999999
2026-06-06 13:00:00,13,89.96000000000001,93,34,0.0,823.0,69.4
2026-06-06 14:00:00,14,89.41999999999999,91,36,0.0,750.0,69.0
2026-06-06 15:00:00,15,90.14,24,34,0.0,814.0,28.0
2026-06-06 16:00:00,16,90.5,88,34,0.0,767.0,66.4
2026-06-06 17:00:00,17,87.44,84,41,0.5,522.0,66.8
2026-06-06 18:00:00,18,87.26,80,43,0.0,386.0,65.2
2026-06-06 19:00:00,19,74.12,100,78,1.8,198.0,91.2
2026-06-06 20:00:00,20,71.24000000000001,100,89,2.2,15.0,95.6
2026-06-06 21:00:00,21,71.24000000000001,100,91,1.0,1.0,96.4
2026-06-06 22:00:00,22,71.42,34,85,0.0,0.0,54.4
2026-06-06 23:00:00,23,70.34,1,85,0.0,0.0,34.6
2026-06-07 00:00:00,0,69.44,1,87,0.0,0.0,35.400000000000006
2026-06-07 01:00:00,1,69.08,2,86,0.0,0.0,35.6
2026-06-07 02:00:00,2,68.54,17,90,0.0,0.0,46.2
2026-06-07 03:00:00,3,68.0,1,89,0.0,0.0,36.2
2026-06-07 04:00:00,4,67.64,20,90,0.0,0.0,48.0
2026-06-07 05:00:00,5,67.1,1,92,0.0,0.0,37.400000000000006
2026-06-07 06:00:00,6,66.74000000000001,1,94,0.0,5.0,38.2
2026-06-07 07:00:00,7,68.54,3,90,0.0,100.0,37.8
2026-06-07 08:00:00,8,73.4,16,81,0.0,269.0,42.0
2026-06-07 09:00:00,9,77.0,6,71,0.1,419.0,32.0
2026-06-07 10:00:00,10,79.88,20,60,0.0,605.0,36.0
2026-06-07 11:00:00,11,81.68,27,52,0.0,707.0,37.0
2026-06-07 12:00:00,12,83.12,15,43,0.0,820.0,26.2
2026-06-07 13:00:00,13,84.02,10,40,0.0,893.0,22.0
2026-06-07 14:00:00,14,84.74,23,35,0.0,860.0,27.799999999999997
2026-06-07 15:00:00,15,84.38000000000001,45,33,0.0,756.0,40.2
2026-06-07 16:00:00,16,84.2,51,33,0.0,705.0,43.8
2026-06-07 17:00:00,17,83.84,27,35,0.0,586.0,30.2
2026-06-07 18:00:00,18,82.22,15,38,0.0,417.0,24.200000000000003
2026-06-07 19:00:00,19,81.14,3,42,0.0,258.0,18.6
2026-06-07 20:00:00,20,79.52,32,45,0.0,97.0,37.2
2026-06-07 21:00:00,21,77.18,2,49,0.0,5.0,20.8
2026-06-07 22:00:00,22,74.84,0,54,0.0,0.0,21.6
2026-06-07 23:00:00,23,72.68,0,58,0.0,0.0,23.200000000000003
2026-06-08 00:00:00,0,70.52,0,63,0.0,0.0,25.200000000000003
2026-06-08 01:00:00,1,69.08,0,66,0.0,0.0,26.400000000000002
2026-06-08 02:00:00,2,68.0,0,69,0.0,0.0,27.6
2026-06-08 03:00:00,3,67.46,0,71,0.0,0.0,28.400000000000002
2026-06-08 04:00:00,4,66.74000000000001,0,74,0.0,0.0,29.6
2026-06-08 05:00:00,5,65.84,52,76,0.0,0.0,61.6
2026-06-08 06:00:00,6,65.48,100,72,0.0,4.0,88.8
2026-06-08 07:00:00,7,64.94,84,71,0.0,43.0,78.8
2026-06-08 08:00:00,8,63.86,100,75,0.0,154.0,90.0
2026-06-08 09:00:00,9,64.94,100,71,0.0,180.0,88.4
2026-06-08 10:00:00,10,66.92,70,65,0.0,351.0,68.0
2026-06-08 11:00:00,11,70.16,38,59,0.0,644.0,46.400000000000006
2026-06-08 12:00:00,12,73.58,99,50,0.0,834.0,79.4
2026-06-08 13:00:00,13,74.48,91,48,0.0,610.0,73.80000000000001
2026-06-08 14:00:00,14,74.12,99,50,0.0,719.0,79.4
2026-06-08 15:00:00,15,76.28,75,45,0.0,632.0,63.0
2026-06-08 16:00:00,16,76.28,34,43,0.0,604.0,37.599999999999994
2026-06-08 17:00:00,17,76.28,41,39,0.0,630.0,40.2
2026-06-08 18:00:00,18,75.56,21,36,0.0,425.0,27.0
2026-06-08 19:00:00,19,73.4,3,35,0.0,218.0,15.8
2026-06-08 20:00:00,20,69.62,0,41,0.0,97.0,16.400000000000002
2026-06-08 21:00:00,21,66.2,0,46,0.0,6.0,18.400000000000002
2026-06-08 22:00:00,22,63.86,13,50,0.0,0.0,27.8
2026-06-08 23:00:00,23,62.059999999999995,18,54,0.0,0.0,32.4
2026-06-09 00:00:00,0,60.62,0,58,0.0,0.0,23.200000000000003
2026-06-09 01:00:00,1,59.540000000000006,0,62,0.0,0.0,24.8
2026-06-09 02:00:00,2,57.92,14,68,0.0,0.0,35.6
2026-06-09 03:00:00,3,57.02,36,69,0.0,0.0,49.2
2026-06-09 04:00:00,4,56.3,13,71,0.0,0.0,36.2
2026-06-09 05:00:00,5,55.58,31,73,0.0,0.0,47.8
2026-06-09 06:00:00,6,55.22,38,79,0.0,6.0,54.400000000000006
2026-06-09 07:00:00,7,57.56,27,76,0.0,110.0,46.6
2026-06-09 08:00:00,8,60.8,38,73,0.0,292.0,52.0
2026-06-09 09:00:00,9,65.3,69,61,0.0,480.0,65.8
2026-06-09 10:00:00,10,69.25999999999999,38,45,0.0,658.0,40.8
2026-06-09 11:00:00,11,72.68,1,36,0.0,813.0,15.0
2026-06-09 12:00:00,12,75.92,6,32,0.0,922.0,16.4
2026-06-09 13:00:00,13,78.25999999999999,13,33,0.0,977.0,21.0
2026-06-09 14:00:00,14,79.16,36,36,0.0,970.0,36.0
2026-06-09 15:00:00,15,80.42,46,37,0.0,904.0,42.4
2026-06-09 16:00:00,16,81.32,51,38,0.0,781.0,45.8
2026-06-09 17:00:00,17,81.32,95,37,0.0,618.0,71.8
2026-06-09 18:00:00,18,79.88,100,38,0.0,370.0,75.2
2026-06-09 19:00:00,19,77.9,98,43,0.0,203.0,76.0
2026-06-09 20:00:00,20,75.56,67,48,0.0,84.0,59.4
2026-06-09 21:00:00,21,73.4,51,53,0.0,5.0,51.8
2026-06-09 22:00:00,22,71.42,62,60,0.0,0.0,61.199999999999996
2026-06-09 23:00:00,23,69.44,93,67,0.0,0.0,82.6
2026-06-10 00:00:00,0,68.54,96,72,0.0,0.0,86.39999999999999
2026-06-10 01:00:00,1,68.54,100,73,0.0,0.0,89.2
2026-06-10 02:00:00,2,68.9,98,71,0.0,0.0,87.2
2026-06-10 03:00:00,3,68.9,99,70,0.1,0.0,87.4
2026-06-10 04:00:00,4,68.54,100,72,0.0,0.0,88.8
2026-06-10 05:00:00,5,68.18,100,77,0.0,0.0,90.8
2026-06-10 06:00:00,6,67.64,100,80,0.0,4.0,92.0
2026-06-10 07:00:00,7,68.0,100,82,0.0,26.0,92.80000000000001
2026-06-10 08:00:00,8,71.24000000000001,100,75,0.1,125.0,90.0
2026-06-10 09:00:00,9,74.66,96,72,0.0,405.0,86.39999999999999
2026-06-10 10:00:00,10,79.34,86,65,0.0,568.0,77.6
2026-06-10 11:00:00,11,80.96,96,63,0.0,659.0,82.8
2026-06-10 12:00:00,12,82.22,100,60,0.0,619.0,84.0
2026-06-10 13:00:00,13,82.75999999999999,100,61,0.0,541.0,84.4
2026-06-10 14:00:00,14,84.74,59,57,0.0,582.0,58.2
2026-06-10 15:00:00,15,87.26,47,53,0.0,770.0,49.400000000000006
2026-06-10 16:00:00,16,88.88000000000001,86,51,0.0,722.0,72.0
2026-06-10 17:00:00,17,84.74,100,59,0.6,560.0,83.6
2026-06-10 18:00:00,18,81.32,100,70,0.8,255.0,88.0
2026-06-10 19:00:00,19,77.54,99,82,0.4,61.0,92.2
2026-06-10 20:00:00,20,74.48,100,96,0.2,42.0,98.4
2026-06-10 21:00:00,21,74.48,98,95,0.0,3.0,96.8
2026-06-10 22:00:00,22,74.12,27,95,0.0,0.0,54.2
2026-06-10 23:00:00,23,73.22,4,96,0.0,0.0,40.800000000000004
2026-06-11 00:00:00,0,72.32,7,97,0.0,0.0,43.00000000000001
2026-06-11 01:00:00,1,71.78,21,98,0.0,0.0,51.800000000000004
2026-06-11 02:00:00,2,72.86,69,98,1.2,0.0,80.6
2026-06-11 03:00:00,3,72.86,71,98,0.0,0.0,81.80000000000001
2026-06-11 04:00:00,4,72.5,98,97,0.0,0.0,97.6
2026-06-11 05:00:00,5,72.14,95,97,0.0,0.0,95.80000000000001
2026-06-11 06:00:00,6,71.96,55,97,0.0,5.0,71.80000000000001
2026-06-11 07:00:00,7,73.58,34,95,0.0,94.0,58.4
2026-06-11 08:00:00,8,77.72,97,86,0.0,266.0,92.6
2026-06-11 09:00:00,9,81.68,89,77,0.0,396.0,84.2
2026-06-11 10:00:00,10,84.02,98,70,0.0,467.0,86.8
2026-06-11 11:00:00,11,86.18,83,65,0.0,593.0,75.8
2026-06-11 12:00:00,12,88.7,69,58,0.0,844.0,64.6
2026-06-11 13:00:00,13,90.32,84,55,0.0,900.0,72.4
2026-06-11 14:00:00,14,92.11999999999999,91,51,0.0,853.0,75.0
2026-06-11 15:00:00,15,86.0,98,60,0.4,845.0,82.8
2026-06-11 16:00:00,16,80.78,98,82,3.4,520.0,91.6
2026-06-11 17:00:00,17,83.84,77,74,0.0,373.0,75.8
2026-06-11 18:00:00,18,85.28,94,70,0.0,409.0,84.4
2026-06-11 19:00:00,19,84.56,74,74,0.0,177.0,74.0
2026-06-11 20:00:00,20,86.53999999999999,48,70,0.0,65.0,56.8
2026-06-11 21:00:00,21,85.64,38,69,0.0,6.0,50.400000000000006
2026-06-11 22:00:00,22,84.74,90,62,0.0,0.0,78.8
2026-06-11 23:00:00,23,80.78,91,70,0.0,0.0,82.6
2026-06-12 00:00:00,0,78.08,97,77,0.0,0.0,89.0
2026-06-12 01:00:00,1,76.64,99,81,0.0,0.0,91.8
2026-06-12 02:00:00,2,76.82,95,76,0.0,0.0,87.4
2026-06-12 03:00:00,3,76.28,89,78,0.0,0.0,84.6
2026-06-12 04:00:00,4,75.56,8,81,0.0,0.0,37.199999999999996
2026-06-12 05:00:00,5,75.02,12,82,0.0,0.0,40.0
2026-06-12 06:00:00,6,74.66,60,84,0.0,6.0,69.6
2026-06-12 07:00:00,7,76.1,29,81,0.0,93.0,49.8
2026-06-12 08:00:00,8,78.62,18,74,0.0,262.0,40.4
2026-06-12 09:00:00,9,81.5,2,70,0.0,438.0,29.2
2026-06-12 10:00:00,10,85.1,36,64,0.0,625.0,47.2
2026-06-12 11:00:00,11,87.8,19,60,0.0,765.0,35.4
2026-06-12 12:00:00,12,89.06,34,58,0.0,776.0,43.6
2026-06-12 13:00:00,13,91.22,100,55,0.1,883.0,82.0
2026-06-12 14:00:00,14,92.48,100,53,0.1,566.0,81.2
2026-06-12 15:00:00,15,92.84,80,49,0.0,547.0,67.6
2026-06-12 16:00:00,16,96.26,91,40,0.0,644.0,70.6
2026-06-12 17:00:00,17,82.22,90,71,4.7,514.0,82.4
2026-06-12 18:00:00,18,85.46000000000001,57,64,0.1,297.0,59.8
2026-06-12 19:00:00,19,85.46000000000001,48,67,0.0,235.0,55.599999999999994
2026-06-12 20:00:00,20,87.08000000000001,94,54,0.0,92.0,78.0
2026-06-12 21:00:00,21,85.64,59,54,0.1,5.0,57.0
2026-06-12 22:00:00,22,82.94,88,62,0.0,0.0,77.6
2026-06-12 23:00:00,23,81.68,97,64,0.0,0.0,83.8
2026-06-13 00:00:00,0,80.6,100,64,0.0,0.0,85.6
2026-06-13 01:00:00,1,79.52,98,56,0.0,0.0,81.2
2026-06-13 02:00:00,2,78.8,100,57,0.0,0.0,82.8
2026-06-13 03:00:00,3,77.36,100,60,0.0,0.0,84.0
2026-06-13 04:00:00,4,75.92,0,62,0.0,0.0,24.8
2026-06-13 05:00:00,5,73.22,0,67,0.0,0.0,26.8
2026-06-13 06:00:00,6,71.6,0,68,0.0,6.0,27.200000000000003
2026-06-13 07:00:00,7,72.32,0,63,0.0,109.0,25.200000000000003
2026-06-13 08:00:00,8,74.84,0,58,0.0,287.0,23.200000000000003
2026-06-13 09:00:00,9,77.18,0,51,0.0,480.0,20.400000000000002
2026-06-13 10:00:00,10,79.34,0,46,0.0,658.0,18.400000000000002
2026-06-13 11:00:00,11,81.68,0,42,0.0,806.0,16.8
2026-06-13 12:00:00,12,83.66,0,39,0.0,913.0,15.600000000000001
2026-06-13 13:00:00,13,85.82,0,35,0.0,968.0,14.0
2026-06-13 14:00:00,14,87.26,0,33,0.0,969.0,13.200000000000001
2026-06-13 15:00:00,15,87.44,0,32,0.0,910.0,12.8
2026-06-13 16:00:00,16,87.8,1,31,0.0,802.0,13.0
2026-06-13 17:00:00,17,87.44,6,32,0.0,645.0,16.4
2026-06-13 18:00:00,18,86.36,24,34,0.0,457.0,28.0
2026-06-13 19:00:00,19,85.1,83,34,0.0,280.0,63.4
2026-06-13 20:00:00,20,84.38000000000001,55,37,0.0,97.0,47.8
2026-06-13 21:00:00,21,82.04,91,40,0.0,7.0,70.6
2026-06-13 22:00:00,22,81.32,95,41,0.0,0.0,73.4
2026-06-13 23:00:00,23,79.7,77,45,0.0,0.0,64.19999999999999
2026-06-14 00:00:00,0,77.9,73,50,0.0,0.0,63.8
2026-06-14 01:00:00,1,76.46,84,52,0.0,0.0,71.2
2026-06-14 02:00:00,2,74.48,62,61,0.0,0.0,61.599999999999994
2026-06-14 03:00:00,3,73.4,88,66,0.0,0.0,79.2
2026-06-14 04:00:00,4,72.68,100,69,0.0,0.0,87.6
2026-06-14 05:00:00,5,71.6,97,74,0.0,0.0,87.8
2026-06-14 06:00:00,6,70.88,84,78,0.0,5.0,81.6
2026-06-14 07:00:00,7,71.96,75,77,0.0,95.0,75.8
2026-06-14 08:00:00,8,74.12,62,69,0.0,270.0,64.8
2026-06-14 09:00:00,9,77.9,2,64,0.0,461.0,26.8
2026-06-14 10:00:00,10,82.04,43,56,0.0,643.0,48.2
2026-06-14 11:00:00,11,85.64,69,44,0.0,784.0,59.0
2026-06-14 12:00:00,12,86.72,77,43,0.0,831.0,63.39999999999999
2026-06-14 13:00:00,13,88.34,93,42,0.0,934.0,72.6
2026-06-14 14:00:00,14,88.88000000000001,98,41,0.0,904.0,75.2
2026-06-14 15:00:00,15,87.26,93,43,0.1,490.0,73.0
2026-06-14 16:00:00,16,89.41999999999999,90,38,0.0,759.0,69.2
2026-06-14 17:00:00,17,87.98,86,37,0.0,413.0,66.4
2026-06-14 18:00:00,18,87.08000000000001,97,40,0.0,435.0,74.19999999999999
2026-06-14 19:00:00,19,83.48,97,46,0.0,122.0,76.6
2026-06-14 20:00:00,20,81.86,98,51,0.0,53.0,79.2
2026-06-14 21:00:00,21,79.52,100,56,0.0,3.0,82.4
2026-06-14 22:00:00,22,71.96,100,93,2.9,0.0,97.2
2026-06-14 23:00:00,23,71.6,100,96,4.1,0.0,98.4
2026-06-15 00:00:00,0,71.78,100,96,5.2,0.0,98.4
2026-06-15 01:00:00,1,71.78,100,96,2.8,0.0,98.4
2026-06-15 02:00:00,2,71.42,95,95,0.6,0.0,95.0
2026-06-15 03:00:00,3,71.78,45,95,0.5,0.0,65.0
2026-06-15 04:00:00,4,70.7,93,91,0.0,0.0,92.19999999999999
2026-06-15 05:00:00,5,68.9,7,84,0.0,0.0,37.800000000000004
2026-06-15 06:00:00,6,66.2,1,81,0.0,6.0,33.0
2026-06-15 07:00:00,7,66.2,1,79,0.0,102.0,32.2
2026-06-15 08:00:00,8,68.18,1,68,0.0,279.0,27.800000000000004
2026-06-15 09:00:00,9,69.8,1,60,0.0,473.0,24.6
2026-06-15 10:00:00,10,71.24000000000001,0,52,0.0,657.0,20.8
2026-06-15 11:00:00,11,73.04,1,46,0.0,813.0,19.000000000000004
2026-06-15 12:00:00,12,73.94,23,45,0.0,921.0,31.799999999999997
2026-06-15 13:00:00,13,75.38,38,42,0.0,905.0,39.6
2026-06-15 14:00:00,14,75.2,96,41,0.0,839.0,74.0
2026-06-15 15:00:00,15,75.56,66,39,0.0,622.0,55.2
2026-06-15 16:00:00,16,76.64,59,37,0.0,660.0,50.2
2026-06-15 17:00:00,17,75.74000000000001,61,37,0.0,484.0,51.400000000000006
2026-06-15 18:00:00,18,75.2,82,37,0.0,315.0,64.0
2026-06-15 19:00:00,19,74.48,2,38,0.0,160.0,16.400000000000002
2026-06-15 20:00:00,20,72.86,1,44,0.0,106.0,18.200000000000003
2026-06-15 21:00:00,21,70.52,25,51,0.0,8.0,35.400000000000006
2026-06-15 22:00:00,22,69.25999999999999,28,55,0.0,0.0,38.8
2026-06-15 23:00:00,23,67.64,18,61,0.0,0.0,35.2
2026-06-16 00:00:00,0,65.84,16,65,0.0,0.0,35.6
2026-06-16 01:00:00,1,64.4,0,66,0.0,0.0,26.400000000000002
2026-06-16 02:00:00,2,62.6,0,67,0.0,0.0,26.8
2026-06-16 03:00:00,3,61.519999999999996,1,66,0.0,0.0,27.000000000000004
2026-06-16 04:00:00,4,60.08,0,71,0.0,0.0,28.400000000000002
2026-06-16 05:00:00,5,59.0,0,75,0.0,0.0,30.0
2026-06-16 06:00:00,6,58.28,0,76,0.0,6.0,30.400000000000002
2026-06-16 07:00:00,7,59.9,0,70,0.0,111.0,28.0
2026-06-16 08:00:00,8,63.14,0,60,0.0,294.0,24.0
2026-06-16 09:00:00,9,66.38,0,45,0.0,486.0,18.0
2026-06-16 10:00:00,10,68.9,0,39,0.0,668.0,15.600000000000001
2026-06-16 11:00:00,11,71.06,0,35,0.0,819.0,14.0
2026-06-16 12:00:00,12,73.04,0,33,0.0,927.0,13.200000000000001
2026-06-16 13:00:00,13,75.02,0,31,0.0,986.0,12.4
2026-06-16 14:00:00,14,75.56,2,32,0.0,987.0,14.0
2026-06-16 15:00:00,15,77.18,8,31,0.0,925.0,17.2
2026-06-16 16:00:00,16,77.9,30,31,0.0,813.0,30.4
2026-06-16 17:00:00,17,78.25999999999999,56,31,0.0,656.0,46.0
2026-06-16 18:00:00,18,78.44,50,29,0.0,436.0,41.6
2026-06-16 19:00:00,19,77.18,9,29,0.0,251.0,17.0
2026-06-16 20:00:00,20,73.94,16,38,0.0,108.0,24.8
2026-06-16 21:00:00,21,72.68,9,40,0.0,7.0,21.4
2026-06-16 22:00:00,22,70.7,47,50,0.0,0.0,48.2
2026-06-16 23:00:00,23,67.28,80,67,0.0,0.0,74.8
2026-06-17 00:00:00,0,65.48,89,73,0.0,0.0,82.6
2026-06-17 01:00:00,1,65.12,76,74,0.0,0.0,75.2
2026-06-17 02:00:00,2,64.4,94,78,0.0,0.0,87.6
2026-06-17 03:00:00,3,64.4,69,78,0.0,0.0,72.6
2026-06-17 04:00:00,4,63.68,84,80,0.0,0.0,82.4
2026-06-17 05:00:00,5,63.14,76,82,0.0,0.0,78.4
2026-06-17 06:00:00,6,62.78,90,84,0.0,5.0,87.6
2026-06-17 07:00:00,7,64.58,40,79,0.0,94.0,55.6
2026-06-17 08:00:00,8,67.1,62,74,0.0,265.0,66.8
2026-06-17 09:00:00,9,69.8,56,70,0.0,312.0,61.6
2026-06-17 10:00:00,10,73.94,41,59,0.2,548.0,48.2
2026-06-17 11:00:00,11,77.36,43,50,0.1,681.0,45.8
2026-06-17 12:00:00,12,79.34,27,47,0.0,649.0,35.0
2026-06-17 13:00:00,13,81.68,27,41,0.0,883.0,32.6
2026-06-17 14:00:00,14,80.24000000000001,54,46,0.0,820.0,50.8
2026-06-17 15:00:00,15,80.96,53,42,0.3,684.0,48.599999999999994
2026-06-17 16:00:00,16,81.5,63,41,0.1,721.0,54.2
2026-06-17 17:00:00,17,78.8,22,49,0.5,464.0,32.8
2026-06-17 18:00:00,18,80.6,30,46,0.0,419.0,36.400000000000006
2026-06-17 19:00:00,19,79.34,38,49,0.0,260.0,42.400000000000006
2026-06-17 20:00:00,20,78.08,45,59,0.0,102.0,50.6
2026-06-17 21:00:00,21,75.02,10,66,0.0,6.0,32.400000000000006
2026-06-17 22:00:00,22,73.94,41,74,0.0,0.0,54.2
2026-06-17 23:00:00,23,73.22,68,79,0.0,0.0,72.4
2026-06-18 00:00:00,0,72.68,95,81,0.0,0.0,89.4
2026-06-18 01:00:00,1,71.78,100,83,0.0,0.0,93.2
2026-06-18 02:00:00,2,71.96,100,87,0.0,0.0,94.80000000000001
2026-06-18 03:00:00,3,72.5,100,85,0.0,0.0,94.0
2026-06-18 04:00:00,4,72.86,100,84,0.1,0.0,93.6
2026-06-18 05:00:00,5,73.22,100,82,0.0,0.0,92.80000000000001
2026-06-18 06:00:00,6,73.75999999999999,100,82,0.0,2.0,92.80000000000001
2026-06-18 07:00:00,7,75.02,100,79,0.0,26.0,91.6
2026-06-18 08:00:00,8,77.0,100,76,0.0,58.0,90.4
2026-06-18 09:00:00,9,78.25999999999999,100,73,0.2,134.0,89.2
2026-06-18 10:00:00,10,76.1,100,80,1.2,198.0,92.0
2026-06-18 11:00:00,11,78.62,100,73,0.7,436.0,89.2
2026-06-18 12:00:00,12,77.54,100,74,0.8,303.0,89.6
2026-06-18 13:00:00,13,82.04,99,63,0.0,677.0,84.6
2026-06-18 14:00:00,14,85.82,29,55,0.0,653.0,39.4
2026-06-18 15:00:00,15,88.34,29,47,0.0,887.0,36.2
2026-06-18 16:00:00,16,88.16,61,46,0.0,726.0,55.0
2026-06-18 17:00:00,17,87.98,55,45,0.0,603.0,51.0
2026-06-18 18:00:00,18,86.18,33,47,0.0,425.0,38.6
2026-06-18 19:00:00,19,84.2,15,46,0.0,273.0,27.400000000000002
2026-06-18 20:00:00,20,83.48,31,41,0.0,110.0,35.0
2026-06-18 21:00:00,21,82.22,15,40,0.0,8.0,25.0
2026-06-18 22:00:00,22,81.32,53,40,0.0,0.0,47.8
2026-06-18 23:00:00,23,80.6,51,43,0.0,0.0,47.8
2026-06-19 00:00:00,0,79.34,41,46,0.0,0.0,43.0
2026-06-19 01:00:00,1,78.44,70,49,0.0,0.0,61.6
2026-06-19 02:00:00,2,78.62,99,49,0.0,0.0,79.0
2026-06-19 03:00:00,3,77.9,96,52,0.0,0.0,78.39999999999999
2026-06-19 04:00:00,4,76.28,97,54,0.0,0.0,79.8
2026-06-19 05:00:00,5,74.48,100,53,0.0,0.0,81.2
2026-06-19 06:00:00,6,73.04,99,52,0.0,3.0,80.2
2026-06-19 07:00:00,7,72.68,100,50,0.0,52.0,80.0
2026-06-19 08:00:00,8,73.04,100,47,0.0,146.0,78.8
2026-06-19 09:00:00,9,73.22,100,46,0.0,229.0,78.4
2026-06-19 10:00:00,10,74.84,100,43,0.0,406.0,77.2
2026-06-19 11:00:00,11,76.82,100,39,0.0,584.0,75.6
2026-06-19 12:00:00,12,78.8,99,35,0.0,737.0,73.4
2026-06-19 13:00:00,13,80.42,85,34,0.0,796.0,64.6
2026-06-19 14:00:00,14,82.22,97,33,0.0,894.0,71.39999999999999
2026-06-19 15:00:00,15,80.6,91,35,0.0,573.0,68.6
2026-06-19 16:00:00,16,81.68,36,33,0.0,582.0,34.8
2026-06-19 17:00:00,17,82.4,37,31,0.0,571.0,34.6
2026-06-19 18:00:00,18,80.96,3,32,0.0,374.0,14.600000000000001
2026-06-19 19:00:00,19,80.06,4,32,0.0,261.0,15.200000000000001
2026-06-19 20:00:00,20,79.52,54,33,0.0,110.0,45.6
2026-06-19 21:00:00,21,77.0,16,38,0.0,7.0,24.8
2026-06-19 22:00:00,22,75.02,3,43,0.0,0.0,19.0
2026-06-19 23:00:00,23,73.4,1,46,0.0,0.0,19.000000000000004
2026-06-20 00:00:00,0,72.14,0,47,0.0,0.0,18.8
2026-06-20 01:00:00,1,70.88,0,47,0.0,0.0,18.8
2026-06-20 02:00:00,2,69.44,0,51,0.0,0.0,20.400000000000002
2026-06-20 03:00:00,3,68.9,0,52,0.0,0.0,20.8
2026-06-20 04:00:00,4,68.36,0,51,0.0,0.0,20.400000000000002
2026-06-20 05:00:00,5,67.82,0,51,0.0,0.0,20.400000000000002
2026-06-20 06:00:00,6,67.1,30,53,0.0,6.0,39.2
2026-06-20 07:00:00,7,68.18,1,52,0.0,104.0,21.400000000000002
2026-06-20 08:00:00,8,70.88,26,48,0.0,281.0,34.800000000000004
2026-06-20 09:00:00,9,73.58,3,42,0.0,470.0,18.6
2026-06-20 10:00:00,10,75.56,5,39,0.0,649.0,18.6
2026-06-20 11:00:00,11,77.72,2,35,0.0,802.0,15.2
2026-06-20 12:00:00,12,79.7,5,32,0.0,912.0,15.8
2026-06-20 13:00:00,13,81.5,3,31,0.0,965.0,14.2
2026-06-20 14:00:00,14,82.4,25,30,0.0,958.0,27.0
2026-06-20 15:00:00,15,81.68,21,30,0.0,741.0,24.6
2026-06-20 16:00:00,16,82.58,26,28,0.0,731.0,26.8
2026-06-20 17:00:00,17,82.04,6,28,0.0,553.0,14.8
2026-06-20 18:00:00,18,82.4,24,27,0.0,467.0,25.2
2026-06-20 19:00:00,19,81.14,23,27,0.0,275.0,24.6
2026-06-20 20:00:00,20,76.1,23,42,0.0,108.0,30.6
2026-06-20 21:00:00,21,74.3,2,47,0.0,8.0,20.0
2026-06-20 22:00:00,22,72.86,4,53,0.0,0.0,23.6
2026-06-20 23:00:00,23,71.96,3,56,0.0,0.0,24.200000000000003
2026-06-21 00:00:00,0,70.88,5,58,0.0,0.0,26.200000000000003
2026-06-21 01:00:00,1,69.98,5,60,0.0,0.0,27.0
2026-06-21 02:00:00,2,68.54,27,63,0.0,0.0,41.400000000000006
2026-06-21 03:00:00,3,67.64,13,65,0.0,0.0,33.8
2026-06-21 04:00:00,4,66.38,10,70,0.0,0.0,34.0
2026-06-21 05:00:00,5,65.84,16,72,0.0,0.0,38.4
2026-06-21 06:00:00,6,65.66,3,73,0.0,5.0,31.000000000000004
2026-06-21 07:00:00,7,67.46,1,69,0.0,98.0,28.200000000000003
2026-06-21 08:00:00,8,70.88,9,60,0.0,272.0,29.4
2026-06-21 09:00:00,9,74.48,5,54,0.0,455.0,24.6
2026-06-21 10:00:00,10,77.0,2,47,0.0,628.0,20.0
2026-06-21 11:00:00,11,79.34,9,38,0.0,748.0,20.6
2026-06-21 12:00:00,12,81.14,21,34,0.0,879.0,26.200000000000003
2026-06-21 13:00:00,13,81.86,35,33,0.0,859.0,34.2
2026-06-21 14:00:00,14,82.22,84,33,0.0,749.0,63.6
2026-06-21 15:00:00,15,83.12,54,31,0.0,861.0,44.8
2026-06-21 16:00:00,16,83.12,70,31,0.0,696.0,54.4
2026-06-21 17:00:00,17,83.66,74,31,0.0,612.0,56.8
2026-06-21 18:00:00,18,82.58,85,32,0.0,410.0,63.8
2026-06-21 19:00:00,19,81.68,87,32,0.0,230.0,65.0
2026-06-21 20:00:00,20,81.68,52,32,0.0,102.0,44.0
2026-06-21 21:00:00,21,79.34,99,37,0.0,8.0,74.2
2026-06-21 22:00:00,22,77.54,98,42,0.0,0.0,75.6
2026-06-21 23:00:00,23,76.28,95,47,0.0,0.0,75.8
2026-06-22 00:00:00,0,75.2,98,50,0.0,0.0,78.8
2026-06-22 01:00:00,1,74.12,92,52,0.0,0.0,76.0
2026-06-22 02:00:00,2,71.6,90,59,0.0,0.0,77.6
2026-06-22 03:00:00,3,70.88,99,60,0.0,0.0,83.4
2026-06-22 04:00:00,4,70.16,95,64,0.0,0.0,82.6
2026-06-22 05:00:00,5,69.44,98,65,0.0,0.0,84.8
2026-06-22 06:00:00,6,68.54,100,71,0.0,4.0,88.4
2026-06-22 07:00:00,7,69.8,100,69,0.0,44.0,87.6
2026-06-22 08:00:00,8,71.42,100,68,0.0,115.0,87.2
2026-06-22 09:00:00,9,74.12,93,64,0.4,253.0,81.4
2026-06-22 10:00:00,10,79.16,100,52,0.1,495.0,80.8
2026-06-22 11:00:00,11,83.12,99,42,0.0,445.0,76.2
2026-06-22 12:00:00,12,84.56,92,47,0.1,633.0,74.0
2026-06-22 13:00:00,13,86.0,99,52,0.0,705.0,80.2
2026-06-22 14:00:00,14,76.64,95,77,0.1,327.0,87.8
2026-06-22 15:00:00,15,80.06,97,71,0.9,313.0,86.6
2026-06-22 16:00:00,16,87.08000000000001,98,51,0.2,539.0,79.2
2026-06-22 17:00:00,17,85.1,99,47,0.8,450.0,78.2
2026-06-22 18:00:00,18,74.48,98,91,4.7,174.0,95.19999999999999
2026-06-22 19:00:00,19,72.86,100,96,2.8,104.0,98.4
2026-06-22 20:00:00,20,73.75999999999999,100,93,2.4,11.0,97.2
2026-06-22 21:00:00,21,73.94,100,93,0.0,4.0,97.2
2026-06-22 22:00:00,22,73.04,100,96,1.9,0.0,98.4
2026-06-22 23:00:00,23,71.96,93,98,1.8,0.0,95.0
2026-06-23 00:00:00,0,71.78,100,98,0.0,0.0,99.2
2026-06-23 01:00:00,1,72.32,100,98,0.0,0.0,99.2
2026-06-23 02:00:00,2,72.5,100,98,0.0,0.0,99.2
2026-06-23 03:00:00,3,72.32,86,98,0.0,0.0,90.80000000000001
2026-06-23 04:00:00,4,71.96,97,98,0.1,0.0,97.4
2026-06-23 05:00:00,5,71.6,95,98,0.2,0.0,96.2
2026-06-23 06:00:00,6,71.42,88,97,0.0,3.0,91.6
2026-06-23 07:00:00,7,72.32,100,95,0.0,59.0,98.0
2026-06-23 08:00:00,8,72.32,100,94,0.1,62.0,97.6
2026-06-23 09:00:00,9,71.6,100,94,0.7,62.0,97.6
2026-06-23 10:00:00,10,71.06,100,92,0.8,212.0,96.80000000000001
2026-06-23 11:00:00,11,71.06,100,88,0.7,298.0,95.2
2026-06-23 12:00:00,12,68.9,100,93,1.5,161.0,97.2
2026-06-23 13:00:00,13,69.62,100,89,1.2,331.0,95.6
2026-06-23 14:00:00,14,67.1,100,93,0.6,364.0,97.2
2026-06-23 15:00:00,15,68.54,100,85,0.4,188.0,94.0
2026-06-23 16:00:00,16,69.08,100,83,0.6,194.0,93.2
2026-06-23 17:00:00,17,67.46,100,90,1.3,81.0,96.0
2026-06-23 18:00:00,18,68.0,100,89,0.3,117.0,95.6
2026-06-23 19:00:00,19,68.72,100,86,0.0,131.0,94.4
2026-06-23 20:00:00,20,69.44,98,83,0.0,60.0,92.0
2026-06-23 21:00:00,21,68.54,93,85,0.0,6.0,89.8
2026-06-23 22:00:00,22,68.0,1,84,0.0,0.0,34.2
2026-06-23 23:00:00,23,67.64,0,83,0.0,0.0,33.2
2026-06-24 00:00:00,0,67.1,0,73,0.0,0.0,29.200000000000003
2026-06-24 01:00:00,1,66.2,10,70,0.0,0.0,34.0
2026-06-24 02:00:00,2,65.12,99,72,0.0,0.0,88.2
2026-06-24 03:00:00,3,64.58,6,73,0.0,0.0,32.800000000000004
2026-06-24 04:00:00,4,63.32,2,76,0.0,0.0,31.6
2026-06-24 05:00:00,5,62.42,1,76,0.0,0.0,31.000000000000004
2026-06-24 06:00:00,6,61.88,1,77,0.0,5.0,31.400000000000002
2026-06-24 07:00:00,7,63.32,0,76,0.0,100.0,30.400000000000002
2026-06-24 08:00:00,8,66.56,0,71,0.0,275.0,28.400000000000002
2026-06-24 09:00:00,9,70.52,0,62,0.0,468.0,24.8
2026-06-24 10:00:00,10,73.58,0,56,0.0,647.0,22.400000000000002
2026-06-24 11:00:00,11,76.1,0,48,0.0,800.0,19.200000000000003
2026-06-24 12:00:00,12,77.9,0,41,0.0,912.0,16.400000000000002
2026-06-24 13:00:00,13,79.16,0,38,0.0,971.0,15.200000000000001
2026-06-24 14:00:00,14,79.88,0,37,0.0,974.0,14.8
2026-06-24 15:00:00,15,80.42,1,37,0.0,917.0,15.4
2026-06-24 16:00:00,16,80.78,7,37,0.0,792.0,19.0
2026-06-24 17:00:00,17,81.14,12,36,0.0,639.0,21.6
2026-06-24 18:00:00,18,80.6,9,36,0.0,465.0,19.8
2026-06-24 19:00:00,19,79.16,1,39,0.0,292.0,16.200000000000003
2026-06-24 20:00:00,20,76.46,3,47,0.0,116.0,20.6
2026-06-24 21:00:00,21,75.38,2,46,0.0,9.0,19.6
2026-06-24 22:00:00,22,73.58,0,49,0.0,0.0,19.6
2026-06-24 23:00:00,23,72.14,0,53,0.0,0.0,21.200000000000003
2026-06-25 00:00:00,0,70.52,3,59,0.0,0.0,25.400000000000002
2026-06-25 01:00:00,1,69.62,1,60,0.0,0.0,24.6
2026-06-25 02:00:00,2,67.28,5,68,0.0,0.0,30.200000000000003
2026-06-25 03:00:00,3,67.28,9,69,0.0,0.0,33.0
2026-06-25 04:00:00,4,66.38,74,71,0.0,0.0,72.8
2026-06-25 05:00:00,5,65.84,95,73,0.0,0.0,86.2
2026-06-25 06:00:00,6,65.48,20,76,0.0,4.0,42.400000000000006
2026-06-25 07:00:00,7,67.64,8,70,0.0,96.0,32.8
2026-06-25 08:00:00,8,68.54,79,71,0.0,267.0,75.8
2026-06-25 09:00:00,9,73.04,84,63,0.0,433.0,75.6
2026-06-25 10:00:00,10,77.18,13,55,0.0,610.0,29.8
2026-06-25 11:00:00,11,80.96,24,44,0.0,769.0,32.0
2026-06-25 12:00:00,12,82.94,45,38,0.0,762.0,42.2
2026-06-25 13:00:00,13,84.74,28,34,0.0,820.0,30.400000000000002
2026-06-25 14:00:00,14,84.38000000000001,52,35,0.0,746.0,45.2
2026-06-25 15:00:00,15,83.66,34,36,0.0,464.0,34.8
2026-06-25 16:00:00,16,83.66,97,37,0.0,592.0,73.0
2026-06-25 17:00:00,17,84.02,95,36,0.0,446.0,71.4
2026-06-25 18:00:00,18,83.84,60,37,0.0,306.0,50.8
2026-06-25 19:00:00,19,82.75999999999999,38,40,0.0,203.0,38.8
2026-06-25 20:00:00,20,78.98,53,54,0.0,94.0,53.4
2026-06-25 21:00:00,21,75.38,30,64,0.0,8.0,43.6
2026-06-25 22:00:00,22,73.75999999999999,16,69,0.0,0.0,37.2
2026-06-25 23:00:00,23,72.86,30,73,0.0,0.0,47.2
2026-06-26 00:00:00,0,72.14,41,77,0.0,0.0,55.4
2026-06-26 01:00:00,1,71.78,20,80,0.0,0.0,44.0
2026-06-26 02:00:00,2,72.14,58,79,0.0,0.0,66.4
2026-06-26 03:00:00,3,72.14,83,74,0.1,0.0,79.4
2026-06-26 04:00:00,4,71.42,83,76,0.1,0.0,80.2
2026-06-26 05:00:00,5,70.7,98,77,0.0,0.0,89.6
2026-06-26 06:00:00,6,70.88,98,78,0.0,4.0,90.0
2026-06-26 07:00:00,7,72.32,100,77,0.0,42.0,90.8
2026-06-26 08:00:00,8,71.24000000000001,100,91,0.0,43.0,96.4
2026-06-26 09:00:00,9,72.32,100,90,0.0,95.0,96.0
2026-06-26 10:00:00,10,76.1,100,78,0.0,352.0,91.2
2026-06-26 11:00:00,11,77.36,100,72,0.0,396.0,88.8
2026-06-26 12:00:00,12,79.34,98,66,0.0,583.0,85.2
2026-06-26 13:00:00,13,81.14,100,62,0.0,638.0,84.8
2026-06-26 14:00:00,14,81.5,100,60,0.0,585.0,84.0
2026-06-26 15:00:00,15,82.4,100,57,0.0,590.0,82.8
2026-06-26 16:00:00,16,82.75999999999999,100,55,0.0,458.0,82.0
2026-06-26 17:00:00,17,82.58,100,56,0.0,349.0,82.4
2026-06-26 18:00:00,18,81.5,100,59,0.0,193.0,83.6
2026-06-26 19:00:00,19,80.42,100,64,0.0,111.0,85.6
2026-06-26 20:00:00,20,78.44,81,70,0.0,33.0,76.6
2026-06-26 21:00:00,21,77.72,95,71,0.0,6.0,85.4
2026-06-26 22:00:00,22,77.0,100,73,0.0,0.0,89.2
2026-06-26 23:00:00,23,76.46,100,74,0.0,0.0,89.6
2026-06-27 00:00:00,0,75.74000000000001,100,76,0.0,0.0,90.4
2026-06-27 01:00:00,1,75.2,100,77,0.0,0.0,90.8
2026-06-27 02:00:00,2,74.3,100,83,0.0,0.0,93.2
2026-06-27 03:00:00,3,73.94,100,85,0.0,0.0,94.0
2026-06-27 04:00:00,4,72.86,100,85,0.0,0.0,94.0
2026-06-27 05:00:00,5,72.14,100,88,0.1,0.0,95.2
2026-06-27 06:00:00,6,71.78,100,90,0.3,1.0,96.0
2026-06-27 07:00:00,7,72.14,100,90,0.0,29.0,96.0
2026-06-27 08:00:00,8,72.14,100,87,0.0,39.0,94.80000000000001
2026-06-27 09:00:00,9,73.4,100,85,0.0,107.0,94.0
2026-06-27 10:00:00,10,75.02,100,72,0.3,272.0,88.8
2026-06-27 11:00:00,11,74.3,100,76,1.0,273.0,90.4
2026-06-27 12:00:00,12,73.04,100,86,2.4,267.0,94.4
2026-06-27 13:00:00,13,72.86,97,89,2.9,291.0,93.8
2026-06-27 14:00:00,14,73.22,100,77,3.6,298.0,90.8
2026-06-27 15:00:00,15,74.3,100,74,0.2,394.0,89.6
2026-06-27 16:00:00,16,73.58,100,75,0.1,323.0,90.0
2026-06-27 17:00:00,17,72.68,99,78,0.1,274.0,90.6
2026-06-27 18:00:00,18,71.6,100,79,0.0,161.0,91.6
2026-06-27 19:00:00,19,72.14,52,79,0.0,181.0,62.8
2026-06-27 20:00:00,20,72.32,85,83,0.0,70.0,84.2
2026-06-27 21:00:00,21,71.96,90,85,0.0,5.0,88.0
2026-06-27 22:00:00,22,71.42,43,87,0.0,0.0,60.60000000000001
2026-06-27 23:00:00,23,70.88,28,90,0.0,0.0,52.8
2026-06-28 00:00:00,0,69.98,13,93,0.0,0.0,45.0
2026-06-28 01:00:00,1,69.25999999999999,27,95,0.0,0.0,54.2
2026-06-28 02:00:00,2,68.9,77,96,0.0,0.0,84.6
2026-06-28 03:00:00,3,68.36,65,96,0.0,0.0,77.4
2026-06-28 04:00:00,4,67.82,93,97,0.0,0.0,94.6
2026-06-28 05:00:00,5,67.28,88,98,0.0,0.0,92.0
2026-06-28 06:00:00,6,67.1,98,98,0.0,4.0,98.0
2026-06-28 07:00:00,7,68.36,100,94,0.0,74.0,97.6
2026-06-28 08:00:00,8,70.34,100,87,0.0,196.0,94.80000000000001
2026-06-28 09:00:00,9,72.68,96,79,0.0,327.0,89.19999999999999
2026-06-28 10:00:00,10,75.56,88,71,0.0,521.0,81.2
2026-06-28 11:00:00,11,77.18,100,67,0.0,547.0,86.8
2026-06-28 12:00:00,12,77.72,100,65,0.0,368.0,86.0
2026-06-28 13:00:00,13,79.16,100,62,0.0,475.0,84.8
2026-06-28 14:00:00,14,78.98,98,65,0.0,528.0,84.8
2026-06-28 15:00:00,15,79.34,85,65,0.0,469.0,77.0
2026-06-28 16:00:00,16,80.24000000000001,34,64,0.0,523.0,46.0
2026-06-28 17:00:00,17,80.78,71,64,0.0,464.0,68.2
2026-06-28 18:00:00,18,80.96,42,63,0.0,335.0,50.400000000000006
2026-06-28 19:00:00,19,80.42,46,64,0.0,229.0,53.2
2026-06-28 20:00:00,20,76.28,47,76,0.9,74.0,58.6
2026-06-28 21:00:00,21,74.84,8,84,0.1,6.0,38.4
2026-06-28 22:00:00,22,73.94,28,89,0.0,0.0,52.400000000000006
2026-06-28 23:00:00,23,73.4,71,90,0.0,0.0,78.6
2026-06-29 00:00:00,0,72.14,22,94,0.0,0.0,50.8
2026-06-29 01:00:00,1,70.7,41,96,0.0,0.0,63.0
2026-06-29 02:00:00,2,69.08,2,97,0.0,0.0,40.00000000000001
2026-06-29 03:00:00,3,68.72,38,97,0.0,0.0,61.60000000000001
2026-06-29 04:00:00,4,68.18,2,97,0.0,0.0,40.00000000000001
2026-06-29 05:00:00,5,67.82,91,97,0.0,0.0,93.4
2026-06-29 06:00:00,6,67.28,100,99,0.0,4.0,99.6
2026-06-29 07:00:00,7,68.18,98,98,0.0,76.0,98.0
2026-06-29 08:00:00,8,71.6,91,89,0.0,212.0,90.2
2026-06-29 09:00:00,9,75.2,88,77,0.0,440.0,83.6
2026-06-29 10:00:00,10,77.9,15,72,0.0,612.0,37.8
2026-06-29 11:00:00,11,80.42,30,64,0.0,750.0,43.6
2026-06-29 12:00:00,12,82.22,77,57,0.0,785.0,69.0
2026-06-29 13:00:00,13,83.66,17,52,0.0,886.0,31.0
2026-06-29 14:00:00,14,85.1,29,49,0.0,836.0,37.0
2026-06-29 15:00:00,15,86.36,20,45,0.0,808.0,30.0
2026-06-29 16:00:00,16,86.9,9,42,0.0,712.0,22.2
2026-06-29 17:00:00,17,86.9,34,42,0.0,616.0,37.2
2026-06-29 18:00:00,18,86.53999999999999,19,42,0.0,380.0,28.200000000000003
2026-06-29 19:00:00,19,85.82,38,42,0.0,248.0,39.6
2026-06-29 20:00:00,20,79.34,5,65,0.0,101.0,29.0
2026-06-29 21:00:00,21,77.72,5,67,0.0,8.0,29.8
2026-06-29 22:00:00,22,76.64,21,66,0.0,0.0,39.0
2026-06-29 23:00:00,23,75.2,10,66,0.0,0.0,32.400000000000006
2026-06-30 00:00:00,0,73.75999999999999,80,68,0.0,0.0,75.2
2026-06-30 01:00:00,1,72.5,63,71,0.0,0.0,66.2
2026-06-30 02:00:00,2,71.6,96,77,0.0,0.0,88.39999999999999
2026-06-30 03:00:00,3,71.06,98,80,0.0,0.0,90.8
2026-06-30 04:00:00,4,70.34,95,84,0.0,0.0,90.6
2026-06-30 05:00:00,5,70.34,100,84,0.0,0.0,93.6
2026-06-30 06:00:00,6,70.52,89,83,0.0,3.0,86.6
2026-06-30 07:00:00,7,71.42,95,78,0.0,72.0,88.2
2026-06-30 08:00:00,8,73.58,73,74,0.0,215.0,73.4
2026-06-30 09:00:00,9,77.36,55,65,0.0,404.0,59.0
2026-06-30 10:00:00,10,81.14,87,59,0.0,596.0,75.8
2026-06-30 11:00:00,11,84.38000000000001,93,53,0.0,738.0,77.0
2026-06-30 12:00:00,12,86.72,99,44,0.0,820.0,77.0
2026-06-30 13:00:00,13,88.88000000000001,99,37,0.0,891.0,74.2
2026-06-30 14:00:00,14,89.24,98,38,0.0,914.0,74.0
2026-06-30 15:00:00,15,89.06,98,38,0.0,855.0,74.0
2026-06-30 16:00:00,16,88.52,98,40,0.0,585.0,74.8
2026-06-30 17:00:00,17,88.16,77,39,0.0,435.0,61.8
2026-06-30 18:00:00,18,87.8,48,40,0.0,445.0,44.8
2026-06-30 19:00:00,19,86.18,54,43,0.0,279.0,49.599999999999994
2026-06-30 20:00:00,20,84.02,31,48,0.0,109.0,37.8
2026-06-30 21:00:00,21,80.6,10,56,0.0,8.0,28.400000000000002
2026-06-30 22:00:00,22,78.8,74,60,0.0,0.0,68.4
2026-06-30 23:00:00,23,77.9,17,51,0.0,0.0,30.6
2026-07-01 00:00:00,0,76.46,2,52,0.0,0.0,22.0
2026-07-01 01:00:00,1,75.2,1,59,0.0,0.0,24.200000000000003
2026-07-01 02:00:00,2,74.48,54,65,0.0,0.0,58.4
2026-07-01 03:00:00,3,73.58,92,71,0.4,0.0,83.6
2026-07-01 04:00:00,4,72.32,72,80,0.7,0.0,75.19999999999999
2026-07-01 05:00:00,5,72.14,14,83,0.2,0.0,41.6
2026-07-01 06:00:00,6,72.32,20,85,0.0,3.0,46.0
2026-07-01 07:00:00,7,74.12,62,84,0.0,87.0,70.8
2026-07-01 08:00:00,8,75.92,41,83,0.0,245.0,57.8
2026-07-01 09:00:00,9,79.16,18,76,0.2,397.0,41.2
2026-07-01 10:00:00,10,82.94,5,70,0.0,582.0,31.0
2026-07-01 11:00:00,11,86.72,20,62,0.0,705.0,36.8
2026-07-01 12:00:00,12,89.78,13,56,0.0,779.0,30.200000000000003
2026-07-01 13:00:00,13,92.48,10,50,0.0,846.0,26.0
2026-07-01 14:00:00,14,93.2,13,51,0.1,890.0,28.200000000000003
2026-07-01 15:00:00,15,94.1,50,47,0.0,818.0,48.8
2026-07-01 16:00:00,16,94.46000000000001,57,47,0.1,683.0,53.0
2026-07-01 17:00:00,17,94.82,21,46,0.0,572.0,31.0
2026-07-01 18:00:00,18,94.82,27,45,0.0,431.0,34.2
2026-07-01 19:00:00,19,93.38000000000001,14,49,0.0,256.0,28.0
2026-07-01 20:00:00,20,89.24,38,66,0.0,102.0,49.2
2026-07-01 21:00:00,21,88.52,33,68,0.0,7.0,47.0
2026-07-01 22:00:00,22,87.26,15,71,0.0,0.0,37.400000000000006
2026-07-01 23:00:00,23,86.18,16,72,0.0,0.0,38.4
2026-07-02 00:00:00,0,84.38000000000001,19,74,0.0,0.0,41.0
2026-07-02 01:00:00,1,82.75999999999999,22,76,0.0,0.0,43.6
2026-07-02 02:00:00,2,81.86,1,79,0.0,0.0,32.2
2026-07-02 03:00:00,3,81.14,1,80,0.0,0.0,32.6
2026-07-02 04:00:00,4,80.6,0,82,0.0,0.0,32.800000000000004
2026-07-02 05:00:00,5,79.88,0,85,0.0,0.0,34.0
2026-07-02 06:00:00,6,79.34,0,88,0.0,3.0,35.2
2026-07-02 07:00:00,7,80.96,0,85,0.0,86.0,34.0
2026-07-02 08:00:00,8,84.02,0,79,0.0,251.0,31.6
2026-07-02 09:00:00,9,88.88000000000001,0,68,0.0,433.0,27.200000000000003
2026-07-02 10:00:00,10,93.56,2,53,0.0,613.0,22.400000000000002
2026-07-02 11:00:00,11,96.26,13,45,0.0,715.0,25.8
2026-07-02 12:00:00,12,98.06,13,41,0.0,787.0,24.200000000000003
2026-07-02 13:00:00,13,99.86,16,40,0.0,863.0,25.6
2026-07-02 14:00:00,14,100.4,21,38,0.0,888.0,27.8
2026-07-02 15:00:00,15,100.58000000000001,16,36,0.0,797.0,24.0
2026-07-02 16:00:00,16,101.66,13,34,0.0,724.0,21.400000000000002
2026-07-02 17:00:00,17,102.2,19,31,0.0,599.0,23.8
2026-07-02 18:00:00,18,100.94,27,31,0.3,429.0,28.6
2026-07-02 19:00:00,19,99.86,8,32,0.0,255.0,17.6
2026-07-02 20:00:00,20,98.06,5,37,0.0,107.0,17.8
2026-07-02 21:00:00,21,95.36,2,44,0.0,8.0,18.8
2026-07-02 22:00:00,22,92.84,1,53,0.0,0.0,21.800000000000004
2026-07-02 23:00:00,23,91.22,0,56,0.0,0.0,22.400000000000002
2026-07-03 00:00:00,0,89.78,1,60,0.0,0.0,24.6
2026-07-03 01:00:00,1,88.34,0,62,0.0,0.0,24.8
2026-07-03 02:00:00,2,86.36,0,63,0.0,0.0,25.200000000000003
2026-07-03 03:00:00,3,86.18,0,62,0.0,0.0,24.8
2026-07-03 04:00:00,4,85.28,0,66,0.0,0.0,26.400000000000002
2026-07-03 05:00:00,5,84.38000000000001,0,69,0.0,0.0,27.6
2026-07-03 06:00:00,6,83.48,0,72,0.0,3.0,28.8
2026-07-03 07:00:00,7,84.74,0,70,0.0,88.0,28.0
2026-07-03 08:00:00,8,87.8,0,63,0.0,255.0,25.200000000000003
2026-07-03 09:00:00,9,91.76,0,53,0.0,435.0,21.200000000000003
2026-07-03 10:00:00,10,94.82,0,46,0.0,608.0,18.400000000000002
2026-07-03 11:00:00,11,97.52,18,41,0.0,755.0,27.200000000000003
2026-07-03 12:00:00,12,98.96000000000001,15,38,0.0,797.0,24.200000000000003
2026-07-03 13:00:00,13,100.94,5,35,0.0,894.0,17.0
2026-07-03 14:00:00,14,100.94,11,36,0.0,905.0,21.0
2026-07-03 15:00:00,15,100.94,83,37,0.0,849.0,64.6
2026-07-03 16:00:00,16,97.34,28,41,0.4,608.0,33.2
2026-07-03 17:00:00,17,97.88000000000001,24,42,0.2,508.0,31.2
2026-07-03 18:00:00,18,99.68,28,37,0.0,432.0,31.6
2026-07-03 19:00:00,19,87.26,87,60,1.4,241.0,76.19999999999999
2026-07-03 20:00:00,20,83.84,84,66,0.1,66.0,76.8
2026-07-03 21:00:00,21,85.64,59,59,0.1,3.0,59.0
2026-07-03 22:00:00,22,85.46000000000001,22,57,0.0,0.0,36.0
2026-07-03 23:00:00,23,84.91999999999999,13,57,0.0,0.0,30.6
2026-07-04 00:00:00,0,84.56,11,57,0.0,0.0,29.4
2026-07-04 01:00:00,1,84.02,3,58,0.0,0.0,25.000000000000004
2026-07-04 02:00:00,2,82.04,7,62,0.0,0.0,29.0
2026-07-04 03:00:00,3,81.14,9,66,0.0,0.0,31.8
2026-07-04 04:00:00,4,80.42,3,67,0.0,0.0,28.6
2026-07-04 05:00:00,5,79.88,1,69,0.0,0.0,28.200000000000003
2026-07-04 06:00:00,6,79.16,0,72,0.0,3.0,28.8
2026-07-04 07:00:00,7,81.32,0,66,0.0,87.0,26.400000000000002
2026-07-04 08:00:00,8,84.2,0,57,0.0,252.0,22.8
2026-07-04 09:00:00,9,88.16,0,50,0.0,437.0,20.0
2026-07-04 10:00:00,10,91.94,3,41,0.0,613.0,18.200000000000003
2026-07-04 11:00:00,11,95.0,14,36,0.0,762.0,22.8
2026-07-04 12:00:00,12,97.88000000000001,37,32,0.0,869.0,35.0
2026-07-04 13:00:00,13,100.03999999999999,61,29,0.0,927.0,48.2
2026-07-04 14:00:00,14,96.8,12,34,0.0,911.0,20.8
2026-07-04 15:00:00,15,99.32,48,30,0.0,853.0,40.8
2026-07-04 16:00:00,16,100.76,41,29,0.0,750.0,36.2
2026-07-04 17:00:00,17,100.58000000000001,58,27,0.0,515.0,45.599999999999994
2026-07-04 18:00:00,18,98.06,29,30,0.0,355.0,29.4
2026-07-04 19:00:00,19,97.7,14,30,0.0,277.0,20.4
2026-07-04 20:00:00,20,96.8,34,32,0.0,104.0,33.2
2026-07-04 21:00:00,21,80.06,99,73,5.0,7.0,88.6
2026-07-04 22:00:00,22,75.92,100,90,3.5,0.0,96.0
2026-07-04 23:00:00,23,75.92,100,92,2.1,0.0,96.80000000000001
2026-07-05 00:00:00,0,76.64,100,93,1.1,0.0,97.2
2026-07-05 01:00:00,1,76.46,100,95,0.0,0.0,98.0
2026-07-05 02:00:00,2,75.56,100,88,0.0,0.0,95.2
2026-07-05 03:00:00,3,75.92,99,87,0.0,0.0,94.2
2026-07-05 04:00:00,4,75.74000000000001,100,88,0.0,0.0,95.2
2026-07-05 05:00:00,5,75.38,100,89,0.0,0.0,95.6
2026-07-05 06:00:00,6,75.74000000000001,100,88,0.0,1.0,95.2
2026-07-05 07:00:00,7,75.74000000000001,93,88,0.0,25.0,91.0
2026-07-05 08:00:00,8,75.92,100,84,0.0,132.0,93.6
2026-07-05 09:00:00,9,78.8,96,76,0.0,305.0,88.0
2026-07-05 10:00:00,10,81.32,91,70,0.0,407.0,82.6
2026-07-05 11:00:00,11,84.56,76,63,0.0,690.0,70.80000000000001
2026-07-05 12:00:00,12,87.26,83,57,0.0,780.0,72.6
2026-07-05 13:00:00,13,89.6,48,52,0.0,865.0,49.599999999999994
2026-07-05 14:00:00,14,89.24,94,57,0.0,815.0,79.2
2026-07-05 15:00:00,15,89.96000000000001,90,56,0.0,685.0,76.4
2026-07-05 16:00:00,16,90.5,53,53,0.0,664.0,53.0
2026-07-05 17:00:00,17,90.5,94,51,0.0,548.0,76.8
2026-07-05 18:00:00,18,78.98,88,89,7.0,210.0,88.4
2026-07-05 19:00:00,19,76.46,100,92,1.8,149.0,96.80000000000001
2026-07-05 20:00:00,20,80.78,99,74,1.7,51.0,89.0
2026-07-05 21:00:00,21,77.9,89,82,0.4,3.0,86.2
2026-07-05 22:00:00,22,74.3,100,92,3.4,0.0,96.80000000000001
2026-07-05 23:00:00,23,73.58,100,96,2.6,0.0,98.4
2026-07-06 00:00:00,0,72.5,100,96,0.7,0.0,98.4
2026-07-06 01:00:00,1,72.14,100,93,3.5,0.0,97.2
2026-07-06 02:00:00,2,72.86,100,96,2.4,0.0,98.4
2026-07-06 03:00:00,3,72.32,100,97,1.0,0.0,98.80000000000001
2026-07-06 04:00:00,4,72.5,95,97,0.4,0.0,95.80000000000001
2026-07-06 05:00:00,5,72.32,100,97,0.1,0.0,98.80000000000001
2026-07-06 06:00:00,6,72.32,100,96,0.0,1.0,98.4
2026-07-06 07:00:00,7,73.58,100,93,0.0,40.0,97.2
2026-07-06 08:00:00,8,71.78,100,96,1.3,89.0,98.4
2026-07-06 09:00:00,9,73.75999999999999,100,95,12.3,260.0,98.0
2026-07-06 10:00:00,10,73.75999999999999,100,95,5.8,137.0,98.0
2026-07-06 11:00:00,11,73.94,100,95,2.5,121.0,98.0
2026-07-06 12:00:00,12,74.48,100,93,1.4,200.0,97.2
2026-07-06 13:00:00,13,79.16,100,80,0.7,586.0,92.0
2026-07-06 14:00:00,14,75.02,100,92,0.4,371.0,96.80000000000001
2026-07-06 15:00:00,15,76.64,95,91,2.9,235.0,93.4
2026-07-06 16:00:00,16,78.44,100,84,0.4,407.0,93.6
2026-07-06 17:00:00,17,77.36,100,84,0.3,287.0,93.6
2026-07-06 18:00:00,18,75.02,100,90,0.7,123.0,96.0
2026-07-06 19:00:00,19,72.86,100,90,0.3,48.0,96.0
2026-07-06 20:00:00,20,72.5,100,90,0.2,22.0,96.0
2026-07-06 21:00:00,21,70.52,100,92,0.2,3.0,96.80000000000001
2026-07-06 22:00:00,22,69.98,100,91,0.1,0.0,96.4
2026-07-06 23:00:00,23,69.98,100,92,0.0,0.0,96.80000000000001
2026-07-07 00:00:00,0,69.8,100,92,0.0,0.0,96.80000000000001
2026-07-07 01:00:00,1,69.8,100,93,0.0,0.0,97.2
2026-07-07 02:00:00,2,68.72,100,93,0.0,0.0,97.2
2026-07-07 03:00:00,3,68.9,100,92,0.1,0.0,96.80000000000001
2026-07-07 04:00:00,4,68.72,100,93,0.0,0.0,97.2
2026-07-07 05:00:00,5,68.54,100,93,0.0,0.0,97.2
2026-07-07 06:00:00,6,68.54,100,93,0.0,1.0,97.2
2026-07-07 07:00:00,7,68.9,100,92,0.0,29.0,96.80000000000001
2026-07-07 08:00:00,8,68.18,100,90,0.0,96.0,96.0
2026-07-07 09:00:00,9,68.72,100,88,0.0,125.0,95.2
2026-07-07 10:00:00,10,69.44,100,86,0.0,218.0,94.4
2026-07-07 11:00:00,11,70.52,100,83,0.0,280.0,93.2
2026-07-07 12:00:00,12,71.6,100,81,0.0,323.0,92.4
2026-07-07 13:00:00,13,72.5,100,80,0.0,371.0,92.0
2026-07-07 14:00:00,14,73.4,100,78,0.0,545.0,91.2
2026-07-07 15:00:00,15,74.3,100,76,0.0,361.0,90.4
2026-07-07 16:00:00,16,75.56,100,75,0.0,410.0,90.0
2026-07-07 17:00:00,17,75.38,100,74,0.0,285.0,89.6
2026-07-07 18:00:00,18,74.66,100,75,0.0,186.0,90.0
2026-07-07 19:00:00,19,74.12,100,76,0.0,110.0,90.4
2026-07-07 20:00:00,20,73.4,94,79,0.0,54.0,88.0
2026-07-07 21:00:00,21,72.14,48,81,0.0,4.0,61.199999999999996
2026-07-07 22:00:00,22,71.24000000000001,6,85,0.0,0.0,37.6
2026-07-07 23:00:00,23,70.52,7,86,0.0,0.0,38.6
2026-07-08 00:00:00,0,69.62,13,88,0.0,0.0,43.0
2026-07-08 01:00:00,1,68.72,9,89,0.0,0.0,41.0
2026-07-08 02:00:00,2,68.54,23,89,0.0,0.0,49.4
2026-07-08 03:00:00,3,67.82,16,91,0.0,0.0,46.0
2026-07-08 04:00:00,4,67.46,17,91,0.0,0.0,46.599999999999994
2026-07-08 05:00:00,5,67.1,13,90,0.0,0.0,43.8
2026-07-08 06:00:00,6,66.38,11,90,0.0,2.0,42.6
2026-07-08 07:00:00,7,67.46,9,87,0.0,79.0,40.2
2026-07-08 08:00:00,8,69.44,83,82,0.0,242.0,82.6
2026-07-08 09:00:00,9,71.6,22,76,0.0,419.0,43.6
2026-07-08 10:00:00,10,73.75999999999999,8,73,0.0,613.0,34.0
2026-07-08 11:00:00,11,75.92,6,70,0.0,768.0,31.6
2026-07-08 12:00:00,12,78.62,41,64,0.0,874.0,50.2
2026-07-08 13:00:00,13,80.06,99,60,0.0,822.0,83.4
2026-07-08 14:00:00,14,80.78,30,59,0.0,538.0,41.6
2026-07-08 15:00:00,15,80.96,27,60,0.0,546.0,40.2
2026-07-08 16:00:00,16,81.68,17,59,0.0,621.0,33.8
2026-07-08 17:00:00,17,82.4,12,59,0.0,553.0,30.8
2026-07-08 18:00:00,18,82.22,23,58,0.0,401.0,37.0
2026-07-08 19:00:00,19,80.78,15,63,0.0,252.0,34.2
2026-07-08 20:00:00,20,79.16,13,70,0.0,108.0,35.8
2026-07-08 21:00:00,21,77.18,6,74,0.0,7.0,33.2
2026-07-08 22:00:00,22,74.84,21,81,0.0,0.0,45.0
2026-07-08 23:00:00,23,72.68,43,86,0.0,0.0,60.2
2026-07-09 00:00:00,0,71.78,38,88,0.0,0.0,58.0
2026-07-09 01:00:00,1,71.42,59,89,0.0,0.0,71.0
2026-07-09 02:00:00,2,71.06,11,90,0.0,0.0,42.6
2026-07-09 03:00:00,3,70.88,21,91,0.0,0.0,49.0
2026-07-09 04:00:00,4,70.34,43,93,0.0,0.0,63.0
2026-07-09 05:00:00,5,70.34,66,95,0.0,0.0,77.6
2026-07-09 06:00:00,6,70.34,91,95,0.0,2.0,92.6
2026-07-09 07:00:00,7,72.14,94,92,0.0,60.0,93.2
2026-07-09 08:00:00,8,75.02,98,88,0.0,146.0,94.0
2026-07-09 09:00:00,9,76.1,99,86,0.3,217.0,93.8
2026-07-09 10:00:00,10,78.08,100,83,0.1,297.0,93.2
2026-07-09 11:00:00,11,79.88,79,79,0.1,429.0,79.0
2026-07-09 12:00:00,12,81.86,99,74,0.1,559.0,89.0
2026-07-09 13:00:00,13,83.3,100,71,0.1,535.0,88.4
2026-07-09 14:00:00,14,77.72,95,85,0.2,412.0,91.0
2026-07-09 15:00:00,15,78.25999999999999,97,87,3.3,422.0,93.0
2026-07-09 16:00:00,16,78.44,100,84,1.5,314.0,93.6
2026-07-09 17:00:00,17,76.28,98,93,1.2,144.0,96.0
2026-07-09 18:00:00,18,77.36,100,88,0.5,241.0,95.2
2026-07-09 19:00:00,19,77.18,93,91,0.2,143.0,92.19999999999999
2026-07-09 20:00:00,20,75.2,99,96,0.0,62.0,97.80000000000001
2026-07-09 21:00:00,21,74.3,91,96,0.5,2.0,93.0
2026-07-09 22:00:00,22,73.58,54,97,0.0,0.0,71.2
2026-07-09 23:00:00,23,73.22,9,98,0.0,0.0,44.6
2026-07-10 00:00:00,0,72.86,18,98,0.0,0.0,50.0
2026-07-10 01:00:00,1,72.68,2,98,0.0,0.0,40.400000000000006
2026-07-10 02:00:00,2,73.04,99,100,0.0,0.0,99.4
2026-07-10 03:00:00,3,73.04,96,99,0.0,0.0,97.19999999999999
2026-07-10 04:00:00,4,72.5,39,99,0.0,0.0,63.0
2026-07-10 05:00:00,5,72.5,48,98,0.0,0.0,68.0
2026-07-10 06:00:00,6,72.32,34,98,0.0,2.0,59.6
2026-07-10 07:00:00,7,73.22,17,98,0.0,71.0,49.400000000000006
2026-07-10 08:00:00,8,75.92,29,91,0.0,235.0,53.8
2026-07-10 09:00:00,9,79.34,27,81,0.0,425.0,48.599999999999994
2026-07-10 10:00:00,10,82.4,83,71,0.0,593.0,78.2
2026-07-10 11:00:00,11,84.56,95,64,0.0,731.0,82.6
2026-07-10 12:00:00,12,85.82,100,61,0.0,765.0,84.4
2026-07-10 13:00:00,13,85.82,100,60,0.0,661.0,84.0
2026-07-10 14:00:00,14,82.58,100,72,0.4,496.0,88.8
2026-07-10 15:00:00,15,77.9,99,84,1.3,266.0,93.0
2026-07-10 16:00:00,16,78.62,100,82,0.2,297.0,92.80000000000001
2026-07-10 17:00:00,17,80.42,100,78,0.0,414.0,91.2
2026-07-10 18:00:00,18,80.24000000000001,100,80,0.0,254.0,92.0
2026-07-10 19:00:00,19,79.52,89,83,0.0,149.0,86.6
2026-07-10 20:00:00,20,78.8,31,88,0.0,82.0,53.8
2026-07-10 21:00:00,21,77.0,80,91,0.0,6.0,84.4
2026-07-10 22:00:00,22,76.82,15,92,0.0,0.0,45.800000000000004
2026-07-10 23:00:00,23,75.74000000000001,29,94,0.0,0.0,55.0
2026-07-11 00:00:00,0,74.84,48,97,0.0,0.0,67.6
2026-07-11 01:00:00,1,74.48,95,97,0.0,0.0,95.80000000000001
2026-07-11 02:00:00,2,73.04,100,97,0.0,0.0,98.80000000000001
2026-07-11 03:00:00,3,72.86,98,97,0.0,0.0,97.6
2026-07-11 04:00:00,4,72.68,90,97,0.0,0.0,92.80000000000001
2026-07-11 05:00:00,5,72.32,99,97,0.0,0.0,98.2
2026-07-11 06:00:00,6,72.14,99,96,0.0,1.0,97.80000000000001
2026-07-11 07:00:00,7,73.04,100,96,0.0,57.0,98.4
2026-07-11 08:00:00,8,75.38,100,89,0.0,169.0,95.6
2026-07-11 09:00:00,9,77.36,97,83,0.0,275.0,91.4
2026-07-11 10:00:00,10,80.24000000000001,80,78,0.0,474.0,79.2
2026-07-11 11:00:00,11,80.6,88,78,0.3,572.0,84.0
2026-07-11 12:00:00,12,79.7,100,79,1.4,587.0,91.6
2026-07-11 13:00:00,13,78.44,98,79,0.8,644.0,90.4
2026-07-11 14:00:00,14,80.06,96,73,0.3,651.0,86.8
2026-07-11 15:00:00,15,81.32,96,72,0.3,722.0,86.39999999999999
2026-07-11 16:00:00,16,76.28,95,80,0.7,658.0,89.0
2026-07-11 17:00:00,17,78.08,95,79,0.2,422.0,88.6
2026-07-11 18:00:00,18,78.62,99,76,0.1,348.0,89.8
2026-07-11 19:00:00,19,77.18,99,77,0.1,166.0,90.2
2026-07-11 20:00:00,20,74.66,91,90,0.0,66.0,90.6
2026-07-11 21:00:00,21,74.48,99,87,0.0,6.0,94.2
2026-07-11 22:00:00,22,73.94,97,85,0.0,0.0,92.19999999999999
2026-07-11 23:00:00,23,73.22,93,85,0.0,0.0,89.8
2026-07-12 00:00:00,0,72.32,38,85,0.0,0.0,56.8
2026-07-12 01:00:00,1,71.24000000000001,55,85,0.0,0.0,67.0
2026-07-12 02:00:00,2,70.88,23,88,0.0,0.0,49.0
2026-07-12 03:00:00,3,70.34,63,89,0.0,0.0,73.4
2026-07-12 04:00:00,4,70.16,93,89,0.0,0.0,91.4
2026-07-12 05:00:00,5,69.62,95,88,0.0,0.0,92.2
2026-07-12 06:00:00,6,69.25999999999999,79,87,0.0,1.0,82.2
2026-07-12 07:00:00,7,70.16,76,84,0.0,68.0,79.2
2026-07-12 08:00:00,8,72.86,84,80,0.0,227.0,82.4
2026-07-12 09:00:00,9,75.92,28,70,0.0,413.0,44.8
2026-07-12 10:00:00,10,78.62,12,61,0.0,597.0,31.6
2026-07-12 11:00:00,11,80.96,22,51,0.0,749.0,33.6
2026-07-12 12:00:00,12,82.75999999999999,23,48,0.0,834.0,33.0
2026-07-12 13:00:00,13,83.84,29,45,0.1,850.0,35.4
2026-07-12 14:00:00,14,84.02,20,45,0.2,857.0,30.0
2026-07-12 15:00:00,15,84.2,21,44,0.1,775.0,30.200000000000003
2026-07-12 16:00:00,16,83.84,27,45,0.3,670.0,34.2
2026-07-12 17:00:00,17,83.48,29,46,0.1,523.0,35.8
2026-07-12 18:00:00,18,82.94,7,46,0.0,392.0,22.6
2026-07-12 19:00:00,19,81.32,28,49,0.0,219.0,36.400000000000006
2026-07-12 20:00:00,20,77.9,21,53,0.0,73.0,33.800000000000004
2026-07-12 21:00:00,21,74.84,3,60,0.0,6.0,25.8
2026-07-12 22:00:00,22,72.86,2,67,0.0,0.0,28.0
2026-07-12 23:00:00,23,71.42,1,72,0.0,0.0,29.400000000000002
2026-07-13 00:00:00,0,70.34,1,75,0.0,0.0,30.6
2026-07-13 01:00:00,1,69.44,1,79,0.0,0.0,32.2
2026-07-13 02:00:00,2,68.18,6,85,0.0,0.0,37.6
2026-07-13 03:00:00,3,67.82,9,86,0.0,0.0,39.8
2026-07-13 04:00:00,4,67.28,2,89,0.0,0.0,36.800000000000004
2026-07-13 05:00:00,5,66.92,1,90,0.0,0.0,36.6
2026-07-13 06:00:00,6,66.56,23,91,0.0,1.0,50.199999999999996
2026-07-13 07:00:00,7,68.54,5,86,0.0,74.0,37.4
2026-07-13 08:00:00,8,71.06,2,80,0.0,235.0,33.2
2026-07-13 09:00:00,9,74.66,66,68,0.0,422.0,66.80000000000001
2026-07-13 10:00:00,10,77.0,16,60,0.0,596.0,33.6
2026-07-13 11:00:00,11,79.34,14,54,0.0,751.0,30.0
2026-07-13 12:00:00,12,80.96,1,50,0.0,858.0,20.6
2026-07-13 13:00:00,13,82.4,2,48,0.0,919.0,20.400000000000002
2026-07-13 14:00:00,14,83.48,34,46,0.0,902.0,38.8
2026-07-13 15:00:00,15,83.84,16,45,0.1,733.0,27.6
2026-07-13 16:00:00,16,83.66,28,46,0.0,587.0,35.2
2026-07-13 17:00:00,17,82.58,13,49,0.0,540.0,27.400000000000002
2026-07-13 18:00:00,18,80.6,8,55,0.0,417.0,26.8
2026-07-13 19:00:00,19,79.52,4,56,0.0,208.0,24.8
2026-07-13 20:00:00,20,76.82,4,60,0.0,101.0,26.4
2026-07-13 21:00:00,21,74.84,1,61,0.0,6.0,25.000000000000004
2026-07-13 22:00:00,22,73.22,2,65,0.0,0.0,27.2
2026-07-13 23:00:00,23,71.78,2,66,0.0,0.0,27.6
2026-07-14 00:00:00,0,70.52,0,69,0.0,0.0,27.6
2026-07-14 01:00:00,1,69.98,0,73,0.0,0.0,29.200000000000003
2026-07-14 02:00:00,2,68.72,0,78,0.0,0.0,31.200000000000003
2026-07-14 03:00:00,3,68.36,0,78,0.0,0.0,31.200000000000003
2026-07-14 04:00:00,4,67.64,0,77,0.0,0.0,30.8
2026-07-14 05:00:00,5,67.28,2,77,0.0,0.0,32.0
2026-07-14 06:00:00,6,67.1,0,79,0.0,1.0,31.6
2026-07-14 07:00:00,7,68.72,3,80,0.0,72.0,33.8
2026-07-14 08:00:00,8,71.78,9,78,0.0,232.0,36.6
2026-07-14 09:00:00,9,75.92,17,71,0.0,415.0,38.6
2026-07-14 10:00:00,10,80.24000000000001,11,64,0.0,591.0,32.2
2026-07-14 11:00:00,11,84.02,14,56,0.0,742.0,30.800000000000004
2026-07-14 12:00:00,12,87.08000000000001,0,50,0.0,852.0,20.0
2026-07-14 13:00:00,13,89.41999999999999,0,47,0.0,916.0,18.8
2026-07-14 14:00:00,14,89.96000000000001,29,46,0.0,921.0,35.8
2026-07-14 15:00:00,15,91.03999999999999,2,44,0.0,872.0,18.8
2026-07-14 16:00:00,16,91.58000000000001,0,43,0.0,773.0,17.2
2026-07-14 17:00:00,17,91.22,12,45,0.0,630.0,25.2
2026-07-14 18:00:00,18,90.14,1,50,0.0,457.0,20.6
2026-07-14 19:00:00,19,87.61999999999999,0,56,0.0,273.0,22.400000000000002
2026-07-14 20:00:00,20,84.2,16,63,0.0,103.0,34.800000000000004
2026-07-14 21:00:00,21,82.22,0,67,0.0,6.0,26.8
2026-07-14 22:00:00,22,81.32,0,69,0.0,0.0,27.6
2026-07-14 23:00:00,23,80.6,0,69,0.0,0.0,27.6
2026-07-15 00:00:00,0,79.7,0,68,0.0,0.0,27.200000000000003
2026-07-15 01:00:00,1,78.98,0,68,0.0,0.0,27.200000000000003
2026-07-15 02:00:00,2,77.36,0,76,0.0,0.0,30.400000000000002
2026-07-15 03:00:00,3,76.64,0,78,0.0,0.0,31.200000000000003
2026-07-15 04:00:00,4,75.92,63,80,0.0,0.0,69.8
2026-07-15 05:00:00,5,75.38,22,82,0.0,0.0,46.0
2026-07-15 06:00:00,6,75.02,2,82,0.0,1.0,34.00000000000001
2026-07-15 07:00:00,7,76.46,54,78,0.0,72.0,63.6
2026-07-15 08:00:00,8,78.98,38,74,0.0,228.0,52.400000000000006
2026-07-15 09:00:00,9,83.12,38,65,0.0,419.0,48.8
2026-07-15 10:00:00,10,86.53999999999999,21,58,0.0,593.0,35.800000000000004
2026-07-15 11:00:00,11,89.78,12,54,0.0,746.0,28.8
2026-07-15 12:00:00,12,92.48,36,51,0.0,859.0,42.0
2026-07-15 13:00:00,13,94.82,74,48,0.0,913.0,63.6
2026-07-15 14:00:00,14,95.53999999999999,99,48,0.0,917.0,78.6
2026-07-15 15:00:00,15,95.9,95,48,0.0,826.0,76.2
2026-07-15 16:00:00,16,95.72,90,48,0.0,690.0,73.2
2026-07-15 17:00:00,17,95.53999999999999,88,46,0.0,558.0,71.2
2026-07-15 18:00:00,18,94.1,95,48,0.0,420.0,76.2
2026-07-15 19:00:00,19,92.48,95,55,0.0,193.0,79.0
2026-07-15 20:00:00,20,88.88000000000001,88,60,0.0,61.0,76.8
2026-07-15 21:00:00,21,84.74,0,71,0.0,5.0,28.400000000000002
2026-07-15 22:00:00,22,82.94,68,77,0.0,0.0,71.6
2026-07-15 23:00:00,23,81.5,86,77,0.0,0.0,82.4
2026-07-16 00:00:00,0,80.06,90,76,0.0,0.0,84.4
2026-07-16 01:00:00,1,78.8,83,78,0.0,0.0,81.0
2026-07-16 02:00:00,2,77.54,41,80,0.0,0.0,56.599999999999994
2026-07-16 03:00:00,3,77.72,88,79,0.0,0.0,84.4
2026-07-16 04:00:00,4,77.36,92,80,0.0,0.0,87.19999999999999
2026-07-16 05:00:00,5,76.82,60,82,0.0,0.0,68.80000000000001
2026-07-16 06:00:00,6,76.1,81,84,0.0,1.0,82.2
2026-07-16 07:00:00,7,77.36,94,79,0.0,62.0,88.0
2026-07-16 08:00:00,8,77.9,83,78,0.0,182.0,81.0
2026-07-16 09:00:00,9,81.14,30,67,0.0,359.0,44.8
2026-07-16 10:00:00,10,83.84,9,62,0.0,544.0,30.2
2026-07-16 11:00:00,11,86.18,23,62,0.0,702.0,38.6
2026-07-16 12:00:00,12,88.52,60,58,0.0,796.0,59.2
2026-07-16 13:00:00,13,90.32,45,54,0.2,822.0,48.6
2026-07-16 14:00:00,14,91.4,29,51,0.1,826.0,37.8
2026-07-16 15:00:00,15,93.02,26,46,0.0,803.0,34.0
2026-07-16 16:00:00,16,93.02,30,46,0.0,690.0,36.400000000000006
2026-07-16 17:00:00,17,92.48,16,48,0.0,559.0,28.800000000000004
2026-07-16 18:00:00,18,91.76,18,48,0.0,394.0,30.0
2026-07-16 19:00:00,19,89.41999999999999,34,56,0.0,221.0,42.8
2026-07-16 20:00:00,20,87.8,26,54,0.0,93.0,37.2
2026-07-16 21:00:00,21,85.28,7,59,0.0,5.0,27.8
2026-07-16 22:00:00,22,83.12,23,57,0.0,0.0,36.6
2026-07-16 23:00:00,23,80.6,19,58,0.0,0.0,34.6
2026-07-17 00:00:00,0,78.44,34,64,0.0,0.0,46.0
2026-07-17 01:00:00,1,77.0,8,65,0.0,0.0,30.8
2026-07-17 02:00:00,2,74.48,2,66,0.0,0.0,27.6
2026-07-17 03:00:00,3,73.58,45,65,0.0,0.0,53.0
2026-07-17 04:00:00,4,72.5,70,67,0.0,0.0,68.8
2026-07-17 05:00:00,5,71.42,41,70,0.0,0.0,52.599999999999994
2026-07-17 06:00:00,6,70.88,68,71,0.0,1.0,69.2
2026-07-17 07:00:00,7,72.14,48,69,0.0,68.0,56.4
2026-07-17 08:00:00,8,73.4,21,70,0.0,230.0,40.6
2026-07-17 09:00:00,9,77.18,58,61,0.0,420.0,59.2
2026-07-17 10:00:00,10,80.06,46,52,0.0,596.0,48.4
2026-07-17 11:00:00,11,82.58,36,46,0.0,759.0,40.0
2026-07-17 12:00:00,12,84.38000000000001,59,41,0.0,865.0,51.8
2026-07-17 13:00:00,13,86.0,56,38,0.0,929.0,48.800000000000004
2026-07-17 14:00:00,14,86.36,49,37,0.0,934.0,44.2
2026-07-17 15:00:00,15,87.26,63,35,0.0,888.0,51.8
2026-07-17 16:00:00,16,87.8,26,35,0.0,782.0,29.6
2026-07-17 17:00:00,17,87.98,59,36,0.0,644.0,49.8
2026-07-17 18:00:00,18,87.8,38,37,0.0,465.0,37.6
2026-07-17 19:00:00,19,87.26,47,37,0.0,274.0,43.0
2026-07-17 20:00:00,20,84.2,29,48,0.0,100.0,36.6
2026-07-17 21:00:00,21,81.86,5,57,0.0,5.0,25.8
2026-07-17 22:00:00,22,79.52,15,62,0.0,0.0,33.8
2026-07-17 23:00:00,23,77.54,88,66,0.0,0.0,79.2
2026-07-18 00:00:00,0,76.1,74,72,0.0,0.0,73.2
2026-07-18 01:00:00,1,75.2,63,75,0.0,0.0,67.8
2026-07-18 02:00:00,2,72.5,97,83,0.0,0.0,91.4
2026-07-18 03:00:00,3,71.78,94,84,0.0,0.0,90.0
2026-07-18 04:00:00,4,71.42,94,87,0.0,0.0,91.2
2026-07-18 05:00:00,5,71.6,100,83,0.0,0.0,93.2
2026-07-18 06:00:00,6,71.42,89,82,0.0,1.0,86.2
2026-07-18 07:00:00,7,72.68,98,79,0.0,60.0,90.4
2026-07-18 08:00:00,8,74.84,96,72,0.0,177.0,86.39999999999999
2026-07-18 09:00:00,9,77.18,98,70,0.1,320.0,86.8
2026-07-18 10:00:00,10,79.16,100,74,1.2,490.0,89.6
2026-07-18 11:00:00,11,74.66,100,90,2.6,118.0,96.0
2026-07-18 12:00:00,12,75.02,97,91,1.3,201.0,94.6
2026-07-18 13:00:00,13,77.54,100,83,0.1,326.0,93.2
2026-07-18 14:00:00,14,84.02,92,74,0.0,425.0,84.8
2026-07-18 15:00:00,15,77.9,100,91,7.4,454.0,96.4
2026-07-18 16:00:00,16,75.92,100,92,2.8,185.0,96.80000000000001
2026-07-18 17:00:00,17,74.12,100,98,2.0,96.0,99.2
2026-07-18 18:00:00,18,74.84,100,97,1.3,106.0,98.80000000000001
2026-07-18 19:00:00,19,77.54,74,94,0.1,102.0,82.0
2026-07-18 20:00:00,20,78.25999999999999,99,93,0.0,80.0,96.6
2026-07-18 21:00:00,21,76.64,99,90,0.3,3.0,95.4
2026-07-18 22:00:00,22,74.84,99,93,0.5,0.0,96.6
2026-07-18 23:00:00,23,73.58,100,96,1.9,0.0,98.4
2026-07-19 00:00:00,0,73.75999999999999,96,96,1.0,0.0,96.0
2026-07-19 01:00:00,1,73.75999999999999,90,96,0.1,0.0,92.4
2026-07-19 02:00:00,2,74.12,50,94,0.0,0.0,67.6
2026-07-19 03:00:00,3,73.04,51,93,0.0,0.0,67.8
2026-07-19 04:00:00,4,72.14,47,91,0.0,0.0,64.6
2026-07-19 05:00:00,5,71.42,46,90,0.0,0.0,63.599999999999994
2026-07-19 06:00:00,6,70.7,0,91,0.0,0.0,36.4
2026-07-19 07:00:00,7,71.42,0,89,0.0,65.0,35.6
2026-07-19 08:00:00,8,74.84,0,76,0.0,225.0,30.400000000000002
2026-07-19 09:00:00,9,76.28,0,69,0.0,413.0,27.6
2026-07-19 10:00:00,10,77.18,1,62,0.0,592.0,25.400000000000002
2026-07-19 11:00:00,11,78.08,2,57,0.0,749.0,24.0
2026-07-19 12:00:00,12,78.98,1,51,0.0,865.0,21.000000000000004
2026-07-19 13:00:00,13,79.7,1,46,0.0,933.0,19.000000000000004
2026-07-19 14:00:00,14,80.96,24,42,0.0,950.0,31.2
2026-07-19 15:00:00,15,81.14,12,42,0.0,899.0,24.0
2026-07-19 16:00:00,16,80.96,44,42,0.0,790.0,43.2
2026-07-19 17:00:00,17,80.42,20,44,0.0,648.0,29.6
2026-07-19 18:00:00,18,79.88,1,45,0.0,466.0,18.6
2026-07-19 19:00:00,19,79.16,4,47,0.0,277.0,21.2
2026-07-19 20:00:00,20,76.46,3,54,0.0,99.0,23.400000000000002
2026-07-19 21:00:00,21,75.56,4,53,0.0,5.0,23.6
2026-07-19 22:00:00,22,74.3,5,55,0.0,0.0,25.0
2026-07-19 23:00:00,23,73.04,10,57,0.0,0.0,28.8
2026-07-20 00:00:00,0,71.06,0,58,0.0,0.0,23.200000000000003
2026-07-20 01:00:00,1,69.8,0,58,0.0,0.0,23.200000000000003
2026-07-20 02:00:00,2,67.28,32,62,0.0,0.0,44.0
2026-07-20 03:00:00,3,66.38,2,64,0.0,0.0,26.8
2026-07-20 04:00:00,4,65.3,2,67,0.0,0.0,28.0
2026-07-20 05:00:00,5,64.04,1,69,0.0,0.0,28.200000000000003
2026-07-20 06:00:00,6,63.32,5,72,0.0,0.0,31.8
2026-07-20 07:00:00,7,64.22,9,69,0.0,66.0,33.0
2026-07-20 08:00:00,8,67.28,0,61,0.0,225.0,24.400000000000002
2026-07-20 09:00:00,9,72.32,0,43,0.0,427.0,17.2
2026-07-20 10:00:00,10,75.74000000000001,0,33,0.0,613.0,13.200000000000001
2026-07-20 11:00:00,11,79.16,0,28,0.0,770.0,11.200000000000001
2026-07-20 12:00:00,12,81.5,0,29,0.0,884.0,11.600000000000001
2026-07-20 13:00:00,13,83.48,0,28,0.0,949.0,11.200000000000001
2026-07-20 14:00:00,14,84.02,0,30,0.0,957.0,12.0
2026-07-20 15:00:00,15,84.91999999999999,0,30,0.0,904.0,12.0
2026-07-20 16:00:00,16,85.28,0,29,0.0,799.0,11.600000000000001
2026-07-20 17:00:00,17,84.91999999999999,0,28,0.0,648.0,11.200000000000001
2026-07-20 18:00:00,18,84.38000000000001,0,29,0.0,470.0,11.600000000000001
2026-07-20 19:00:00,19,83.84,6,32,0.0,277.0,16.4
2026-07-20 20:00:00,20,82.04,49,39,0.0,92.0,45.0
2026-07-20 21:00:00,21,78.8,52,48,0.0,4.0,50.400000000000006
2026-07-20 22:00:00,22,76.46,24,57,0.0,0.0,37.2
2026-07-20 23:00:00,23,75.2,67,68,0.0,0.0,67.4
2026-07-21 00:00:00,0,74.66,91,74,0.0,0.0,84.2
2026-07-21 01:00:00,1,74.48,98,75,0.0,0.0,88.8
2026-07-21 02:00:00,2,74.12,98,77,0.0,0.0,89.6
2026-07-21 03:00:00,3,74.12,99,76,0.0,0.0,89.8
2026-07-21 04:00:00,4,70.7,99,91,1.7,0.0,95.8
2026-07-21 05:00:00,5,69.98,95,95,1.2,0.0,95.0
2026-07-21 06:00:00,6,70.7,98,94,0.3,0.0,96.4
2026-07-21 07:00:00,7,71.24000000000001,99,95,0.1,22.0,97.4
2026-07-21 08:00:00,8,75.38,92,91,0.0,97.0,91.6
2026-07-21 09:00:00,9,79.34,77,79,0.3,343.0,77.8
2026-07-21 10:00:00,10,79.16,100,78,0.5,542.0,91.2
2026-07-21 11:00:00,11,77.72,99,81,0.6,332.0,91.8
2026-07-21 12:00:00,12,82.58,100,71,0.2,677.0,88.4
2026-07-21 13:00:00,13,81.5,100,73,0.3,359.0,89.2
2026-07-21 14:00:00,14,85.1,100,70,0.1,480.0,88.0
2026-07-21 15:00:00,15,78.44,98,85,2.1,430.0,92.8
2026-07-21 16:00:00,16,75.02,100,95,8.6,168.0,98.0
2026-07-21 17:00:00,17,74.66,98,94,1.5,132.0,96.4
2026-07-21 18:00:00,18,74.48,100,94,1.7,135.0,97.6
2026-07-21 19:00:00,19,74.12,100,96,1.4,22.0,98.4
2026-07-21 20:00:00,20,76.1,100,88,0.7,13.0,95.2
2026-07-21 21:00:00,21,74.48,100,91,0.9,1.0,96.4
2026-07-21 22:00:00,22,72.68,100,94,0.7,0.0,97.6
2026-07-21 23:00:00,23,73.75999999999999,100,94,0.1,0.0,97.6
2026-07-22 00:00:00,0,74.12,100,94,0.0,0.0,97.6
2026-07-22 01:00:00,1,73.75999999999999,100,94,0.0,0.0,97.6
2026-07-22 02:00:00,2,72.14,91,93,0.0,0.0,91.80000000000001
2026-07-22 03:00:00,3,71.96,95,93,0.0,0.0,94.2
2026-07-22 04:00:00,4,72.32,98,92,0.0,0.0,95.6
2026-07-22 05:00:00,5,72.32,98,90,0.0,0.0,94.8
2026-07-22 06:00:00,6,71.96,59,88,0.0,0.0,70.6
2026-07-22 07:00:00,7,72.32,2,87,0.0,49.0,36.00000000000001
2026-07-22 08:00:00,8,73.4,63,87,0.0,212.0,72.6
2026-07-22 09:00:00,9,75.2,7,84,0.2,270.0,37.800000000000004
2026-07-22 10:00:00,10,79.88,11,75,0.0,543.0,36.6
2026-07-22 11:00:00,11,83.12,16,58,0.0,706.0,32.800000000000004
2026-07-22 12:00:00,12,84.02,23,53,0.0,801.0,35.0
2026-07-22 13:00:00,13,84.02,28,51,0.2,822.0,37.2
2026-07-22 14:00:00,14,86.72,5,43,0.2,835.0,20.2
2026-07-22 15:00:00,15,86.72,34,45,0.0,828.0,38.4
2026-07-22 16:00:00,16,86.72,21,44,0.0,672.0,30.200000000000003
2026-07-22 17:00:00,17,86.18,16,45,0.0,580.0,27.6
2026-07-22 18:00:00,18,85.1,9,46,0.0,425.0,23.8
2026-07-22 19:00:00,19,83.3,16,49,0.0,250.0,29.200000000000003
2026-07-22 20:00:00,20,80.24000000000001,2,47,0.0,85.0,20.0
2026-07-22 21:00:00,21,79.16,21,44,0.0,3.0,30.200000000000003
2026-07-22 22:00:00,22,77.36,34,49,0.0,0.0,40.0
2026-07-22 23:00:00,23,75.02,99,50,0.0,0.0,79.4
2026-07-23 00:00:00,0,74.48,100,46,0.0,0.0,78.4
2026-07-23 01:00:00,1,73.75999999999999,90,47,0.0,0.0,72.8
2026-07-23 02:00:00,2,72.68,50,49,0.0,0.0,49.6
2026-07-23 03:00:00,3,70.7,7,52,0.0,0.0,25.0
2026-07-23 04:00:00,4,68.54,1,55,0.0,0.0,22.6
2026-07-23 05:00:00,5,66.74000000000001,0,59,0.0,0.0,23.6
2026-07-23 06:00:00,6,65.48,0,63,0.0,0.0,25.200000000000003
2026-07-23 07:00:00,7,65.84,0,61,0.0,62.0,24.400000000000002
2026-07-23 08:00:00,8,67.82,0,57,0.0,227.0,22.8
2026-07-23 09:00:00,9,71.06,0,47,0.0,423.0,18.8
2026-07-23 10:00:00,10,73.94,0,39,0.0,610.0,15.600000000000001
2026-07-23 11:00:00,11,76.28,0,34,0.0,770.0,13.600000000000001
2026-07-23 12:00:00,12,78.62,0,31,0.0,888.0,12.4
2026-07-23 13:00:00,13,80.78,0,28,0.0,953.0,11.200000000000001
2026-07-23 14:00:00,14,82.04,0,27,0.0,960.0,10.8
2026-07-23 15:00:00,15,82.94,0,26,0.0,905.0,10.4
2026-07-23 16:00:00,16,83.3,0,26,0.0,799.0,10.4
2026-07-23 17:00:00,17,83.12,0,27,0.0,649.0,10.8
2026-07-23 18:00:00,18,82.58,0,28,0.0,468.0,11.200000000000001
2026-07-23 19:00:00,19,81.14,0,31,0.0,274.0,12.4
2026-07-23 20:00:00,20,80.06,0,32,0.0,96.0,12.8
2026-07-23 21:00:00,21,77.18,8,40,0.0,3.0,20.8
2026-07-23 22:00:00,22,73.4,0,56,0.0,0.0,22.400000000000002
2026-07-23 23:00:00,23,71.24000000000001,0,62,0.0,0.0,24.8
2026-07-24 00:00:00,0,69.62,0,66,0.0,0.0,26.400000000000002
2026-07-24 01:00:00,1,68.9,0,67,0.0,0.0,26.8
2026-07-24 02:00:00,2,66.92,0,74,0.0,0.0,29.6
2026-07-24 03:00:00,3,66.02,0,75,0.0,0.0,30.0
2026-07-24 04:00:00,4,65.3,0,78,0.0,0.0,31.200000000000003
2026-07-24 05:00:00,5,64.94,0,79,0.0,0.0,31.6
2026-07-24 06:00:00,6,64.58,0,82,0.0,0.0,32.800000000000004
2026-07-24 07:00:00,7,65.84,0,80,0.0,60.0,32.0
2026-07-24 08:00:00,8,68.36,0,68,0.0,226.0,27.200000000000003
2026-07-24 09:00:00,9,71.6,0,59,0.0,419.0,23.6
2026-07-24 10:00:00,10,74.84,0,50,0.0,604.0,20.0
2026-07-24 11:00:00,11,77.36,5,44,0.0,762.0,20.6
2026-07-24 12:00:00,12,78.98,22,41,0.0,877.0,29.6
2026-07-24 13:00:00,13,80.24000000000001,3,40,0.0,936.0,17.8
2026-07-24 14:00:00,14,80.78,88,42,0.0,941.0,69.6
2026-07-24 15:00:00,15,82.22,73,40,0.0,844.0,59.8
2026-07-24 16:00:00,16,82.58,100,37,0.0,668.0,74.8
2026-07-24 17:00:00,17,82.4,100,38,0.0,448.0,75.2
2026-07-24 18:00:00,18,81.5,100,39,0.0,333.0,75.6
2026-07-24 19:00:00,19,78.62,100,44,0.0,178.0,77.6
2026-07-24 20:00:00,20,75.92,100,49,0.0,71.0,79.6
2026-07-24 21:00:00,21,73.58,100,55,0.0,2.0,82.0
2026-07-24 22:00:00,22,71.6,100,61,0.0,0.0,84.4
2026-07-24 23:00:00,23,69.8,100,68,0.0,0.0,87.2
2026-07-25 00:00:00,0,68.9,95,73,0.0,0.0,86.2
2026-07-25 01:00:00,1,67.82,100,77,0.0,0.0,90.8
2026-07-25 02:00:00,2,66.38,100,81,0.0,0.0,92.4
2026-07-25 03:00:00,3,66.74000000000001,98,78,0.0,0.0,90.0
2026-07-25 04:00:00,4,66.02,100,81,0.0,0.0,92.4
2026-07-25 05:00:00,5,65.48,7,82,0.0,0.0,37.00000000000001
2026-07-25 06:00:00,6,64.4,3,83,0.0,0.0,35.0
2026-07-25 07:00:00,7,65.3,1,80,0.0,58.0,32.6
2026-07-25 08:00:00,8,67.82,0,76,0.0,222.0,30.400000000000002
2026-07-25 09:00:00,9,71.06,0,66,0.0,414.0,26.400000000000002
2026-07-25 10:00:00,10,73.22,0,59,0.0,599.0,23.6
2026-07-25 11:00:00,11,75.74000000000001,0,53,0.0,760.0,21.200000000000003
2026-07-25 12:00:00,12,77.9,0,49,0.0,870.0,19.6
2026-07-25 13:00:00,13,79.7,0,46,0.0,929.0,18.400000000000002
2026-07-25 14:00:00,14,80.78,0,42,0.0,934.0,16.8
2026-07-25 15:00:00,15,81.68,13,39,0.0,883.0,23.400000000000002
2026-07-25 16:00:00,16,81.68,45,37,0.0,737.0,41.8
2026-07-25 17:00:00,17,80.96,19,37,0.0,576.0,26.200000000000003
2026-07-25 18:00:00,18,79.7,1,38,0.0,431.0,15.8
2026-07-25 19:00:00,19,77.9,0,42,0.0,262.0,16.8
2026-07-25 20:00:00,20,75.02,0,47,0.0,90.0,18.8
2026-07-25 21:00:00,21,72.5,0,54,0.0,3.0,21.6
2026-07-25 22:00:00,22,70.52,7,60,0.0,0.0,28.2
2026-07-25 23:00:00,23,68.54,31,66,0.0,0.0,45.0
2026-07-26 00:00:00,0,66.92,31,72,0.0,0.0,47.4
2026-07-26 01:00:00,1,66.74000000000001,2,72,0.0,0.0,30.0
2026-07-26 02:00:00,2,64.58,2,78,0.0,0.0,32.400000000000006
2026-07-26 03:00:00,3,64.4,1,78,0.0,0.0,31.800000000000004
2026-07-26 04:00:00,4,64.04,3,79,0.0,0.0,33.4
2026-07-26 05:00:00,5,63.68,13,82,0.0,0.0,40.6
2026-07-26 06:00:00,6,63.5,9,83,0.0,0.0,38.6
2026-07-26 07:00:00,7,64.94,7,80,0.0,53.0,36.2
2026-07-26 08:00:00,8,67.82,5,72,0.0,211.0,31.8
2026-07-26 09:00:00,9,71.24000000000001,1,61,0.0,394.0,25.000000000000004
2026-07-26 10:00:00,10,74.48,2,52,0.0,580.0,22.0
2026-07-26 11:00:00,11,77.54,2,47,0.0,737.0,20.0
2026-07-26 12:00:00,12,79.88,23,42,0.0,846.0,30.6
2026-07-26 13:00:00,13,81.68,23,39,0.0,892.0,29.4
2026-07-26 14:00:00,14,82.04,9,39,0.0,913.0,21.0
2026-07-26 15:00:00,15,82.58,66,39,0.0,855.0,55.2
2026-07-26 16:00:00,16,81.68,88,41,0.0,636.0,69.2
2026-07-26 17:00:00,17,80.78,46,43,0.0,475.0,44.8
2026-07-26 18:00:00,18,80.6,35,45,0.0,326.0,39.0
2026-07-26 19:00:00,19,79.88,41,47,0.0,173.0,43.4
2026-07-26 20:00:00,20,79.88,23,43,0.0,59.0,31.0
2026-07-26 21:00:00,21,78.8,20,47,0.0,2.0,30.8
2026-07-26 22:00:00,22,76.64,34,54,0.0,0.0,42.0
2026-07-26 23:00:00,23,74.48,10,62,0.0,0.0,30.8
2026-07-27 00:00:00,0,72.68,25,71,0.0,0.0,43.400000000000006
2026-07-27 01:00:00,1,71.6,2,76,0.0,0.0,31.6
2026-07-27 02:00:00,2,71.24000000000001,20,81,0.0,0.0,44.4
2026-07-27 03:00:00,3,70.52,19,82,0.0,0.0,44.2
2026-07-27 04:00:00,4,69.98,11,86,0.0,0.0,41.0
2026-07-27 05:00:00,5,69.44,30,90,0.0,0.0,54.0
2026-07-27 06:00:00,6,68.9,5,93,0.0,0.0,40.2
2026-07-27 07:00:00,7,69.8,9,90,0.0,49.0,41.4
2026-07-27 08:00:00,8,72.14,9,84,0.0,202.0,39.0
2026-07-27 09:00:00,9,75.2,34,76,0.0,371.0,50.8
2026-07-27 10:00:00,10,78.25999999999999,13,68,0.0,523.0,35.0
2026-07-27 11:00:00,11,80.42,8,62,0.0,665.0,29.6
2026-07-27 12:00:00,12,82.75999999999999,20,56,0.1,820.0,34.400000000000006
2026-07-27 13:00:00,13,85.28,100,50,0.0,853.0,80.0
2026-07-27 14:00:00,14,81.86,89,57,0.1,470.0,76.2
2026-07-27 15:00:00,15,80.24000000000001,93,59,0.4,527.0,79.4
2026-07-27 16:00:00,16,81.68,48,58,0.0,627.0,52.0
2026-07-27 17:00:00,17,81.68,47,59,0.0,595.0,51.8
2026-07-27 18:00:00,18,81.32,34,57,0.1,380.0,43.2
2026-07-27 19:00:00,19,80.96,41,59,0.0,206.0,48.2
2026-07-27 20:00:00,20,73.04,30,93,0.0,70.0,55.2
2026-07-27 21:00:00,21,73.58,12,93,0.1,2.0,44.400000000000006
2026-07-27 22:00:00,22,73.22,11,90,0.0,0.0,42.6
2026-07-27 23:00:00,23,72.5,63,89,0.0,0.0,73.4
